Transaction_ID,Date,Hour,Is_Weekend,Outlet_Code,Outlet_Name,City,Region,Product_ID,Product_Name,Category,ABC_Classification,Unit_Price_INR,Unit_Cost_INR,Quantity,Gross_Revenue_INR,Discount_Pct,Discount_Override_Code,Net_Revenue_INR,Gross_Profit_INR,Margin_Pct,Payment_Method,Customer_Rating,Customer_Segment,Store_Footfall_Day
TXN-IN-10001,2026-08-29,13,1,BLR-017,Bengaluru – JP Nagar (Outlet 17),Bengaluru,South,SKU-BEV-001,Artisanal Cold Brew (350ml),Specialty Beverages,A,240,65,2,480,25.0,OVERRIDE_MGR_01,360.0,230.0,63.89,UPI (GooglePay/PhonePe),2,Champion,1945
TXN-IN-10002,2026-07-22,17,0,BLR-001,Bengaluru – Indiranagar 100ft,Bengaluru,South,SKU-BEV-002,Monsoon Cinnamon Latte,Specialty Beverages,A,280,80,1,280,5.0,CAMPAIGN_CODE_PROMO,266.0,186.0,69.92,Cash,5,Loyal Customer,1141
TXN-IN-10003,2026-07-20,12,0,BLR-002,Bengaluru – Koramangala 5th Block,Bengaluru,South,SKU-DES-007,Classic Tiramisu Cup,Desserts,B,260,85,1,260,0.0,NONE,260.0,175.0,67.31,Credit Card,5,Loyal Customer,1291
TXN-IN-10004,2026-08-11,17,0,MUM-002,Mumbai – Lower Parel High Street,Mumbai,West,SKU-BEV-001,Artisanal Cold Brew (350ml),Specialty Beverages,A,240,65,2,480,0.0,NONE,480.0,350.0,72.92,Debit Card,5,Loyal Customer,1060
TXN-IN-10005,2026-08-28,9,0,DEL-001,Delhi – Connaught Place Inner Circle,Delhi,North,SKU-BAKE-004,Butter Flaky Croissant,Artisanal Bakery,B,180,55,2,360,0.0,NONE,360.0,250.0,69.44,Credit Card,1,At Risk,1445
TXN-IN-10006,2026-08-13,14,0,MUM-002,Mumbai – Lower Parel High Street,Mumbai,West,SKU-PKG-008,Eco-Kraft Branded Cup (Carton),Packaging,C,950,620,2,1900,0.0,NONE,1900.0,660.0,34.74,UPI (GooglePay/PhonePe),4,Potential Loyalist,1074
TXN-IN-10007,2026-08-30,13,1,BLR-017,Bengaluru – JP Nagar (Outlet 17),Bengaluru,South,SKU-BEV-003,Nitro Cold Brew Infusion,Specialty Beverages,A,310,90,1,310,0.0,NONE,310.0,220.0,70.97,Cash,5,Loyal Customer,2033
TXN-IN-10008,2026-07-23,15,0,MUM-001,Mumbai – Bandra West Linking Rd,Mumbai,West,SKU-BEV-001,Artisanal Cold Brew (350ml),Specialty Beverages,A,240,65,2,480,15.0,CAMPAIGN_CODE_PROMO,408.0,278.0,68.14,Credit Card,5,Loyal Customer,1734
TXN-IN-10009,2026-08-18,19,0,BLR-002,Bengaluru – Koramangala 5th Block,Bengaluru,South,SKU-SNK-005,Truffle Cheese Mushroom Panini,Gourmet Food,A,340,120,1,340,0.0,NONE,340.0,220.0,64.71,Cash,5,Loyal Customer,1292
TXN-IN-10010,2026-08-03,9,0,BLR-002,Bengaluru – Koramangala 5th Block,Bengaluru,South,SKU-PKG-008,Eco-Kraft Branded Cup (Carton),Packaging,C,950,620,1,950,15.0,CAMPAIGN_CODE_PROMO,807.5,187.5,23.22,UPI (GooglePay/PhonePe),4,Loyal Customer,1216
TXN-IN-10011,2026-08-13,21,0,DEL-002,Delhi – Cyber Hub Gurugram,Delhi NCR,North,SKU-PKG-008,Eco-Kraft Branded Cup (Carton),Packaging,C,950,620,1,950,0.0,NONE,950.0,330.0,34.74,UPI (GooglePay/PhonePe),4,Champion,1157
TXN-IN-10012,2026-08-06,12,0,DEL-001,Delhi – Connaught Place Inner Circle,Delhi,North,SKU-BEV-002,Monsoon Cinnamon Latte,Specialty Beverages,A,280,80,1,280,15.0,CAMPAIGN_CODE_PROMO,238.0,158.0,66.39,Credit Card,1,Potential Loyalist,1549
TXN-IN-10013,2026-07-26,19,1,MUM-002,Mumbai – Lower Parel High Street,Mumbai,West,SKU-BAKE-004,Butter Flaky Croissant,Artisanal Bakery,B,180,55,1,180,0.0,NONE,180.0,125.0,69.44,Cash,3,Loyal Customer,1368
TXN-IN-10014,2026-07-21,20,0,BLR-017,Bengaluru – JP Nagar (Outlet 17),Bengaluru,South,SKU-SNK-006,Smoked Paneer Tikka Sourdough,Gourmet Food,B,310,105,3,930,25.0,OVERRIDE_MGR_01,697.5,382.5,54.84,UPI (GooglePay/PhonePe),3,Champion,1527
TXN-IN-10015,2026-08-20,16,0,BLR-017,Bengaluru – JP Nagar (Outlet 17),Bengaluru,South,SKU-BEV-003,Nitro Cold Brew Infusion,Specialty Beverages,A,310,90,1,310,0.0,NONE,310.0,220.0,70.97,Cash,5,Champion,1478
TXN-IN-10016,2026-09-02,18,0,MUM-001,Mumbai – Bandra West Linking Rd,Mumbai,West,SKU-SNK-005,Truffle Cheese Mushroom Panini,Gourmet Food,A,340,120,1,340,0.0,NONE,340.0,220.0,64.71,Cash,5,Champion,1586
TXN-IN-10017,2026-08-10,8,0,BLR-001,Bengaluru – Indiranagar 100ft,Bengaluru,South,SKU-BAKE-004,Butter Flaky Croissant,Artisanal Bakery,B,180,55,2,360,0.0,NONE,360.0,250.0,69.44,UPI (GooglePay/PhonePe),5,At Risk,1154
TXN-IN-10018,2026-07-24,16,0,CHN-001,Chennai – Anna Nagar 2nd Avenue,Chennai,South,SKU-BAKE-004,Butter Flaky Croissant,Artisanal Bakery,B,180,55,1,180,0.0,NONE,180.0,125.0,69.44,Cash,5,Champion,961
TXN-IN-10019,2026-08-15,15,1,MUM-001,Mumbai – Bandra West Linking Rd,Mumbai,West,SKU-BEV-002,Monsoon Cinnamon Latte,Specialty Beverages,A,280,80,1,280,0.0,NONE,280.0,200.0,71.43,Debit Card,3,Champion,2314
TXN-IN-10020,2026-08-30,14,1,BLR-017,Bengaluru – JP Nagar (Outlet 17),Bengaluru,South,SKU-BEV-001,Artisanal Cold Brew (350ml),Specialty Beverages,A,240,65,1,240,0.0,NONE,240.0,175.0,72.92,UPI (GooglePay/PhonePe),5,Champion,1883
TXN-IN-10021,2026-08-06,10,0,HYD-001,Hyderabad – Hitec City Cyber Towers,Hyderabad,South,SKU-BAKE-004,Butter Flaky Croissant,Artisanal Bakery,B,180,55,3,540,0.0,NONE,540.0,375.0,69.44,Cash,5,Potential Loyalist,1448
TXN-IN-10022,2026-07-20,16,0,BLR-017,Bengaluru – JP Nagar (Outlet 17),Bengaluru,South,SKU-BAKE-004,Butter Flaky Croissant,Artisanal Bakery,B,180,55,1,180,25.0,OVERRIDE_MGR_01,135.0,80.0,59.26,Debit Card,5,Champion,1439
TXN-IN-10023,2026-08-05,21,0,HYD-001,Hyderabad – Hitec City Cyber Towers,Hyderabad,South,SKU-SNK-005,Truffle Cheese Mushroom Panini,Gourmet Food,A,340,120,1,340,0.0,NONE,340.0,220.0,64.71,Cash,4,Loyal Customer,1358
TXN-IN-10024,2026-08-07,17,0,MUM-001,Mumbai – Bandra West Linking Rd,Mumbai,West,SKU-BEV-001,Artisanal Cold Brew (350ml),Specialty Beverages,A,240,65,2,480,0.0,NONE,480.0,350.0,72.92,UPI (GooglePay/PhonePe),5,Loyal Customer,1705
TXN-IN-10025,2026-07-30,10,0,BLR-001,Bengaluru – Indiranagar 100ft,Bengaluru,South,SKU-BEV-002,Monsoon Cinnamon Latte,Specialty Beverages,A,280,80,3,840,5.0,CAMPAIGN_CODE_PROMO,798.0,558.0,69.92,Debit Card,5,At Risk,1133
TXN-IN-10026,2026-08-26,18,0,BLR-001,Bengaluru – Indiranagar 100ft,Bengaluru,South,SKU-BEV-002,Monsoon Cinnamon Latte,Specialty Beverages,A,280,80,1,280,0.0,NONE,280.0,200.0,71.43,Credit Card,5,Potential Loyalist,1131
TXN-IN-10027,2026-08-05,13,0,DEL-002,Delhi – Cyber Hub Gurugram,Delhi NCR,North,SKU-BEV-003,Nitro Cold Brew Infusion,Specialty Beverages,A,310,90,2,620,0.0,NONE,620.0,440.0,70.97,UPI (GooglePay/PhonePe),5,Potential Loyalist,1164
TXN-IN-10028,2026-07-26,11,1,BLR-017,Bengaluru – JP Nagar (Outlet 17),Bengaluru,South,SKU-BAKE-004,Butter Flaky Croissant,Artisanal Bakery,B,180,55,1,180,25.0,OVERRIDE_MGR_01,135.0,80.0,59.26,UPI (GooglePay/PhonePe),4,Champion,1976
TXN-IN-10029,2026-09-03,17,0,MUM-002,Mumbai – Lower Parel High Street,Mumbai,West,SKU-BEV-001,Artisanal Cold Brew (350ml),Specialty Beverages,A,240,65,2,480,0.0,NONE,480.0,350.0,72.92,UPI (GooglePay/PhonePe),2,Champion,929
TXN-IN-10030,2026-07-26,18,1,CHN-001,Chennai – Anna Nagar 2nd Avenue,Chennai,South,SKU-BEV-003,Nitro Cold Brew Infusion,Specialty Beverages,A,310,90,1,310,0.0,NONE,310.0,220.0,70.97,UPI (GooglePay/PhonePe),4,At Risk,1291
TXN-IN-10031,2026-08-20,15,0,MUM-002,Mumbai – Lower Parel High Street,Mumbai,West,SKU-BEV-001,Artisanal Cold Brew (350ml),Specialty Beverages,A,240,65,1,240,0.0,NONE,240.0,175.0,72.92,UPI (GooglePay/PhonePe),5,Champion,967
TXN-IN-10032,2026-07-30,11,0,HYD-001,Hyderabad – Hitec City Cyber Towers,Hyderabad,South,SKU-DES-007,Classic Tiramisu Cup,Desserts,B,260,85,2,520,0.0,NONE,520.0,350.0,67.31,UPI (GooglePay/PhonePe),5,At Risk,1459
TXN-IN-10033,2026-08-24,13,0,BLR-002,Bengaluru – Koramangala 5th Block,Bengaluru,South,SKU-DES-007,Classic Tiramisu Cup,Desserts,B,260,85,1,260,0.0,NONE,260.0,175.0,67.31,UPI (GooglePay/PhonePe),3,Champion,1263
TXN-IN-10034,2026-08-31,20,0,BLR-017,Bengaluru – JP Nagar (Outlet 17),Bengaluru,South,SKU-SNK-006,Smoked Paneer Tikka Sourdough,Gourmet Food,B,310,105,2,620,25.0,OVERRIDE_MGR_01,465.0,255.0,54.84,Cash,1,Champion,1381
TXN-IN-10035,2026-07-31,21,0,DEL-002,Delhi – Cyber Hub Gurugram,Delhi NCR,North,SKU-BEV-001,Artisanal Cold Brew (350ml),Specialty Beverages,A,240,65,1,240,0.0,NONE,240.0,175.0,72.92,Debit Card,4,At Risk,1083
TXN-IN-10036,2026-08-06,9,0,BLR-002,Bengaluru – Koramangala 5th Block,Bengaluru,South,SKU-BEV-002,Monsoon Cinnamon Latte,Specialty Beverages,A,280,80,1,280,0.0,NONE,280.0,200.0,71.43,UPI (GooglePay/PhonePe),4,Loyal Customer,1278
TXN-IN-10037,2026-08-03,15,0,MUM-001,Mumbai – Bandra West Linking Rd,Mumbai,West,SKU-BEV-001,Artisanal Cold Brew (350ml),Specialty Beverages,A,240,65,2,480,0.0,NONE,480.0,350.0,72.92,UPI (GooglePay/PhonePe),2,Loyal Customer,1734
TXN-IN-10038,2026-08-21,11,0,DEL-002,Delhi – Cyber Hub Gurugram,Delhi NCR,North,SKU-SNK-006,Smoked Paneer Tikka Sourdough,Gourmet Food,B,310,105,3,930,0.0,NONE,930.0,615.0,66.13,UPI (GooglePay/PhonePe),5,Hibernating,1029
TXN-IN-10039,2026-07-26,13,1,DEL-002,Delhi – Cyber Hub Gurugram,Delhi NCR,North,SKU-SNK-006,Smoked Paneer Tikka Sourdough,Gourmet Food,B,310,105,2,620,0.0,NONE,620.0,410.0,66.13,Cash,5,At Risk,1453
TXN-IN-10040,2026-08-05,21,0,BLR-001,Bengaluru – Indiranagar 100ft,Bengaluru,South,SKU-DES-007,Classic Tiramisu Cup,Desserts,B,260,85,1,260,0.0,NONE,260.0,175.0,67.31,UPI (GooglePay/PhonePe),5,Champion,1240
TXN-IN-10041,2026-08-10,13,0,DEL-001,Delhi – Connaught Place Inner Circle,Delhi,North,SKU-BEV-002,Monsoon Cinnamon Latte,Specialty Beverages,A,280,80,2,560,0.0,NONE,560.0,400.0,71.43,Debit Card,5,Potential Loyalist,1561
TXN-IN-10042,2026-07-28,14,0,MUM-001,Mumbai – Bandra West Linking Rd,Mumbai,West,SKU-DES-007,Classic Tiramisu Cup,Desserts,B,260,85,2,520,0.0,NONE,520.0,350.0,67.31,UPI (GooglePay/PhonePe),4,Loyal Customer,1710
TXN-IN-10043,2026-07-20,19,0,MUM-002,Mumbai – Lower Parel High Street,Mumbai,West,SKU-SNK-005,Truffle Cheese Mushroom Panini,Gourmet Food,A,340,120,1,340,0.0,NONE,340.0,220.0,64.71,Credit Card,5,Loyal Customer,954
TXN-IN-10044,2026-08-21,13,0,HYD-001,Hyderabad – Hitec City Cyber Towers,Hyderabad,South,SKU-BEV-003,Nitro Cold Brew Infusion,Specialty Beverages,A,310,90,2,620,0.0,NONE,620.0,440.0,70.97,Cash,5,At Risk,1502
TXN-IN-10045,2026-08-04,12,0,MUM-002,Mumbai – Lower Parel High Street,Mumbai,West,SKU-BAKE-004,Butter Flaky Croissant,Artisanal Bakery,B,180,55,2,360,10.0,CAMPAIGN_CODE_PROMO,324.0,214.0,66.05,Cash,4,Champion,1006
TXN-IN-10046,2026-08-29,13,1,MUM-001,Mumbai – Bandra West Linking Rd,Mumbai,West,SKU-DES-007,Classic Tiramisu Cup,Desserts,B,260,85,1,260,0.0,NONE,260.0,175.0,67.31,UPI (GooglePay/PhonePe),3,At Risk,2174
TXN-IN-10047,2026-08-16,19,1,MUM-001,Mumbai – Bandra West Linking Rd,Mumbai,West,SKU-BEV-003,Nitro Cold Brew Infusion,Specialty Beverages,A,310,90,2,620,0.0,NONE,620.0,440.0,70.97,Cash,5,At Risk,2263
TXN-IN-10048,2026-07-28,20,0,HYD-001,Hyderabad – Hitec City Cyber Towers,Hyderabad,South,SKU-SNK-006,Smoked Paneer Tikka Sourdough,Gourmet Food,B,310,105,4,1240,0.0,NONE,1240.0,820.0,66.13,Cash,5,At Risk,1424
TXN-IN-10049,2026-07-30,13,0,HYD-001,Hyderabad – Hitec City Cyber Towers,Hyderabad,South,SKU-PKG-008,Eco-Kraft Branded Cup (Carton),Packaging,C,950,620,1,950,0.0,NONE,950.0,330.0,34.74,Cash,5,Champion,1422
TXN-IN-10050,2026-07-24,13,0,MUM-002,Mumbai – Lower Parel High Street,Mumbai,West,SKU-BAKE-004,Butter Flaky Croissant,Artisanal Bakery,B,180,55,1,180,0.0,NONE,180.0,125.0,69.44,UPI (GooglePay/PhonePe),5,Loyal Customer,939
TXN-IN-10051,2026-09-03,14,0,MUM-001,Mumbai – Bandra West Linking Rd,Mumbai,West,SKU-BEV-002,Monsoon Cinnamon Latte,Specialty Beverages,A,280,80,1,280,0.0,NONE,280.0,200.0,71.43,UPI (GooglePay/PhonePe),5,Loyal Customer,1767
TXN-IN-10052,2026-08-26,21,0,BLR-001,Bengaluru – Indiranagar 100ft,Bengaluru,South,SKU-DES-007,Classic Tiramisu Cup,Desserts,B,260,85,1,260,0.0,NONE,260.0,175.0,67.31,Debit Card,3,Hibernating,1177
TXN-IN-10053,2026-08-23,13,1,CHN-001,Chennai – Anna Nagar 2nd Avenue,Chennai,South,SKU-BAKE-004,Butter Flaky Croissant,Artisanal Bakery,B,180,55,1,180,0.0,NONE,180.0,125.0,69.44,Debit Card,5,Potential Loyalist,1265
TXN-IN-10054,2026-07-30,17,0,HYD-001,Hyderabad – Hitec City Cyber Towers,Hyderabad,South,SKU-BEV-003,Nitro Cold Brew Infusion,Specialty Beverages,A,310,90,4,1240,0.0,NONE,1240.0,880.0,70.97,Cash,5,Champion,1474
TXN-IN-10055,2026-08-16,13,1,BLR-002,Bengaluru – Koramangala 5th Block,Bengaluru,South,SKU-PKG-008,Eco-Kraft Branded Cup (Carton),Packaging,C,950,620,1,950,0.0,NONE,950.0,330.0,34.74,Debit Card,5,Potential Loyalist,1745
TXN-IN-10056,2026-08-06,16,0,DEL-002,Delhi – Cyber Hub Gurugram,Delhi NCR,North,SKU-SNK-005,Truffle Cheese Mushroom Panini,Gourmet Food,A,340,120,2,680,0.0,NONE,680.0,440.0,64.71,UPI (GooglePay/PhonePe),1,Loyal Customer,1186
TXN-IN-10057,2026-07-24,12,0,BLR-001,Bengaluru – Indiranagar 100ft,Bengaluru,South,SKU-BEV-001,Artisanal Cold Brew (350ml),Specialty Beverages,A,240,65,3,720,5.0,CAMPAIGN_CODE_PROMO,684.0,489.0,71.49,UPI (GooglePay/PhonePe),5,Potential Loyalist,1214
TXN-IN-10058,2026-08-02,12,1,HYD-001,Hyderabad – Hitec City Cyber Towers,Hyderabad,South,SKU-SNK-005,Truffle Cheese Mushroom Panini,Gourmet Food,A,340,120,2,680,0.0,NONE,680.0,440.0,64.71,UPI (GooglePay/PhonePe),4,Champion,1875
TXN-IN-10059,2026-07-26,21,1,BLR-001,Bengaluru – Indiranagar 100ft,Bengaluru,South,SKU-SNK-005,Truffle Cheese Mushroom Panini,Gourmet Food,A,340,120,2,680,0.0,NONE,680.0,440.0,64.71,UPI (GooglePay/PhonePe),5,Potential Loyalist,1632
TXN-IN-10060,2026-08-04,18,0,BLR-017,Bengaluru – JP Nagar (Outlet 17),Bengaluru,South,SKU-SNK-005,Truffle Cheese Mushroom Panini,Gourmet Food,A,340,120,3,1020,25.0,OVERRIDE_MGR_01,765.0,405.0,52.94,Cash,4,Loyal Customer,1434
TXN-IN-10061,2026-07-24,15,0,CHN-001,Chennai – Anna Nagar 2nd Avenue,Chennai,South,SKU-SNK-006,Smoked Paneer Tikka Sourdough,Gourmet Food,B,310,105,1,310,0.0,NONE,310.0,205.0,66.13,Debit Card,2,Potential Loyalist,957
TXN-IN-10062,2026-09-03,17,0,BLR-002,Bengaluru – Koramangala 5th Block,Bengaluru,South,SKU-DES-007,Classic Tiramisu Cup,Desserts,B,260,85,1,260,0.0,NONE,260.0,175.0,67.31,Cash,4,Loyal Customer,1323
TXN-IN-10063,2026-08-18,13,0,DEL-002,Delhi – Cyber Hub Gurugram,Delhi NCR,North,SKU-SNK-005,Truffle Cheese Mushroom Panini,Gourmet Food,A,340,120,1,340,0.0,NONE,340.0,220.0,64.71,Credit Card,3,Champion,1138
TXN-IN-10064,2026-08-25,20,0,DEL-002,Delhi – Cyber Hub Gurugram,Delhi NCR,North,SKU-SNK-006,Smoked Paneer Tikka Sourdough,Gourmet Food,B,310,105,1,310,0.0,NONE,310.0,205.0,66.13,UPI (GooglePay/PhonePe),5,Loyal Customer,1091
TXN-IN-10065,2026-08-27,12,0,MUM-002,Mumbai – Lower Parel High Street,Mumbai,West,SKU-BEV-001,Artisanal Cold Brew (350ml),Specialty Beverages,A,240,65,1,240,0.0,NONE,240.0,175.0,72.92,Debit Card,5,Potential Loyalist,1076
TXN-IN-10066,2026-08-19,11,0,HYD-001,Hyderabad – Hitec City Cyber Towers,Hyderabad,South,SKU-PKG-008,Eco-Kraft Branded Cup (Carton),Packaging,C,950,620,2,1900,0.0,NONE,1900.0,660.0,34.74,UPI (GooglePay/PhonePe),5,Loyal Customer,1431
TXN-IN-10067,2026-08-24,19,0,CHN-001,Chennai – Anna Nagar 2nd Avenue,Chennai,South,SKU-SNK-006,Smoked Paneer Tikka Sourdough,Gourmet Food,B,310,105,1,310,0.0,NONE,310.0,205.0,66.13,Debit Card,5,Loyal Customer,870
TXN-IN-10068,2026-08-01,21,1,DEL-001,Delhi – Connaught Place Inner Circle,Delhi,North,SKU-BEV-002,Monsoon Cinnamon Latte,Specialty Beverages,A,280,80,2,560,0.0,NONE,560.0,400.0,71.43,UPI (GooglePay/PhonePe),5,Loyal Customer,2130
TXN-IN-10069,2026-08-26,20,0,CHN-001,Chennai – Anna Nagar 2nd Avenue,Chennai,South,SKU-SNK-005,Truffle Cheese Mushroom Panini,Gourmet Food,A,340,120,4,1360,0.0,NONE,1360.0,880.0,64.71,Credit Card,5,Champion,976
TXN-IN-10070,2026-07-28,17,0,MUM-002,Mumbai – Lower Parel High Street,Mumbai,West,SKU-BEV-001,Artisanal Cold Brew (350ml),Specialty Beverages,A,240,65,4,960,0.0,NONE,960.0,700.0,72.92,UPI (GooglePay/PhonePe),4,Potential Loyalist,926
TXN-IN-10071,2026-07-20,14,0,MUM-002,Mumbai – Lower Parel High Street,Mumbai,West,SKU-PKG-008,Eco-Kraft Branded Cup (Carton),Packaging,C,950,620,1,950,0.0,NONE,950.0,330.0,34.74,Credit Card,2,Loyal Customer,916
TXN-IN-10072,2026-08-14,19,0,HYD-001,Hyderabad – Hitec City Cyber Towers,Hyderabad,South,SKU-BEV-002,Monsoon Cinnamon Latte,Specialty Beverages,A,280,80,2,560,0.0,NONE,560.0,400.0,71.43,Cash,2,Champion,1373
TXN-IN-10073,2026-07-27,19,0,CHN-001,Chennai – Anna Nagar 2nd Avenue,Chennai,South,SKU-DES-007,Classic Tiramisu Cup,Desserts,B,260,85,2,520,0.0,NONE,520.0,350.0,67.31,Cash,5,At Risk,916
TXN-IN-10074,2026-08-26,10,0,DEL-002,Delhi – Cyber Hub Gurugram,Delhi NCR,North,SKU-SNK-005,Truffle Cheese Mushroom Panini,Gourmet Food,A,340,120,2,680,0.0,NONE,680.0,440.0,64.71,UPI (GooglePay/PhonePe),2,Champion,1074
TXN-IN-10075,2026-08-05,17,0,BLR-017,Bengaluru – JP Nagar (Outlet 17),Bengaluru,South,SKU-BEV-003,Nitro Cold Brew Infusion,Specialty Beverages,A,310,90,1,310,25.0,OVERRIDE_MGR_01,232.5,142.5,61.29,Debit Card,3,Loyal Customer,1399
TXN-IN-10076,2026-08-07,13,0,MUM-002,Mumbai – Lower Parel High Street,Mumbai,West,SKU-PKG-008,Eco-Kraft Branded Cup (Carton),Packaging,C,950,620,1,950,0.0,NONE,950.0,330.0,34.74,Cash,4,Hibernating,1008
TXN-IN-10077,2026-07-27,21,0,CHN-001,Chennai – Anna Nagar 2nd Avenue,Chennai,South,SKU-BAKE-004,Butter Flaky Croissant,Artisanal Bakery,B,180,55,2,360,0.0,NONE,360.0,250.0,69.44,UPI (GooglePay/PhonePe),5,Potential Loyalist,992
TXN-IN-10078,2026-08-25,19,0,MUM-002,Mumbai – Lower Parel High Street,Mumbai,West,SKU-PKG-008,Eco-Kraft Branded Cup (Carton),Packaging,C,950,620,1,950,0.0,NONE,950.0,330.0,34.74,Credit Card,5,Loyal Customer,920
TXN-IN-10079,2026-08-27,18,0,BLR-001,Bengaluru – Indiranagar 100ft,Bengaluru,South,SKU-DES-007,Classic Tiramisu Cup,Desserts,B,260,85,2,520,5.0,CAMPAIGN_CODE_PROMO,494.0,324.0,65.59,Cash,5,Champion,1265
TXN-IN-10080,2026-09-01,12,0,MUM-002,Mumbai – Lower Parel High Street,Mumbai,West,SKU-BEV-001,Artisanal Cold Brew (350ml),Specialty Beverages,A,240,65,2,480,0.0,NONE,480.0,350.0,72.92,Debit Card,3,Champion,1049
TXN-IN-10081,2026-08-16,15,1,HYD-001,Hyderabad – Hitec City Cyber Towers,Hyderabad,South,SKU-BEV-002,Monsoon Cinnamon Latte,Specialty Beverages,A,280,80,1,280,0.0,NONE,280.0,200.0,71.43,UPI (GooglePay/PhonePe),3,Loyal Customer,1973
TXN-IN-10082,2026-08-20,17,0,MUM-002,Mumbai – Lower Parel High Street,Mumbai,West,SKU-DES-007,Classic Tiramisu Cup,Desserts,B,260,85,2,520,0.0,NONE,520.0,350.0,67.31,Credit Card,5,Champion,1097
TXN-IN-10083,2026-08-14,17,0,CHN-001,Chennai – Anna Nagar 2nd Avenue,Chennai,South,SKU-BEV-001,Artisanal Cold Brew (350ml),Specialty Beverages,A,240,65,2,480,0.0,NONE,480.0,350.0,72.92,UPI (GooglePay/PhonePe),5,Potential Loyalist,967
TXN-IN-10084,2026-08-29,17,1,HYD-001,Hyderabad – Hitec City Cyber Towers,Hyderabad,South,SKU-BEV-001,Artisanal Cold Brew (350ml),Specialty Beverages,A,240,65,1,240,0.0,NONE,240.0,175.0,72.92,Debit Card,3,Loyal Customer,1803
TXN-IN-10085,2026-08-29,8,1,MUM-001,Mumbai – Bandra West Linking Rd,Mumbai,West,SKU-BEV-003,Nitro Cold Brew Infusion,Specialty Beverages,A,310,90,1,310,0.0,NONE,310.0,220.0,70.97,UPI (GooglePay/PhonePe),1,At Risk,2265
TXN-IN-10086,2026-07-27,13,0,BLR-002,Bengaluru – Koramangala 5th Block,Bengaluru,South,SKU-PKG-008,Eco-Kraft Branded Cup (Carton),Packaging,C,950,620,3,2850,0.0,NONE,2850.0,990.0,34.74,Debit Card,4,Hibernating,1262
TXN-IN-10087,2026-08-18,21,0,CHN-001,Chennai – Anna Nagar 2nd Avenue,Chennai,South,SKU-BEV-003,Nitro Cold Brew Infusion,Specialty Beverages,A,310,90,1,310,0.0,NONE,310.0,220.0,70.97,UPI (GooglePay/PhonePe),3,Loyal Customer,946
TXN-IN-10088,2026-08-10,13,0,CHN-001,Chennai – Anna Nagar 2nd Avenue,Chennai,South,SKU-SNK-005,Truffle Cheese Mushroom Panini,Gourmet Food,A,340,120,2,680,0.0,NONE,680.0,440.0,64.71,Cash,5,Potential Loyalist,878
TXN-IN-10089,2026-08-17,17,0,CHN-001,Chennai – Anna Nagar 2nd Avenue,Chennai,South,SKU-PKG-008,Eco-Kraft Branded Cup (Carton),Packaging,C,950,620,1,950,0.0,NONE,950.0,330.0,34.74,Debit Card,2,At Risk,1018
TXN-IN-10090,2026-08-04,15,0,DEL-002,Delhi – Cyber Hub Gurugram,Delhi NCR,North,SKU-BAKE-004,Butter Flaky Croissant,Artisanal Bakery,B,180,55,3,540,0.0,NONE,540.0,375.0,69.44,Debit Card,4,At Risk,1118
TXN-IN-10091,2026-08-31,11,0,BLR-002,Bengaluru – Koramangala 5th Block,Bengaluru,South,SKU-PKG-008,Eco-Kraft Branded Cup (Carton),Packaging,C,950,620,4,3800,0.0,NONE,3800.0,1320.0,34.74,Credit Card,3,At Risk,1312
TXN-IN-10092,2026-07-26,12,1,CHN-001,Chennai – Anna Nagar 2nd Avenue,Chennai,South,SKU-PKG-008,Eco-Kraft Branded Cup (Carton),Packaging,C,950,620,1,950,0.0,NONE,950.0,330.0,34.74,UPI (GooglePay/PhonePe),5,Potential Loyalist,1229
TXN-IN-10093,2026-08-10,20,0,DEL-002,Delhi – Cyber Hub Gurugram,Delhi NCR,North,SKU-BEV-002,Monsoon Cinnamon Latte,Specialty Beverages,A,280,80,3,840,0.0,NONE,840.0,600.0,71.43,Debit Card,2,Potential Loyalist,1214
TXN-IN-10094,2026-08-20,13,0,CHN-001,Chennai – Anna Nagar 2nd Avenue,Chennai,South,SKU-BEV-001,Artisanal Cold Brew (350ml),Specialty Beverages,A,240,65,2,480,0.0,NONE,480.0,350.0,72.92,Credit Card,1,Potential Loyalist,951
TXN-IN-10095,2026-07-26,13,1,BLR-017,Bengaluru – JP Nagar (Outlet 17),Bengaluru,South,SKU-PKG-008,Eco-Kraft Branded Cup (Carton),Packaging,C,950,620,1,950,25.0,OVERRIDE_MGR_01,712.5,92.5,12.98,Credit Card,5,Loyal Customer,1874
TXN-IN-10096,2026-08-04,19,0,CHN-001,Chennai – Anna Nagar 2nd Avenue,Chennai,South,SKU-DES-007,Classic Tiramisu Cup,Desserts,B,260,85,2,520,0.0,NONE,520.0,350.0,67.31,UPI (GooglePay/PhonePe),4,Loyal Customer,1014
TXN-IN-10097,2026-08-04,18,0,HYD-001,Hyderabad – Hitec City Cyber Towers,Hyderabad,South,SKU-BEV-003,Nitro Cold Brew Infusion,Specialty Beverages,A,310,90,1,310,0.0,NONE,310.0,220.0,70.97,UPI (GooglePay/PhonePe),3,Loyal Customer,1383
TXN-IN-10098,2026-09-01,21,0,CHN-001,Chennai – Anna Nagar 2nd Avenue,Chennai,South,SKU-BEV-003,Nitro Cold Brew Infusion,Specialty Beverages,A,310,90,1,310,0.0,NONE,310.0,220.0,70.97,Credit Card,4,Loyal Customer,904
TXN-IN-10099,2026-08-18,20,0,MUM-002,Mumbai – Lower Parel High Street,Mumbai,West,SKU-BAKE-004,Butter Flaky Croissant,Artisanal Bakery,B,180,55,4,720,10.0,CAMPAIGN_CODE_PROMO,648.0,428.0,66.05,Cash,5,Loyal Customer,1079
TXN-IN-10100,2026-08-07,17,0,BLR-001,Bengaluru – Indiranagar 100ft,Bengaluru,South,SKU-DES-007,Classic Tiramisu Cup,Desserts,B,260,85,1,260,0.0,NONE,260.0,175.0,67.31,UPI (GooglePay/PhonePe),3,Potential Loyalist,1143
TXN-IN-10101,2026-08-03,18,0,DEL-001,Delhi – Connaught Place Inner Circle,Delhi,North,SKU-BAKE-004,Butter Flaky Croissant,Artisanal Bakery,B,180,55,2,360,0.0,NONE,360.0,250.0,69.44,UPI (GooglePay/PhonePe),4,At Risk,1585
TXN-IN-10102,2026-07-22,14,0,MUM-002,Mumbai – Lower Parel High Street,Mumbai,West,SKU-PKG-008,Eco-Kraft Branded Cup (Carton),Packaging,C,950,620,1,950,10.0,CAMPAIGN_CODE_PROMO,855.0,235.0,27.49,Credit Card,4,Champion,933
TXN-IN-10103,2026-08-23,13,1,DEL-001,Delhi – Connaught Place Inner Circle,Delhi,North,SKU-SNK-005,Truffle Cheese Mushroom Panini,Gourmet Food,A,340,120,2,680,0.0,NONE,680.0,440.0,64.71,Debit Card,2,Loyal Customer,2031
TXN-IN-10104,2026-07-27,21,0,HYD-001,Hyderabad – Hitec City Cyber Towers,Hyderabad,South,SKU-BEV-002,Monsoon Cinnamon Latte,Specialty Beverages,A,280,80,1,280,0.0,NONE,280.0,200.0,71.43,Debit Card,2,At Risk,1403
TXN-IN-10105,2026-07-25,11,1,DEL-002,Delhi – Cyber Hub Gurugram,Delhi NCR,North,SKU-BEV-001,Artisanal Cold Brew (350ml),Specialty Beverages,A,240,65,1,240,0.0,NONE,240.0,175.0,72.92,Credit Card,5,At Risk,1500
TXN-IN-10106,2026-07-26,20,1,MUM-001,Mumbai – Bandra West Linking Rd,Mumbai,West,SKU-PKG-008,Eco-Kraft Branded Cup (Carton),Packaging,C,950,620,1,950,0.0,NONE,950.0,330.0,34.74,Cash,5,Champion,2265
TXN-IN-10107,2026-09-02,9,0,MUM-002,Mumbai – Lower Parel High Street,Mumbai,West,SKU-DES-007,Classic Tiramisu Cup,Desserts,B,260,85,1,260,10.0,CAMPAIGN_CODE_PROMO,234.0,149.0,63.68,UPI (GooglePay/PhonePe),5,At Risk,934
TXN-IN-10108,2026-08-13,19,0,HYD-001,Hyderabad – Hitec City Cyber Towers,Hyderabad,South,SKU-SNK-006,Smoked Paneer Tikka Sourdough,Gourmet Food,B,310,105,2,620,0.0,NONE,620.0,410.0,66.13,Debit Card,5,Potential Loyalist,1416
TXN-IN-10109,2026-08-30,21,1,BLR-017,Bengaluru – JP Nagar (Outlet 17),Bengaluru,South,SKU-PKG-008,Eco-Kraft Branded Cup (Carton),Packaging,C,950,620,2,1900,25.0,OVERRIDE_MGR_01,1425.0,185.0,12.98,Credit Card,4,Champion,1929
TXN-IN-10110,2026-07-26,13,1,DEL-001,Delhi – Connaught Place Inner Circle,Delhi,North,SKU-SNK-006,Smoked Paneer Tikka Sourdough,Gourmet Food,B,310,105,1,310,0.0,NONE,310.0,205.0,66.13,Debit Card,5,Champion,2108
TXN-IN-10111,2026-08-27,13,0,BLR-001,Bengaluru – Indiranagar 100ft,Bengaluru,South,SKU-BEV-001,Artisanal Cold Brew (350ml),Specialty Beverages,A,240,65,2,480,15.0,CAMPAIGN_CODE_PROMO,408.0,278.0,68.14,UPI (GooglePay/PhonePe),5,Potential Loyalist,1123
TXN-IN-10112,2026-08-26,12,0,MUM-001,Mumbai – Bandra West Linking Rd,Mumbai,West,SKU-BAKE-004,Butter Flaky Croissant,Artisanal Bakery,B,180,55,1,180,0.0,NONE,180.0,125.0,69.44,UPI (GooglePay/PhonePe),5,Hibernating,1603
TXN-IN-10113,2026-08-23,20,1,MUM-002,Mumbai – Lower Parel High Street,Mumbai,West,SKU-BEV-003,Nitro Cold Brew Infusion,Specialty Beverages,A,310,90,1,310,10.0,CAMPAIGN_CODE_PROMO,279.0,189.0,67.74,UPI (GooglePay/PhonePe),5,Champion,1310
TXN-IN-10114,2026-07-23,19,0,BLR-002,Bengaluru – Koramangala 5th Block,Bengaluru,South,SKU-DES-007,Classic Tiramisu Cup,Desserts,B,260,85,1,260,0.0,NONE,260.0,175.0,67.31,Credit Card,5,Champion,1328
TXN-IN-10115,2026-08-03,21,0,BLR-001,Bengaluru – Indiranagar 100ft,Bengaluru,South,SKU-SNK-005,Truffle Cheese Mushroom Panini,Gourmet Food,A,340,120,1,340,10.0,CAMPAIGN_CODE_PROMO,306.0,186.0,60.78,Debit Card,5,Champion,1252
TXN-IN-10116,2026-08-17,12,0,BLR-017,Bengaluru – JP Nagar (Outlet 17),Bengaluru,South,SKU-BEV-002,Monsoon Cinnamon Latte,Specialty Beverages,A,280,80,1,280,25.0,OVERRIDE_MGR_01,210.0,130.0,61.9,Cash,4,Loyal Customer,1492
TXN-IN-10117,2026-08-22,15,1,MUM-002,Mumbai – Lower Parel High Street,Mumbai,West,SKU-PKG-008,Eco-Kraft Branded Cup (Carton),Packaging,C,950,620,1,950,0.0,NONE,950.0,330.0,34.74,UPI (GooglePay/PhonePe),3,Potential Loyalist,1439
TXN-IN-10118,2026-08-24,13,0,MUM-001,Mumbai – Bandra West Linking Rd,Mumbai,West,SKU-DES-007,Classic Tiramisu Cup,Desserts,B,260,85,1,260,0.0,NONE,260.0,175.0,67.31,Debit Card,5,Potential Loyalist,1650
TXN-IN-10119,2026-08-16,12,1,DEL-001,Delhi – Connaught Place Inner Circle,Delhi,North,SKU-SNK-005,Truffle Cheese Mushroom Panini,Gourmet Food,A,340,120,1,340,0.0,NONE,340.0,220.0,64.71,UPI (GooglePay/PhonePe),5,Champion,2055
TXN-IN-10120,2026-07-26,18,1,DEL-001,Delhi – Connaught Place Inner Circle,Delhi,North,SKU-BEV-003,Nitro Cold Brew Infusion,Specialty Beverages,A,310,90,2,620,0.0,NONE,620.0,440.0,70.97,Credit Card,4,Loyal Customer,2115
TXN-IN-10121,2026-08-16,14,1,BLR-001,Bengaluru – Indiranagar 100ft,Bengaluru,South,SKU-SNK-005,Truffle Cheese Mushroom Panini,Gourmet Food,A,340,120,2,680,0.0,NONE,680.0,440.0,64.71,UPI (GooglePay/PhonePe),5,Loyal Customer,1499
TXN-IN-10122,2026-08-11,13,0,CHN-001,Chennai – Anna Nagar 2nd Avenue,Chennai,South,SKU-SNK-006,Smoked Paneer Tikka Sourdough,Gourmet Food,B,310,105,1,310,0.0,NONE,310.0,205.0,66.13,Debit Card,4,Hibernating,999
TXN-IN-10123,2026-08-28,18,0,CHN-001,Chennai – Anna Nagar 2nd Avenue,Chennai,South,SKU-BEV-001,Artisanal Cold Brew (350ml),Specialty Beverages,A,240,65,2,480,0.0,NONE,480.0,350.0,72.92,UPI (GooglePay/PhonePe),5,Potential Loyalist,919
TXN-IN-10124,2026-08-10,12,0,DEL-001,Delhi – Connaught Place Inner Circle,Delhi,North,SKU-BEV-001,Artisanal Cold Brew (350ml),Specialty Beverages,A,240,65,1,240,0.0,NONE,240.0,175.0,72.92,UPI (GooglePay/PhonePe),5,Potential Loyalist,1427
TXN-IN-10125,2026-07-25,16,1,CHN-001,Chennai – Anna Nagar 2nd Avenue,Chennai,South,SKU-BAKE-004,Butter Flaky Croissant,Artisanal Bakery,B,180,55,1,180,0.0,NONE,180.0,125.0,69.44,Credit Card,4,Potential Loyalist,1307
TXN-IN-10126,2026-08-27,19,0,BLR-017,Bengaluru – JP Nagar (Outlet 17),Bengaluru,South,SKU-BEV-001,Artisanal Cold Brew (350ml),Specialty Beverages,A,240,65,1,240,25.0,OVERRIDE_MGR_01,180.0,115.0,63.89,UPI (GooglePay/PhonePe),3,Loyal Customer,1453
TXN-IN-10127,2026-08-15,11,1,MUM-002,Mumbai – Lower Parel High Street,Mumbai,West,SKU-BAKE-004,Butter Flaky Croissant,Artisanal Bakery,B,180,55,2,360,0.0,NONE,360.0,250.0,69.44,Credit Card,4,Loyal Customer,1377
TXN-IN-10128,2026-08-31,22,0,MUM-002,Mumbai – Lower Parel High Street,Mumbai,West,SKU-BEV-001,Artisanal Cold Brew (350ml),Specialty Beverages,A,240,65,1,240,5.0,CAMPAIGN_CODE_PROMO,228.0,163.0,71.49,Credit Card,2,Potential Loyalist,1095
TXN-IN-10129,2026-08-05,17,0,MUM-002,Mumbai – Lower Parel High Street,Mumbai,West,SKU-SNK-006,Smoked Paneer Tikka Sourdough,Gourmet Food,B,310,105,1,310,0.0,NONE,310.0,205.0,66.13,UPI (GooglePay/PhonePe),5,Potential Loyalist,1028
TXN-IN-10130,2026-08-24,19,0,DEL-001,Delhi – Connaught Place Inner Circle,Delhi,North,SKU-BEV-002,Monsoon Cinnamon Latte,Specialty Beverages,A,280,80,1,280,0.0,NONE,280.0,200.0,71.43,Debit Card,3,At Risk,1567
TXN-IN-10131,2026-08-16,15,1,DEL-002,Delhi – Cyber Hub Gurugram,Delhi NCR,North,SKU-DES-007,Classic Tiramisu Cup,Desserts,B,260,85,1,260,0.0,NONE,260.0,175.0,67.31,UPI (GooglePay/PhonePe),4,Potential Loyalist,1581
TXN-IN-10132,2026-08-12,13,0,BLR-017,Bengaluru – JP Nagar (Outlet 17),Bengaluru,South,SKU-DES-007,Classic Tiramisu Cup,Desserts,B,260,85,2,520,0.0,NONE,520.0,350.0,67.31,Debit Card,3,Potential Loyalist,1396
TXN-IN-10133,2026-08-10,11,0,BLR-002,Bengaluru – Koramangala 5th Block,Bengaluru,South,SKU-BEV-002,Monsoon Cinnamon Latte,Specialty Beverages,A,280,80,1,280,0.0,NONE,280.0,200.0,71.43,Credit Card,5,Hibernating,1365
TXN-IN-10134,2026-07-29,12,0,MUM-001,Mumbai – Bandra West Linking Rd,Mumbai,West,SKU-BEV-002,Monsoon Cinnamon Latte,Specialty Beverages,A,280,80,1,280,0.0,NONE,280.0,200.0,71.43,UPI (GooglePay/PhonePe),5,Potential Loyalist,1696
TXN-IN-10135,2026-08-18,18,0,HYD-001,Hyderabad – Hitec City Cyber Towers,Hyderabad,South,SKU-SNK-006,Smoked Paneer Tikka Sourdough,Gourmet Food,B,310,105,3,930,0.0,NONE,930.0,615.0,66.13,UPI (GooglePay/PhonePe),5,Potential Loyalist,1380
TXN-IN-10136,2026-08-26,13,0,BLR-001,Bengaluru – Indiranagar 100ft,Bengaluru,South,SKU-SNK-006,Smoked Paneer Tikka Sourdough,Gourmet Food,B,310,105,1,310,0.0,NONE,310.0,205.0,66.13,UPI (GooglePay/PhonePe),5,Loyal Customer,1235
TXN-IN-10137,2026-07-25,17,1,CHN-001,Chennai – Anna Nagar 2nd Avenue,Chennai,South,SKU-DES-007,Classic Tiramisu Cup,Desserts,B,260,85,1,260,0.0,NONE,260.0,175.0,67.31,UPI (GooglePay/PhonePe),5,At Risk,1328
TXN-IN-10138,2026-08-01,21,1,DEL-001,Delhi – Connaught Place Inner Circle,Delhi,North,SKU-PKG-008,Eco-Kraft Branded Cup (Carton),Packaging,C,950,620,1,950,0.0,NONE,950.0,330.0,34.74,Credit Card,1,Champion,2110
TXN-IN-10139,2026-07-31,22,0,BLR-001,Bengaluru – Indiranagar 100ft,Bengaluru,South,SKU-BAKE-004,Butter Flaky Croissant,Artisanal Bakery,B,180,55,2,360,0.0,NONE,360.0,250.0,69.44,Cash,5,Loyal Customer,1142
TXN-IN-10140,2026-08-13,10,0,DEL-002,Delhi – Cyber Hub Gurugram,Delhi NCR,North,SKU-SNK-006,Smoked Paneer Tikka Sourdough,Gourmet Food,B,310,105,2,620,0.0,NONE,620.0,410.0,66.13,Credit Card,5,Champion,1193
TXN-IN-10141,2026-08-13,18,0,MUM-002,Mumbai – Lower Parel High Street,Mumbai,West,SKU-SNK-005,Truffle Cheese Mushroom Panini,Gourmet Food,A,340,120,2,680,0.0,NONE,680.0,440.0,64.71,UPI (GooglePay/PhonePe),5,Loyal Customer,936
TXN-IN-10142,2026-08-11,19,0,MUM-002,Mumbai – Lower Parel High Street,Mumbai,West,SKU-DES-007,Classic Tiramisu Cup,Desserts,B,260,85,1,260,15.0,CAMPAIGN_CODE_PROMO,221.0,136.0,61.54,Debit Card,4,Loyal Customer,932
TXN-IN-10143,2026-08-31,15,0,CHN-001,Chennai – Anna Nagar 2nd Avenue,Chennai,South,SKU-BEV-002,Monsoon Cinnamon Latte,Specialty Beverages,A,280,80,2,560,0.0,NONE,560.0,400.0,71.43,Credit Card,5,Hibernating,927
TXN-IN-10144,2026-08-20,12,0,MUM-001,Mumbai – Bandra West Linking Rd,Mumbai,West,SKU-BAKE-004,Butter Flaky Croissant,Artisanal Bakery,B,180,55,4,720,0.0,NONE,720.0,500.0,69.44,UPI (GooglePay/PhonePe),5,Loyal Customer,1759
TXN-IN-10145,2026-08-22,18,1,BLR-001,Bengaluru – Indiranagar 100ft,Bengaluru,South,SKU-SNK-006,Smoked Paneer Tikka Sourdough,Gourmet Food,B,310,105,3,930,0.0,NONE,930.0,615.0,66.13,UPI (GooglePay/PhonePe),5,At Risk,1669
TXN-IN-10146,2026-08-28,14,0,BLR-002,Bengaluru – Koramangala 5th Block,Bengaluru,South,SKU-PKG-008,Eco-Kraft Branded Cup (Carton),Packaging,C,950,620,1,950,0.0,NONE,950.0,330.0,34.74,Debit Card,4,Potential Loyalist,1400
TXN-IN-10147,2026-08-17,20,0,MUM-001,Mumbai – Bandra West Linking Rd,Mumbai,West,SKU-BAKE-004,Butter Flaky Croissant,Artisanal Bakery,B,180,55,1,180,0.0,NONE,180.0,125.0,69.44,UPI (GooglePay/PhonePe),5,Hibernating,1682
TXN-IN-10148,2026-08-18,15,0,MUM-002,Mumbai – Lower Parel High Street,Mumbai,West,SKU-DES-007,Classic Tiramisu Cup,Desserts,B,260,85,1,260,0.0,NONE,260.0,175.0,67.31,UPI (GooglePay/PhonePe),4,Champion,964
TXN-IN-10149,2026-07-23,11,0,HYD-001,Hyderabad – Hitec City Cyber Towers,Hyderabad,South,SKU-SNK-006,Smoked Paneer Tikka Sourdough,Gourmet Food,B,310,105,2,620,0.0,NONE,620.0,410.0,66.13,UPI (GooglePay/PhonePe),5,Potential Loyalist,1379
TXN-IN-10150,2026-08-17,11,0,CHN-001,Chennai – Anna Nagar 2nd Avenue,Chennai,South,SKU-BEV-003,Nitro Cold Brew Infusion,Specialty Beverages,A,310,90,2,620,0.0,NONE,620.0,440.0,70.97,Debit Card,3,Hibernating,946
TXN-IN-10151,2026-07-23,22,0,DEL-002,Delhi – Cyber Hub Gurugram,Delhi NCR,North,SKU-SNK-006,Smoked Paneer Tikka Sourdough,Gourmet Food,B,310,105,1,310,0.0,NONE,310.0,205.0,66.13,UPI (GooglePay/PhonePe),5,Champion,1202
TXN-IN-10152,2026-08-30,13,1,DEL-001,Delhi – Connaught Place Inner Circle,Delhi,North,SKU-BEV-003,Nitro Cold Brew Infusion,Specialty Beverages,A,310,90,1,310,0.0,NONE,310.0,220.0,70.97,UPI (GooglePay/PhonePe),4,Loyal Customer,2102
TXN-IN-10153,2026-07-20,20,0,BLR-017,Bengaluru – JP Nagar (Outlet 17),Bengaluru,South,SKU-BEV-001,Artisanal Cold Brew (350ml),Specialty Beverages,A,240,65,1,240,0.0,NONE,240.0,175.0,72.92,Cash,5,Potential Loyalist,1400
TXN-IN-10154,2026-08-08,18,1,BLR-017,Bengaluru – JP Nagar (Outlet 17),Bengaluru,South,SKU-BEV-001,Artisanal Cold Brew (350ml),Specialty Beverages,A,240,65,1,240,10.0,CAMPAIGN_CODE_PROMO,216.0,151.0,69.91,Cash,5,Potential Loyalist,1984
TXN-IN-10155,2026-08-04,18,0,BLR-002,Bengaluru – Koramangala 5th Block,Bengaluru,South,SKU-SNK-005,Truffle Cheese Mushroom Panini,Gourmet Food,A,340,120,1,340,0.0,NONE,340.0,220.0,64.71,Debit Card,5,Potential Loyalist,1334
TXN-IN-10156,2026-08-12,16,0,BLR-017,Bengaluru – JP Nagar (Outlet 17),Bengaluru,South,SKU-BEV-001,Artisanal Cold Brew (350ml),Specialty Beverages,A,240,65,1,240,0.0,NONE,240.0,175.0,72.92,Credit Card,4,Loyal Customer,1357
TXN-IN-10157,2026-08-11,19,0,MUM-001,Mumbai – Bandra West Linking Rd,Mumbai,West,SKU-BEV-002,Monsoon Cinnamon Latte,Specialty Beverages,A,280,80,2,560,0.0,NONE,560.0,400.0,71.43,UPI (GooglePay/PhonePe),5,Loyal Customer,1734
TXN-IN-10158,2026-07-31,20,0,HYD-001,Hyderabad – Hitec City Cyber Towers,Hyderabad,South,SKU-PKG-008,Eco-Kraft Branded Cup (Carton),Packaging,C,950,620,2,1900,10.0,CAMPAIGN_CODE_PROMO,1710.0,470.0,27.49,UPI (GooglePay/PhonePe),5,Champion,1361
TXN-IN-10159,2026-07-22,22,0,DEL-001,Delhi – Connaught Place Inner Circle,Delhi,North,SKU-SNK-005,Truffle Cheese Mushroom Panini,Gourmet Food,A,340,120,1,340,0.0,NONE,340.0,220.0,64.71,Credit Card,5,Potential Loyalist,1493
TXN-IN-10160,2026-08-11,19,0,BLR-001,Bengaluru – Indiranagar 100ft,Bengaluru,South,SKU-SNK-006,Smoked Paneer Tikka Sourdough,Gourmet Food,B,310,105,1,310,0.0,NONE,310.0,205.0,66.13,Debit Card,4,At Risk,1168
TXN-IN-10161,2026-08-10,14,0,BLR-002,Bengaluru – Koramangala 5th Block,Bengaluru,South,SKU-PKG-008,Eco-Kraft Branded Cup (Carton),Packaging,C,950,620,2,1900,0.0,NONE,1900.0,660.0,34.74,Credit Card,4,Potential Loyalist,1220
TXN-IN-10162,2026-08-16,10,1,BLR-002,Bengaluru – Koramangala 5th Block,Bengaluru,South,SKU-SNK-005,Truffle Cheese Mushroom Panini,Gourmet Food,A,340,120,1,340,0.0,NONE,340.0,220.0,64.71,Credit Card,5,Potential Loyalist,1690
TXN-IN-10163,2026-09-02,19,0,HYD-001,Hyderabad – Hitec City Cyber Towers,Hyderabad,South,SKU-SNK-006,Smoked Paneer Tikka Sourdough,Gourmet Food,B,310,105,1,310,0.0,NONE,310.0,205.0,66.13,Cash,1,Loyal Customer,1324
TXN-IN-10164,2026-07-24,19,0,DEL-002,Delhi – Cyber Hub Gurugram,Delhi NCR,North,SKU-SNK-006,Smoked Paneer Tikka Sourdough,Gourmet Food,B,310,105,1,310,0.0,NONE,310.0,205.0,66.13,UPI (GooglePay/PhonePe),5,Potential Loyalist,1220
TXN-IN-10165,2026-08-17,19,0,BLR-001,Bengaluru – Indiranagar 100ft,Bengaluru,South,SKU-BEV-003,Nitro Cold Brew Infusion,Specialty Beverages,A,310,90,1,310,0.0,NONE,310.0,220.0,70.97,Debit Card,2,Champion,1109
TXN-IN-10166,2026-09-01,19,0,HYD-001,Hyderabad – Hitec City Cyber Towers,Hyderabad,South,SKU-SNK-006,Smoked Paneer Tikka Sourdough,Gourmet Food,B,310,105,1,310,0.0,NONE,310.0,205.0,66.13,Cash,5,Loyal Customer,1381
TXN-IN-10167,2026-08-04,17,0,BLR-017,Bengaluru – JP Nagar (Outlet 17),Bengaluru,South,SKU-BEV-001,Artisanal Cold Brew (350ml),Specialty Beverages,A,240,65,2,480,25.0,OVERRIDE_MGR_01,360.0,230.0,63.89,Cash,2,Potential Loyalist,1394
TXN-IN-10168,2026-08-28,11,0,MUM-002,Mumbai – Lower Parel High Street,Mumbai,West,SKU-PKG-008,Eco-Kraft Branded Cup (Carton),Packaging,C,950,620,1,950,5.0,CAMPAIGN_CODE_PROMO,902.5,282.5,31.3,Debit Card,1,At Risk,981
TXN-IN-10169,2026-08-31,13,0,DEL-001,Delhi – Connaught Place Inner Circle,Delhi,North,SKU-BEV-002,Monsoon Cinnamon Latte,Specialty Beverages,A,280,80,1,280,0.0,NONE,280.0,200.0,71.43,UPI (GooglePay/PhonePe),4,Hibernating,1583
TXN-IN-10170,2026-07-31,12,0,DEL-001,Delhi – Connaught Place Inner Circle,Delhi,North,SKU-BAKE-004,Butter Flaky Croissant,Artisanal Bakery,B,180,55,1,180,10.0,CAMPAIGN_CODE_PROMO,162.0,107.0,66.05,UPI (GooglePay/PhonePe),5,Loyal Customer,1539
TXN-IN-10171,2026-08-24,15,0,BLR-002,Bengaluru – Koramangala 5th Block,Bengaluru,South,SKU-BEV-002,Monsoon Cinnamon Latte,Specialty Beverages,A,280,80,1,280,0.0,NONE,280.0,200.0,71.43,Debit Card,5,Potential Loyalist,1347
TXN-IN-10172,2026-07-24,16,0,BLR-002,Bengaluru – Koramangala 5th Block,Bengaluru,South,SKU-SNK-006,Smoked Paneer Tikka Sourdough,Gourmet Food,B,310,105,2,620,0.0,NONE,620.0,410.0,66.13,Credit Card,5,At Risk,1341
TXN-IN-10173,2026-08-29,21,1,BLR-002,Bengaluru – Koramangala 5th Block,Bengaluru,South,SKU-BEV-003,Nitro Cold Brew Infusion,Specialty Beverages,A,310,90,1,310,5.0,CAMPAIGN_CODE_PROMO,294.5,204.5,69.44,Cash,5,Champion,1730
TXN-IN-10174,2026-09-03,17,0,MUM-001,Mumbai – Bandra West Linking Rd,Mumbai,West,SKU-SNK-006,Smoked Paneer Tikka Sourdough,Gourmet Food,B,310,105,3,930,0.0,NONE,930.0,615.0,66.13,UPI (GooglePay/PhonePe),5,Potential Loyalist,1711
TXN-IN-10175,2026-08-06,11,0,BLR-002,Bengaluru – Koramangala 5th Block,Bengaluru,South,SKU-SNK-005,Truffle Cheese Mushroom Panini,Gourmet Food,A,340,120,2,680,0.0,NONE,680.0,440.0,64.71,Cash,2,Champion,1368
TXN-IN-10176,2026-08-28,9,0,DEL-001,Delhi – Connaught Place Inner Circle,Delhi,North,SKU-BEV-001,Artisanal Cold Brew (350ml),Specialty Beverages,A,240,65,2,480,15.0,CAMPAIGN_CODE_PROMO,408.0,278.0,68.14,Cash,5,Champion,1566
TXN-IN-10177,2026-08-15,17,1,BLR-001,Bengaluru – Indiranagar 100ft,Bengaluru,South,SKU-PKG-008,Eco-Kraft Branded Cup (Carton),Packaging,C,950,620,3,2850,0.0,NONE,2850.0,990.0,34.74,Credit Card,5,At Risk,1647
TXN-IN-10178,2026-08-14,10,0,MUM-002,Mumbai – Lower Parel High Street,Mumbai,West,SKU-PKG-008,Eco-Kraft Branded Cup (Carton),Packaging,C,950,620,1,950,0.0,NONE,950.0,330.0,34.74,Debit Card,5,Loyal Customer,936
TXN-IN-10179,2026-08-09,11,1,DEL-001,Delhi – Connaught Place Inner Circle,Delhi,North,SKU-SNK-006,Smoked Paneer Tikka Sourdough,Gourmet Food,B,310,105,4,1240,0.0,NONE,1240.0,820.0,66.13,Cash,5,Champion,1976
TXN-IN-10180,2026-08-06,10,0,HYD-001,Hyderabad – Hitec City Cyber Towers,Hyderabad,South,SKU-BAKE-004,Butter Flaky Croissant,Artisanal Bakery,B,180,55,1,180,0.0,NONE,180.0,125.0,69.44,Cash,5,Hibernating,1350
TXN-IN-10181,2026-08-09,17,1,DEL-001,Delhi – Connaught Place Inner Circle,Delhi,North,SKU-BAKE-004,Butter Flaky Croissant,Artisanal Bakery,B,180,55,2,360,0.0,NONE,360.0,250.0,69.44,Debit Card,3,Loyal Customer,1968
TXN-IN-10182,2026-08-14,12,0,CHN-001,Chennai – Anna Nagar 2nd Avenue,Chennai,South,SKU-PKG-008,Eco-Kraft Branded Cup (Carton),Packaging,C,950,620,4,3800,0.0,NONE,3800.0,1320.0,34.74,UPI (GooglePay/PhonePe),5,Loyal Customer,1007
TXN-IN-10183,2026-09-01,20,0,HYD-001,Hyderabad – Hitec City Cyber Towers,Hyderabad,South,SKU-SNK-005,Truffle Cheese Mushroom Panini,Gourmet Food,A,340,120,1,340,0.0,NONE,340.0,220.0,64.71,Credit Card,4,Potential Loyalist,1403
TXN-IN-10184,2026-07-22,12,0,DEL-002,Delhi – Cyber Hub Gurugram,Delhi NCR,North,SKU-BEV-001,Artisanal Cold Brew (350ml),Specialty Beverages,A,240,65,2,480,0.0,NONE,480.0,350.0,72.92,UPI (GooglePay/PhonePe),5,Loyal Customer,1160
TXN-IN-10185,2026-08-06,15,0,BLR-017,Bengaluru – JP Nagar (Outlet 17),Bengaluru,South,SKU-BEV-003,Nitro Cold Brew Infusion,Specialty Beverages,A,310,90,4,1240,0.0,NONE,1240.0,880.0,70.97,Credit Card,4,Champion,1470
TXN-IN-10186,2026-08-14,11,0,CHN-001,Chennai – Anna Nagar 2nd Avenue,Chennai,South,SKU-BEV-001,Artisanal Cold Brew (350ml),Specialty Beverages,A,240,65,1,240,0.0,NONE,240.0,175.0,72.92,Debit Card,5,Champion,971
TXN-IN-10187,2026-07-28,22,0,DEL-001,Delhi – Connaught Place Inner Circle,Delhi,North,SKU-SNK-006,Smoked Paneer Tikka Sourdough,Gourmet Food,B,310,105,1,310,0.0,NONE,310.0,205.0,66.13,Credit Card,5,Loyal Customer,1550
TXN-IN-10188,2026-08-23,8,1,HYD-001,Hyderabad – Hitec City Cyber Towers,Hyderabad,South,SKU-SNK-005,Truffle Cheese Mushroom Panini,Gourmet Food,A,340,120,1,340,0.0,NONE,340.0,220.0,64.71,UPI (GooglePay/PhonePe),1,Loyal Customer,1981
TXN-IN-10189,2026-09-02,18,0,BLR-001,Bengaluru – Indiranagar 100ft,Bengaluru,South,SKU-PKG-008,Eco-Kraft Branded Cup (Carton),Packaging,C,950,620,1,950,0.0,NONE,950.0,330.0,34.74,Cash,5,Potential Loyalist,1219
TXN-IN-10190,2026-08-19,19,0,BLR-002,Bengaluru – Koramangala 5th Block,Bengaluru,South,SKU-DES-007,Classic Tiramisu Cup,Desserts,B,260,85,1,260,15.0,CAMPAIGN_CODE_PROMO,221.0,136.0,61.54,UPI (GooglePay/PhonePe),5,Loyal Customer,1307
TXN-IN-10191,2026-07-29,19,0,DEL-002,Delhi – Cyber Hub Gurugram,Delhi NCR,North,SKU-BAKE-004,Butter Flaky Croissant,Artisanal Bakery,B,180,55,1,180,0.0,NONE,180.0,125.0,69.44,UPI (GooglePay/PhonePe),4,Loyal Customer,1163
TXN-IN-10192,2026-08-09,12,1,HYD-001,Hyderabad – Hitec City Cyber Towers,Hyderabad,South,SKU-DES-007,Classic Tiramisu Cup,Desserts,B,260,85,1,260,0.0,NONE,260.0,175.0,67.31,Credit Card,5,Potential Loyalist,1980
TXN-IN-10193,2026-09-01,13,0,MUM-002,Mumbai – Lower Parel High Street,Mumbai,West,SKU-PKG-008,Eco-Kraft Branded Cup (Carton),Packaging,C,950,620,1,950,0.0,NONE,950.0,330.0,34.74,UPI (GooglePay/PhonePe),2,Hibernating,1097
TXN-IN-10194,2026-08-07,14,0,MUM-001,Mumbai – Bandra West Linking Rd,Mumbai,West,SKU-PKG-008,Eco-Kraft Branded Cup (Carton),Packaging,C,950,620,1,950,0.0,NONE,950.0,330.0,34.74,Credit Card,5,Loyal Customer,1709
TXN-IN-10195,2026-08-13,20,0,DEL-002,Delhi – Cyber Hub Gurugram,Delhi NCR,North,SKU-SNK-006,Smoked Paneer Tikka Sourdough,Gourmet Food,B,310,105,4,1240,0.0,NONE,1240.0,820.0,66.13,Credit Card,2,Champion,1133
TXN-IN-10196,2026-08-30,20,1,MUM-002,Mumbai – Lower Parel High Street,Mumbai,West,SKU-PKG-008,Eco-Kraft Branded Cup (Carton),Packaging,C,950,620,1,950,0.0,NONE,950.0,330.0,34.74,Cash,4,Champion,1400
TXN-IN-10197,2026-08-26,21,0,MUM-001,Mumbai – Bandra West Linking Rd,Mumbai,West,SKU-BAKE-004,Butter Flaky Croissant,Artisanal Bakery,B,180,55,1,180,0.0,NONE,180.0,125.0,69.44,UPI (GooglePay/PhonePe),5,Loyal Customer,1753
TXN-IN-10198,2026-08-19,17,0,BLR-017,Bengaluru – JP Nagar (Outlet 17),Bengaluru,South,SKU-BEV-003,Nitro Cold Brew Infusion,Specialty Beverages,A,310,90,1,310,0.0,NONE,310.0,220.0,70.97,Debit Card,5,Champion,1413
TXN-IN-10199,2026-08-09,11,1,MUM-002,Mumbai – Lower Parel High Street,Mumbai,West,SKU-BEV-001,Artisanal Cold Brew (350ml),Specialty Beverages,A,240,65,3,720,0.0,NONE,720.0,525.0,72.92,Cash,4,At Risk,1252
TXN-IN-10200,2026-07-31,9,0,DEL-002,Delhi – Cyber Hub Gurugram,Delhi NCR,North,SKU-BEV-003,Nitro Cold Brew Infusion,Specialty Beverages,A,310,90,3,930,0.0,NONE,930.0,660.0,70.97,Debit Card,5,Potential Loyalist,1094
TXN-IN-10201,2026-07-22,11,0,BLR-001,Bengaluru – Indiranagar 100ft,Bengaluru,South,SKU-SNK-005,Truffle Cheese Mushroom Panini,Gourmet Food,A,340,120,2,680,0.0,NONE,680.0,440.0,64.71,Credit Card,5,Potential Loyalist,1204
TXN-IN-10202,2026-08-20,20,0,BLR-002,Bengaluru – Koramangala 5th Block,Bengaluru,South,SKU-PKG-008,Eco-Kraft Branded Cup (Carton),Packaging,C,950,620,1,950,0.0,NONE,950.0,330.0,34.74,Debit Card,4,Potential Loyalist,1203
TXN-IN-10203,2026-08-10,20,0,MUM-002,Mumbai – Lower Parel High Street,Mumbai,West,SKU-BAKE-004,Butter Flaky Croissant,Artisanal Bakery,B,180,55,1,180,0.0,NONE,180.0,125.0,69.44,Debit Card,5,Champion,1071
TXN-IN-10204,2026-07-26,21,1,BLR-002,Bengaluru – Koramangala 5th Block,Bengaluru,South,SKU-BEV-003,Nitro Cold Brew Infusion,Specialty Beverages,A,310,90,1,310,10.0,CAMPAIGN_CODE_PROMO,279.0,189.0,67.74,UPI (GooglePay/PhonePe),5,Loyal Customer,1732
TXN-IN-10205,2026-08-08,19,1,BLR-001,Bengaluru – Indiranagar 100ft,Bengaluru,South,SKU-SNK-005,Truffle Cheese Mushroom Panini,Gourmet Food,A,340,120,2,680,5.0,CAMPAIGN_CODE_PROMO,646.0,406.0,62.85,Debit Card,5,Loyal Customer,1600
TXN-IN-10206,2026-09-03,21,0,MUM-002,Mumbai – Lower Parel High Street,Mumbai,West,SKU-BEV-002,Monsoon Cinnamon Latte,Specialty Beverages,A,280,80,2,560,0.0,NONE,560.0,400.0,71.43,UPI (GooglePay/PhonePe),5,Champion,939
TXN-IN-10207,2026-08-18,21,0,DEL-001,Delhi – Connaught Place Inner Circle,Delhi,North,SKU-DES-007,Classic Tiramisu Cup,Desserts,B,260,85,2,520,0.0,NONE,520.0,350.0,67.31,UPI (GooglePay/PhonePe),4,Potential Loyalist,1572
TXN-IN-10208,2026-07-25,14,1,CHN-001,Chennai – Anna Nagar 2nd Avenue,Chennai,South,SKU-PKG-008,Eco-Kraft Branded Cup (Carton),Packaging,C,950,620,1,950,0.0,NONE,950.0,330.0,34.74,UPI (GooglePay/PhonePe),5,Loyal Customer,1291
TXN-IN-10209,2026-08-01,20,1,CHN-001,Chennai – Anna Nagar 2nd Avenue,Chennai,South,SKU-BEV-003,Nitro Cold Brew Infusion,Specialty Beverages,A,310,90,1,310,0.0,NONE,310.0,220.0,70.97,UPI (GooglePay/PhonePe),4,Loyal Customer,1292
TXN-IN-10210,2026-08-17,15,0,BLR-001,Bengaluru – Indiranagar 100ft,Bengaluru,South,SKU-PKG-008,Eco-Kraft Branded Cup (Carton),Packaging,C,950,620,1,950,0.0,NONE,950.0,330.0,34.74,Cash,5,At Risk,1255
TXN-IN-10211,2026-07-21,19,0,DEL-002,Delhi – Cyber Hub Gurugram,Delhi NCR,North,SKU-SNK-005,Truffle Cheese Mushroom Panini,Gourmet Food,A,340,120,2,680,0.0,NONE,680.0,440.0,64.71,UPI (GooglePay/PhonePe),5,Potential Loyalist,1158
TXN-IN-10212,2026-07-23,15,0,BLR-017,Bengaluru – JP Nagar (Outlet 17),Bengaluru,South,SKU-PKG-008,Eco-Kraft Branded Cup (Carton),Packaging,C,950,620,1,950,0.0,NONE,950.0,330.0,34.74,Debit Card,5,At Risk,1454
TXN-IN-10213,2026-08-13,18,0,DEL-002,Delhi – Cyber Hub Gurugram,Delhi NCR,North,SKU-BEV-002,Monsoon Cinnamon Latte,Specialty Beverages,A,280,80,2,560,0.0,NONE,560.0,400.0,71.43,Credit Card,5,Hibernating,1120
TXN-IN-10214,2026-08-22,19,1,BLR-002,Bengaluru – Koramangala 5th Block,Bengaluru,South,SKU-BAKE-004,Butter Flaky Croissant,Artisanal Bakery,B,180,55,2,360,0.0,NONE,360.0,250.0,69.44,Debit Card,4,Loyal Customer,1784
TXN-IN-10215,2026-08-13,12,0,MUM-001,Mumbai – Bandra West Linking Rd,Mumbai,West,SKU-BAKE-004,Butter Flaky Croissant,Artisanal Bakery,B,180,55,1,180,0.0,NONE,180.0,125.0,69.44,UPI (GooglePay/PhonePe),5,Potential Loyalist,1727
TXN-IN-10216,2026-07-21,18,0,MUM-001,Mumbai – Bandra West Linking Rd,Mumbai,West,SKU-BAKE-004,Butter Flaky Croissant,Artisanal Bakery,B,180,55,1,180,0.0,NONE,180.0,125.0,69.44,UPI (GooglePay/PhonePe),5,Champion,1682
TXN-IN-10217,2026-08-03,19,0,CHN-001,Chennai – Anna Nagar 2nd Avenue,Chennai,South,SKU-BAKE-004,Butter Flaky Croissant,Artisanal Bakery,B,180,55,2,360,10.0,CAMPAIGN_CODE_PROMO,324.0,214.0,66.05,UPI (GooglePay/PhonePe),4,Potential Loyalist,921
TXN-IN-10218,2026-08-25,12,0,DEL-001,Delhi – Connaught Place Inner Circle,Delhi,North,SKU-BAKE-004,Butter Flaky Croissant,Artisanal Bakery,B,180,55,1,180,0.0,NONE,180.0,125.0,69.44,UPI (GooglePay/PhonePe),5,Loyal Customer,1562
TXN-IN-10219,2026-08-26,9,0,BLR-002,Bengaluru – Koramangala 5th Block,Bengaluru,South,SKU-DES-007,Classic Tiramisu Cup,Desserts,B,260,85,2,520,0.0,NONE,520.0,350.0,67.31,Debit Card,4,Loyal Customer,1306
TXN-IN-10220,2026-08-15,19,1,BLR-002,Bengaluru – Koramangala 5th Block,Bengaluru,South,SKU-SNK-005,Truffle Cheese Mushroom Panini,Gourmet Food,A,340,120,1,340,0.0,NONE,340.0,220.0,64.71,UPI (GooglePay/PhonePe),5,Potential Loyalist,1766
TXN-IN-10221,2026-07-23,17,0,CHN-001,Chennai – Anna Nagar 2nd Avenue,Chennai,South,SKU-DES-007,Classic Tiramisu Cup,Desserts,B,260,85,4,1040,5.0,CAMPAIGN_CODE_PROMO,988.0,648.0,65.59,Credit Card,5,Potential Loyalist,955
TXN-IN-10222,2026-08-12,14,0,BLR-017,Bengaluru – JP Nagar (Outlet 17),Bengaluru,South,SKU-BAKE-004,Butter Flaky Croissant,Artisanal Bakery,B,180,55,1,180,5.0,CAMPAIGN_CODE_PROMO,171.0,116.0,67.84,UPI (GooglePay/PhonePe),4,Loyal Customer,1511
TXN-IN-10223,2026-08-24,21,0,MUM-001,Mumbai – Bandra West Linking Rd,Mumbai,West,SKU-PKG-008,Eco-Kraft Branded Cup (Carton),Packaging,C,950,620,1,950,0.0,NONE,950.0,330.0,34.74,UPI (GooglePay/PhonePe),5,Champion,1759
TXN-IN-10224,2026-07-27,19,0,HYD-001,Hyderabad – Hitec City Cyber Towers,Hyderabad,South,SKU-BAKE-004,Butter Flaky Croissant,Artisanal Bakery,B,180,55,2,360,0.0,NONE,360.0,250.0,69.44,UPI (GooglePay/PhonePe),5,Potential Loyalist,1407
TXN-IN-10225,2026-08-18,14,0,CHN-001,Chennai – Anna Nagar 2nd Avenue,Chennai,South,SKU-SNK-006,Smoked Paneer Tikka Sourdough,Gourmet Food,B,310,105,1,310,0.0,NONE,310.0,205.0,66.13,Debit Card,5,Hibernating,960
TXN-IN-10226,2026-08-09,9,1,MUM-001,Mumbai – Bandra West Linking Rd,Mumbai,West,SKU-SNK-006,Smoked Paneer Tikka Sourdough,Gourmet Food,B,310,105,1,310,0.0,NONE,310.0,205.0,66.13,UPI (GooglePay/PhonePe),5,Loyal Customer,2296
TXN-IN-10227,2026-08-26,14,0,DEL-002,Delhi – Cyber Hub Gurugram,Delhi NCR,North,SKU-SNK-005,Truffle Cheese Mushroom Panini,Gourmet Food,A,340,120,1,340,0.0,NONE,340.0,220.0,64.71,UPI (GooglePay/PhonePe),5,Potential Loyalist,1195
TXN-IN-10228,2026-08-10,18,0,MUM-002,Mumbai – Lower Parel High Street,Mumbai,West,SKU-PKG-008,Eco-Kraft Branded Cup (Carton),Packaging,C,950,620,4,3800,0.0,NONE,3800.0,1320.0,34.74,UPI (GooglePay/PhonePe),4,Loyal Customer,935
TXN-IN-10229,2026-08-23,17,1,HYD-001,Hyderabad – Hitec City Cyber Towers,Hyderabad,South,SKU-BEV-003,Nitro Cold Brew Infusion,Specialty Beverages,A,310,90,3,930,0.0,NONE,930.0,660.0,70.97,UPI (GooglePay/PhonePe),5,At Risk,1815
TXN-IN-10230,2026-08-31,20,0,BLR-001,Bengaluru – Indiranagar 100ft,Bengaluru,South,SKU-BEV-001,Artisanal Cold Brew (350ml),Specialty Beverages,A,240,65,1,240,0.0,NONE,240.0,175.0,72.92,UPI (GooglePay/PhonePe),5,Loyal Customer,1165
TXN-IN-10231,2026-07-23,17,0,HYD-001,Hyderabad – Hitec City Cyber Towers,Hyderabad,South,SKU-PKG-008,Eco-Kraft Branded Cup (Carton),Packaging,C,950,620,1,950,0.0,NONE,950.0,330.0,34.74,UPI (GooglePay/PhonePe),5,Loyal Customer,1383
TXN-IN-10232,2026-07-21,21,0,CHN-001,Chennai – Anna Nagar 2nd Avenue,Chennai,South,SKU-DES-007,Classic Tiramisu Cup,Desserts,B,260,85,2,520,5.0,CAMPAIGN_CODE_PROMO,494.0,324.0,65.59,Cash,5,Champion,974
TXN-IN-10233,2026-08-05,10,0,DEL-001,Delhi – Connaught Place Inner Circle,Delhi,North,SKU-SNK-005,Truffle Cheese Mushroom Panini,Gourmet Food,A,340,120,2,680,0.0,NONE,680.0,440.0,64.71,Debit Card,5,Hibernating,1477
TXN-IN-10234,2026-08-08,14,1,BLR-017,Bengaluru – JP Nagar (Outlet 17),Bengaluru,South,SKU-BEV-001,Artisanal Cold Brew (350ml),Specialty Beverages,A,240,65,1,240,5.0,CAMPAIGN_CODE_PROMO,228.0,163.0,71.49,UPI (GooglePay/PhonePe),5,At Risk,2002
TXN-IN-10235,2026-08-10,20,0,BLR-017,Bengaluru – JP Nagar (Outlet 17),Bengaluru,South,SKU-BEV-001,Artisanal Cold Brew (350ml),Specialty Beverages,A,240,65,1,240,0.0,NONE,240.0,175.0,72.92,Credit Card,5,Champion,1411
TXN-IN-10236,2026-08-23,13,1,BLR-001,Bengaluru – Indiranagar 100ft,Bengaluru,South,SKU-BEV-003,Nitro Cold Brew Infusion,Specialty Beverages,A,310,90,3,930,0.0,NONE,930.0,660.0,70.97,Cash,5,At Risk,1573
TXN-IN-10237,2026-07-24,17,0,MUM-002,Mumbai – Lower Parel High Street,Mumbai,West,SKU-BEV-003,Nitro Cold Brew Infusion,Specialty Beverages,A,310,90,2,620,0.0,NONE,620.0,440.0,70.97,Cash,5,Potential Loyalist,935
TXN-IN-10238,2026-09-02,16,0,BLR-017,Bengaluru – JP Nagar (Outlet 17),Bengaluru,South,SKU-SNK-006,Smoked Paneer Tikka Sourdough,Gourmet Food,B,310,105,1,310,0.0,NONE,310.0,205.0,66.13,Cash,2,Loyal Customer,1538
TXN-IN-10239,2026-08-09,16,1,BLR-001,Bengaluru – Indiranagar 100ft,Bengaluru,South,SKU-SNK-005,Truffle Cheese Mushroom Panini,Gourmet Food,A,340,120,2,680,0.0,NONE,680.0,440.0,64.71,Cash,2,Loyal Customer,1646
TXN-IN-10240,2026-08-26,13,0,DEL-002,Delhi – Cyber Hub Gurugram,Delhi NCR,North,SKU-BEV-002,Monsoon Cinnamon Latte,Specialty Beverages,A,280,80,2,560,0.0,NONE,560.0,400.0,71.43,UPI (GooglePay/PhonePe),5,Champion,1202
TXN-IN-10241,2026-08-29,11,1,BLR-002,Bengaluru – Koramangala 5th Block,Bengaluru,South,SKU-DES-007,Classic Tiramisu Cup,Desserts,B,260,85,1,260,10.0,CAMPAIGN_CODE_PROMO,234.0,149.0,63.68,Debit Card,5,Loyal Customer,1681
TXN-IN-10242,2026-07-25,17,1,BLR-002,Bengaluru – Koramangala 5th Block,Bengaluru,South,SKU-DES-007,Classic Tiramisu Cup,Desserts,B,260,85,1,260,0.0,NONE,260.0,175.0,67.31,UPI (GooglePay/PhonePe),5,Loyal Customer,1800
TXN-IN-10243,2026-08-27,15,0,DEL-001,Delhi – Connaught Place Inner Circle,Delhi,North,SKU-DES-007,Classic Tiramisu Cup,Desserts,B,260,85,1,260,0.0,NONE,260.0,175.0,67.31,Cash,3,Hibernating,1566
TXN-IN-10244,2026-08-22,13,1,BLR-002,Bengaluru – Koramangala 5th Block,Bengaluru,South,SKU-DES-007,Classic Tiramisu Cup,Desserts,B,260,85,1,260,0.0,NONE,260.0,175.0,67.31,UPI (GooglePay/PhonePe),5,Loyal Customer,1755
TXN-IN-10245,2026-08-08,21,1,HYD-001,Hyderabad – Hitec City Cyber Towers,Hyderabad,South,SKU-BEV-002,Monsoon Cinnamon Latte,Specialty Beverages,A,280,80,1,280,0.0,NONE,280.0,200.0,71.43,Debit Card,5,Champion,1823
TXN-IN-10246,2026-07-28,14,0,MUM-002,Mumbai – Lower Parel High Street,Mumbai,West,SKU-BEV-001,Artisanal Cold Brew (350ml),Specialty Beverages,A,240,65,3,720,0.0,NONE,720.0,525.0,72.92,Credit Card,5,Loyal Customer,1066
TXN-IN-10247,2026-08-27,21,0,BLR-002,Bengaluru – Koramangala 5th Block,Bengaluru,South,SKU-SNK-005,Truffle Cheese Mushroom Panini,Gourmet Food,A,340,120,1,340,0.0,NONE,340.0,220.0,64.71,Credit Card,5,Loyal Customer,1281
TXN-IN-10248,2026-08-07,13,0,HYD-001,Hyderabad – Hitec City Cyber Towers,Hyderabad,South,SKU-BAKE-004,Butter Flaky Croissant,Artisanal Bakery,B,180,55,1,180,0.0,NONE,180.0,125.0,69.44,Credit Card,5,Loyal Customer,1461
TXN-IN-10249,2026-08-23,16,1,BLR-002,Bengaluru – Koramangala 5th Block,Bengaluru,South,SKU-BEV-001,Artisanal Cold Brew (350ml),Specialty Beverages,A,240,65,4,960,0.0,NONE,960.0,700.0,72.92,Debit Card,4,At Risk,1665
TXN-IN-10250,2026-08-15,13,1,HYD-001,Hyderabad – Hitec City Cyber Towers,Hyderabad,South,SKU-BEV-003,Nitro Cold Brew Infusion,Specialty Beverages,A,310,90,2,620,0.0,NONE,620.0,440.0,70.97,Debit Card,4,Champion,1949
TXN-IN-10251,2026-08-19,19,0,DEL-002,Delhi – Cyber Hub Gurugram,Delhi NCR,North,SKU-DES-007,Classic Tiramisu Cup,Desserts,B,260,85,1,260,0.0,NONE,260.0,175.0,67.31,Cash,5,At Risk,1047
TXN-IN-10252,2026-08-04,9,0,DEL-001,Delhi – Connaught Place Inner Circle,Delhi,North,SKU-BEV-003,Nitro Cold Brew Infusion,Specialty Beverages,A,310,90,2,620,0.0,NONE,620.0,440.0,70.97,Debit Card,2,Loyal Customer,1530
TXN-IN-10253,2026-07-26,17,1,BLR-001,Bengaluru – Indiranagar 100ft,Bengaluru,South,SKU-BEV-002,Monsoon Cinnamon Latte,Specialty Beverages,A,280,80,1,280,0.0,NONE,280.0,200.0,71.43,Cash,4,Champion,1567
TXN-IN-10254,2026-08-14,9,0,HYD-001,Hyderabad – Hitec City Cyber Towers,Hyderabad,South,SKU-BEV-003,Nitro Cold Brew Infusion,Specialty Beverages,A,310,90,1,310,10.0,CAMPAIGN_CODE_PROMO,279.0,189.0,67.74,UPI (GooglePay/PhonePe),5,Hibernating,1346
TXN-IN-10255,2026-08-11,12,0,MUM-002,Mumbai – Lower Parel High Street,Mumbai,West,SKU-SNK-006,Smoked Paneer Tikka Sourdough,Gourmet Food,B,310,105,1,310,0.0,NONE,310.0,205.0,66.13,Debit Card,5,Potential Loyalist,1015
TXN-IN-10256,2026-08-09,19,1,BLR-017,Bengaluru – JP Nagar (Outlet 17),Bengaluru,South,SKU-SNK-005,Truffle Cheese Mushroom Panini,Gourmet Food,A,340,120,1,340,25.0,OVERRIDE_MGR_01,255.0,135.0,52.94,Credit Card,3,Champion,2026
TXN-IN-10257,2026-08-04,14,0,CHN-001,Chennai – Anna Nagar 2nd Avenue,Chennai,South,SKU-BEV-003,Nitro Cold Brew Infusion,Specialty Beverages,A,310,90,2,620,0.0,NONE,620.0,440.0,70.97,Debit Card,5,Loyal Customer,887
TXN-IN-10258,2026-07-31,18,0,DEL-002,Delhi – Cyber Hub Gurugram,Delhi NCR,North,SKU-DES-007,Classic Tiramisu Cup,Desserts,B,260,85,1,260,0.0,NONE,260.0,175.0,67.31,Cash,5,Champion,1074
TXN-IN-10259,2026-08-02,19,1,MUM-002,Mumbai – Lower Parel High Street,Mumbai,West,SKU-BEV-002,Monsoon Cinnamon Latte,Specialty Beverages,A,280,80,2,560,0.0,NONE,560.0,400.0,71.43,Credit Card,5,Loyal Customer,1310
TXN-IN-10260,2026-08-31,18,0,HYD-001,Hyderabad – Hitec City Cyber Towers,Hyderabad,South,SKU-SNK-006,Smoked Paneer Tikka Sourdough,Gourmet Food,B,310,105,2,620,0.0,NONE,620.0,410.0,66.13,Credit Card,5,Loyal Customer,1354
TXN-IN-10261,2026-09-01,13,0,MUM-002,Mumbai – Lower Parel High Street,Mumbai,West,SKU-BEV-002,Monsoon Cinnamon Latte,Specialty Beverages,A,280,80,2,560,0.0,NONE,560.0,400.0,71.43,UPI (GooglePay/PhonePe),5,Potential Loyalist,1030
TXN-IN-10262,2026-08-13,15,0,DEL-002,Delhi – Cyber Hub Gurugram,Delhi NCR,North,SKU-BEV-003,Nitro Cold Brew Infusion,Specialty Beverages,A,310,90,2,620,0.0,NONE,620.0,440.0,70.97,Cash,4,Potential Loyalist,1064
TXN-IN-10263,2026-08-24,12,0,BLR-002,Bengaluru – Koramangala 5th Block,Bengaluru,South,SKU-PKG-008,Eco-Kraft Branded Cup (Carton),Packaging,C,950,620,1,950,0.0,NONE,950.0,330.0,34.74,Cash,5,Loyal Customer,1202
TXN-IN-10264,2026-08-20,21,0,BLR-002,Bengaluru – Koramangala 5th Block,Bengaluru,South,SKU-BAKE-004,Butter Flaky Croissant,Artisanal Bakery,B,180,55,2,360,0.0,NONE,360.0,250.0,69.44,Debit Card,5,Loyal Customer,1381
TXN-IN-10265,2026-08-17,9,0,HYD-001,Hyderabad – Hitec City Cyber Towers,Hyderabad,South,SKU-BEV-003,Nitro Cold Brew Infusion,Specialty Beverages,A,310,90,1,310,0.0,NONE,310.0,220.0,70.97,Credit Card,5,Champion,1383
TXN-IN-10266,2026-07-30,11,0,HYD-001,Hyderabad – Hitec City Cyber Towers,Hyderabad,South,SKU-PKG-008,Eco-Kraft Branded Cup (Carton),Packaging,C,950,620,1,950,15.0,CAMPAIGN_CODE_PROMO,807.5,187.5,23.22,Credit Card,5,Potential Loyalist,1504
TXN-IN-10267,2026-08-17,11,0,CHN-001,Chennai – Anna Nagar 2nd Avenue,Chennai,South,SKU-BAKE-004,Butter Flaky Croissant,Artisanal Bakery,B,180,55,4,720,0.0,NONE,720.0,500.0,69.44,UPI (GooglePay/PhonePe),5,Hibernating,955
TXN-IN-10268,2026-08-05,22,0,DEL-001,Delhi – Connaught Place Inner Circle,Delhi,North,SKU-BEV-002,Monsoon Cinnamon Latte,Specialty Beverages,A,280,80,1,280,0.0,NONE,280.0,200.0,71.43,UPI (GooglePay/PhonePe),5,Potential Loyalist,1596
TXN-IN-10269,2026-08-11,19,0,DEL-002,Delhi – Cyber Hub Gurugram,Delhi NCR,North,SKU-BEV-003,Nitro Cold Brew Infusion,Specialty Beverages,A,310,90,2,620,0.0,NONE,620.0,440.0,70.97,UPI (GooglePay/PhonePe),5,Loyal Customer,1172
TXN-IN-10270,2026-08-23,13,1,BLR-002,Bengaluru – Koramangala 5th Block,Bengaluru,South,SKU-SNK-006,Smoked Paneer Tikka Sourdough,Gourmet Food,B,310,105,4,1240,0.0,NONE,1240.0,820.0,66.13,Cash,1,Potential Loyalist,1672
TXN-IN-10271,2026-07-28,20,0,DEL-002,Delhi – Cyber Hub Gurugram,Delhi NCR,North,SKU-BEV-001,Artisanal Cold Brew (350ml),Specialty Beverages,A,240,65,4,960,5.0,CAMPAIGN_CODE_PROMO,912.0,652.0,71.49,UPI (GooglePay/PhonePe),5,Loyal Customer,1083
TXN-IN-10272,2026-09-01,18,0,DEL-002,Delhi – Cyber Hub Gurugram,Delhi NCR,North,SKU-PKG-008,Eco-Kraft Branded Cup (Carton),Packaging,C,950,620,1,950,0.0,NONE,950.0,330.0,34.74,Debit Card,5,Potential Loyalist,1216
TXN-IN-10273,2026-07-25,20,1,DEL-002,Delhi – Cyber Hub Gurugram,Delhi NCR,North,SKU-SNK-005,Truffle Cheese Mushroom Panini,Gourmet Food,A,340,120,2,680,0.0,NONE,680.0,440.0,64.71,Debit Card,5,Champion,1603
TXN-IN-10274,2026-07-25,19,1,HYD-001,Hyderabad – Hitec City Cyber Towers,Hyderabad,South,SKU-SNK-006,Smoked Paneer Tikka Sourdough,Gourmet Food,B,310,105,3,930,0.0,NONE,930.0,615.0,66.13,Debit Card,4,Loyal Customer,1878
TXN-IN-10275,2026-08-07,16,0,DEL-001,Delhi – Connaught Place Inner Circle,Delhi,North,SKU-BEV-003,Nitro Cold Brew Infusion,Specialty Beverages,A,310,90,2,620,0.0,NONE,620.0,440.0,70.97,UPI (GooglePay/PhonePe),5,Potential Loyalist,1537
TXN-IN-10276,2026-07-21,8,0,BLR-017,Bengaluru – JP Nagar (Outlet 17),Bengaluru,South,SKU-BEV-003,Nitro Cold Brew Infusion,Specialty Beverages,A,310,90,1,310,0.0,NONE,310.0,220.0,70.97,UPI (GooglePay/PhonePe),3,Loyal Customer,1410
TXN-IN-10277,2026-07-25,18,1,DEL-001,Delhi – Connaught Place Inner Circle,Delhi,North,SKU-SNK-005,Truffle Cheese Mushroom Panini,Gourmet Food,A,340,120,1,340,0.0,NONE,340.0,220.0,64.71,UPI (GooglePay/PhonePe),5,Loyal Customer,2124
TXN-IN-10278,2026-08-03,8,0,DEL-002,Delhi – Cyber Hub Gurugram,Delhi NCR,North,SKU-BEV-002,Monsoon Cinnamon Latte,Specialty Beverages,A,280,80,2,560,0.0,NONE,560.0,400.0,71.43,UPI (GooglePay/PhonePe),5,Loyal Customer,1133
TXN-IN-10279,2026-07-20,22,0,BLR-001,Bengaluru – Indiranagar 100ft,Bengaluru,South,SKU-SNK-006,Smoked Paneer Tikka Sourdough,Gourmet Food,B,310,105,2,620,0.0,NONE,620.0,410.0,66.13,UPI (GooglePay/PhonePe),5,Champion,1092
TXN-IN-10280,2026-07-26,13,1,BLR-017,Bengaluru – JP Nagar (Outlet 17),Bengaluru,South,SKU-SNK-006,Smoked Paneer Tikka Sourdough,Gourmet Food,B,310,105,1,310,25.0,OVERRIDE_MGR_01,232.5,127.5,54.84,UPI (GooglePay/PhonePe),3,Champion,1981
TXN-IN-10281,2026-07-20,12,0,BLR-002,Bengaluru – Koramangala 5th Block,Bengaluru,South,SKU-PKG-008,Eco-Kraft Branded Cup (Carton),Packaging,C,950,620,1,950,0.0,NONE,950.0,330.0,34.74,Debit Card,4,Loyal Customer,1255
TXN-IN-10282,2026-07-25,18,1,BLR-017,Bengaluru – JP Nagar (Outlet 17),Bengaluru,South,SKU-BEV-003,Nitro Cold Brew Infusion,Specialty Beverages,A,310,90,2,620,25.0,OVERRIDE_MGR_01,465.0,285.0,61.29,Debit Card,5,Loyal Customer,1858
TXN-IN-10283,2026-08-04,19,0,CHN-001,Chennai – Anna Nagar 2nd Avenue,Chennai,South,SKU-SNK-005,Truffle Cheese Mushroom Panini,Gourmet Food,A,340,120,2,680,0.0,NONE,680.0,440.0,64.71,Credit Card,5,Potential Loyalist,888
TXN-IN-10284,2026-08-14,19,0,MUM-002,Mumbai – Lower Parel High Street,Mumbai,West,SKU-BEV-001,Artisanal Cold Brew (350ml),Specialty Beverages,A,240,65,2,480,0.0,NONE,480.0,350.0,72.92,Debit Card,5,Loyal Customer,1052
TXN-IN-10285,2026-07-24,21,0,CHN-001,Chennai – Anna Nagar 2nd Avenue,Chennai,South,SKU-BEV-001,Artisanal Cold Brew (350ml),Specialty Beverages,A,240,65,4,960,15.0,CAMPAIGN_CODE_PROMO,816.0,556.0,68.14,Debit Card,5,Potential Loyalist,1035
TXN-IN-10286,2026-08-19,8,0,BLR-017,Bengaluru – JP Nagar (Outlet 17),Bengaluru,South,SKU-BEV-001,Artisanal Cold Brew (350ml),Specialty Beverages,A,240,65,2,480,25.0,OVERRIDE_MGR_01,360.0,230.0,63.89,UPI (GooglePay/PhonePe),4,Loyal Customer,1522
TXN-IN-10287,2026-08-21,10,0,DEL-002,Delhi – Cyber Hub Gurugram,Delhi NCR,North,SKU-DES-007,Classic Tiramisu Cup,Desserts,B,260,85,2,520,0.0,NONE,520.0,350.0,67.31,Cash,5,Champion,1040
TXN-IN-10288,2026-08-21,15,0,MUM-001,Mumbai – Bandra West Linking Rd,Mumbai,West,SKU-BEV-003,Nitro Cold Brew Infusion,Specialty Beverages,A,310,90,1,310,0.0,NONE,310.0,220.0,70.97,UPI (GooglePay/PhonePe),5,Loyal Customer,1631
TXN-IN-10289,2026-07-23,11,0,MUM-001,Mumbai – Bandra West Linking Rd,Mumbai,West,SKU-BEV-002,Monsoon Cinnamon Latte,Specialty Beverages,A,280,80,3,840,0.0,NONE,840.0,600.0,71.43,UPI (GooglePay/PhonePe),5,Potential Loyalist,1759
TXN-IN-10290,2026-07-31,19,0,BLR-017,Bengaluru – JP Nagar (Outlet 17),Bengaluru,South,SKU-BEV-001,Artisanal Cold Brew (350ml),Specialty Beverages,A,240,65,2,480,25.0,OVERRIDE_MGR_01,360.0,230.0,63.89,Credit Card,2,Potential Loyalist,1382
TXN-IN-10291,2026-08-12,11,0,BLR-002,Bengaluru – Koramangala 5th Block,Bengaluru,South,SKU-SNK-005,Truffle Cheese Mushroom Panini,Gourmet Food,A,340,120,2,680,0.0,NONE,680.0,440.0,64.71,Credit Card,4,Loyal Customer,1216
TXN-IN-10292,2026-08-05,14,0,BLR-017,Bengaluru – JP Nagar (Outlet 17),Bengaluru,South,SKU-PKG-008,Eco-Kraft Branded Cup (Carton),Packaging,C,950,620,1,950,0.0,NONE,950.0,330.0,34.74,Credit Card,5,Potential Loyalist,1486
TXN-IN-10293,2026-09-01,8,0,BLR-017,Bengaluru – JP Nagar (Outlet 17),Bengaluru,South,SKU-BAKE-004,Butter Flaky Croissant,Artisanal Bakery,B,180,55,2,360,5.0,CAMPAIGN_CODE_PROMO,342.0,232.0,67.84,Debit Card,5,Hibernating,1385
TXN-IN-10294,2026-07-22,13,0,CHN-001,Chennai – Anna Nagar 2nd Avenue,Chennai,South,SKU-DES-007,Classic Tiramisu Cup,Desserts,B,260,85,1,260,0.0,NONE,260.0,175.0,67.31,Credit Card,5,Champion,935
TXN-IN-10295,2026-07-27,20,0,CHN-001,Chennai – Anna Nagar 2nd Avenue,Chennai,South,SKU-BEV-001,Artisanal Cold Brew (350ml),Specialty Beverages,A,240,65,1,240,0.0,NONE,240.0,175.0,72.92,Debit Card,5,Loyal Customer,912
TXN-IN-10296,2026-08-08,8,1,DEL-001,Delhi – Connaught Place Inner Circle,Delhi,North,SKU-BEV-002,Monsoon Cinnamon Latte,Specialty Beverages,A,280,80,2,560,0.0,NONE,560.0,400.0,71.43,Cash,4,Potential Loyalist,2007
TXN-IN-10297,2026-08-18,19,0,DEL-001,Delhi – Connaught Place Inner Circle,Delhi,North,SKU-PKG-008,Eco-Kraft Branded Cup (Carton),Packaging,C,950,620,4,3800,0.0,NONE,3800.0,1320.0,34.74,Cash,4,Champion,1421
TXN-IN-10298,2026-08-15,18,1,BLR-001,Bengaluru – Indiranagar 100ft,Bengaluru,South,SKU-BAKE-004,Butter Flaky Croissant,Artisanal Bakery,B,180,55,1,180,0.0,NONE,180.0,125.0,69.44,UPI (GooglePay/PhonePe),2,Champion,1640
TXN-IN-10299,2026-08-13,22,0,MUM-002,Mumbai – Lower Parel High Street,Mumbai,West,SKU-BEV-002,Monsoon Cinnamon Latte,Specialty Beverages,A,280,80,1,280,0.0,NONE,280.0,200.0,71.43,UPI (GooglePay/PhonePe),1,Champion,971
TXN-IN-10300,2026-07-25,17,1,BLR-001,Bengaluru – Indiranagar 100ft,Bengaluru,South,SKU-BAKE-004,Butter Flaky Croissant,Artisanal Bakery,B,180,55,3,540,0.0,NONE,540.0,375.0,69.44,Credit Card,5,Potential Loyalist,1620
TXN-IN-10301,2026-07-26,15,1,CHN-001,Chennai – Anna Nagar 2nd Avenue,Chennai,South,SKU-BEV-003,Nitro Cold Brew Infusion,Specialty Beverages,A,310,90,2,620,0.0,NONE,620.0,440.0,70.97,UPI (GooglePay/PhonePe),5,Hibernating,1222
TXN-IN-10302,2026-08-07,15,0,MUM-002,Mumbai – Lower Parel High Street,Mumbai,West,SKU-SNK-006,Smoked Paneer Tikka Sourdough,Gourmet Food,B,310,105,3,930,0.0,NONE,930.0,615.0,66.13,Credit Card,5,Loyal Customer,919
TXN-IN-10303,2026-08-01,12,1,BLR-002,Bengaluru – Koramangala 5th Block,Bengaluru,South,SKU-BEV-002,Monsoon Cinnamon Latte,Specialty Beverages,A,280,80,1,280,0.0,NONE,280.0,200.0,71.43,Debit Card,5,Loyal Customer,1845
TXN-IN-10304,2026-08-02,20,1,HYD-001,Hyderabad – Hitec City Cyber Towers,Hyderabad,South,SKU-SNK-005,Truffle Cheese Mushroom Panini,Gourmet Food,A,340,120,1,340,15.0,CAMPAIGN_CODE_PROMO,289.0,169.0,58.48,Credit Card,4,Potential Loyalist,1806
TXN-IN-10305,2026-08-02,13,1,DEL-001,Delhi – Connaught Place Inner Circle,Delhi,North,SKU-BEV-003,Nitro Cold Brew Infusion,Specialty Beverages,A,310,90,1,310,0.0,NONE,310.0,220.0,70.97,Cash,5,Loyal Customer,1989
TXN-IN-10306,2026-07-21,17,0,DEL-002,Delhi – Cyber Hub Gurugram,Delhi NCR,North,SKU-PKG-008,Eco-Kraft Branded Cup (Carton),Packaging,C,950,620,2,1900,5.0,CAMPAIGN_CODE_PROMO,1805.0,565.0,31.3,UPI (GooglePay/PhonePe),5,Champion,1219
TXN-IN-10307,2026-08-03,14,0,BLR-002,Bengaluru – Koramangala 5th Block,Bengaluru,South,SKU-BAKE-004,Butter Flaky Croissant,Artisanal Bakery,B,180,55,2,360,0.0,NONE,360.0,250.0,69.44,UPI (GooglePay/PhonePe),5,Loyal Customer,1219
TXN-IN-10308,2026-07-21,16,0,BLR-017,Bengaluru – JP Nagar (Outlet 17),Bengaluru,South,SKU-BAKE-004,Butter Flaky Croissant,Artisanal Bakery,B,180,55,3,540,25.0,OVERRIDE_MGR_01,405.0,240.0,59.26,Credit Card,1,Champion,1486
TXN-IN-10309,2026-08-16,19,1,DEL-002,Delhi – Cyber Hub Gurugram,Delhi NCR,North,SKU-PKG-008,Eco-Kraft Branded Cup (Carton),Packaging,C,950,620,1,950,0.0,NONE,950.0,330.0,34.74,UPI (GooglePay/PhonePe),3,Loyal Customer,1519
TXN-IN-10310,2026-07-29,17,0,BLR-001,Bengaluru – Indiranagar 100ft,Bengaluru,South,SKU-BAKE-004,Butter Flaky Croissant,Artisanal Bakery,B,180,55,2,360,0.0,NONE,360.0,250.0,69.44,Debit Card,5,Loyal Customer,1105
TXN-IN-10311,2026-08-15,19,1,MUM-001,Mumbai – Bandra West Linking Rd,Mumbai,West,SKU-BAKE-004,Butter Flaky Croissant,Artisanal Bakery,B,180,55,2,360,0.0,NONE,360.0,250.0,69.44,Debit Card,4,Loyal Customer,2286
TXN-IN-10312,2026-08-20,12,0,DEL-001,Delhi – Connaught Place Inner Circle,Delhi,North,SKU-SNK-006,Smoked Paneer Tikka Sourdough,Gourmet Food,B,310,105,1,310,0.0,NONE,310.0,205.0,66.13,UPI (GooglePay/PhonePe),5,At Risk,1491
TXN-IN-10313,2026-07-23,22,0,HYD-001,Hyderabad – Hitec City Cyber Towers,Hyderabad,South,SKU-SNK-006,Smoked Paneer Tikka Sourdough,Gourmet Food,B,310,105,2,620,0.0,NONE,620.0,410.0,66.13,UPI (GooglePay/PhonePe),5,Champion,1446
TXN-IN-10314,2026-07-23,20,0,MUM-001,Mumbai – Bandra West Linking Rd,Mumbai,West,SKU-DES-007,Classic Tiramisu Cup,Desserts,B,260,85,1,260,0.0,NONE,260.0,175.0,67.31,UPI (GooglePay/PhonePe),5,Loyal Customer,1758
TXN-IN-10315,2026-09-02,14,0,DEL-001,Delhi – Connaught Place Inner Circle,Delhi,North,SKU-BEV-001,Artisanal Cold Brew (350ml),Specialty Beverages,A,240,65,2,480,0.0,NONE,480.0,350.0,72.92,UPI (GooglePay/PhonePe),5,Champion,1546
TXN-IN-10316,2026-08-23,11,1,MUM-002,Mumbai – Lower Parel High Street,Mumbai,West,SKU-BEV-003,Nitro Cold Brew Infusion,Specialty Beverages,A,310,90,1,310,0.0,NONE,310.0,220.0,70.97,UPI (GooglePay/PhonePe),5,Loyal Customer,1327
TXN-IN-10317,2026-08-28,12,0,MUM-001,Mumbai – Bandra West Linking Rd,Mumbai,West,SKU-BEV-003,Nitro Cold Brew Infusion,Specialty Beverages,A,310,90,1,310,0.0,NONE,310.0,220.0,70.97,Credit Card,5,Champion,1750
TXN-IN-10318,2026-07-29,14,0,BLR-017,Bengaluru – JP Nagar (Outlet 17),Bengaluru,South,SKU-SNK-006,Smoked Paneer Tikka Sourdough,Gourmet Food,B,310,105,4,1240,0.0,NONE,1240.0,820.0,66.13,UPI (GooglePay/PhonePe),5,Loyal Customer,1380
TXN-IN-10319,2026-08-16,21,1,HYD-001,Hyderabad – Hitec City Cyber Towers,Hyderabad,South,SKU-SNK-006,Smoked Paneer Tikka Sourdough,Gourmet Food,B,310,105,1,310,0.0,NONE,310.0,205.0,66.13,Cash,4,Champion,1946
TXN-IN-10320,2026-07-31,13,0,DEL-002,Delhi – Cyber Hub Gurugram,Delhi NCR,North,SKU-SNK-005,Truffle Cheese Mushroom Panini,Gourmet Food,A,340,120,2,680,0.0,NONE,680.0,440.0,64.71,UPI (GooglePay/PhonePe),2,Hibernating,1120
TXN-IN-10321,2026-08-25,21,0,BLR-001,Bengaluru – Indiranagar 100ft,Bengaluru,South,SKU-BEV-003,Nitro Cold Brew Infusion,Specialty Beverages,A,310,90,2,620,0.0,NONE,620.0,440.0,70.97,UPI (GooglePay/PhonePe),4,Champion,1197
TXN-IN-10322,2026-07-29,22,0,DEL-001,Delhi – Connaught Place Inner Circle,Delhi,North,SKU-BEV-002,Monsoon Cinnamon Latte,Specialty Beverages,A,280,80,1,280,0.0,NONE,280.0,200.0,71.43,UPI (GooglePay/PhonePe),4,Potential Loyalist,1606
TXN-IN-10323,2026-08-10,13,0,HYD-001,Hyderabad – Hitec City Cyber Towers,Hyderabad,South,SKU-BEV-001,Artisanal Cold Brew (350ml),Specialty Beverages,A,240,65,1,240,10.0,CAMPAIGN_CODE_PROMO,216.0,151.0,69.91,UPI (GooglePay/PhonePe),4,Champion,1422
TXN-IN-10324,2026-08-15,14,1,BLR-002,Bengaluru – Koramangala 5th Block,Bengaluru,South,SKU-DES-007,Classic Tiramisu Cup,Desserts,B,260,85,1,260,0.0,NONE,260.0,175.0,67.31,UPI (GooglePay/PhonePe),4,Potential Loyalist,1795
TXN-IN-10325,2026-08-30,19,1,MUM-001,Mumbai – Bandra West Linking Rd,Mumbai,West,SKU-BEV-003,Nitro Cold Brew Infusion,Specialty Beverages,A,310,90,1,310,5.0,CAMPAIGN_CODE_PROMO,294.5,204.5,69.44,Credit Card,5,Champion,2234
TXN-IN-10326,2026-07-30,17,0,DEL-002,Delhi – Cyber Hub Gurugram,Delhi NCR,North,SKU-BEV-003,Nitro Cold Brew Infusion,Specialty Beverages,A,310,90,2,620,0.0,NONE,620.0,440.0,70.97,UPI (GooglePay/PhonePe),5,Hibernating,1143
TXN-IN-10327,2026-09-03,12,0,BLR-001,Bengaluru – Indiranagar 100ft,Bengaluru,South,SKU-DES-007,Classic Tiramisu Cup,Desserts,B,260,85,3,780,0.0,NONE,780.0,525.0,67.31,UPI (GooglePay/PhonePe),5,Loyal Customer,1118
TXN-IN-10328,2026-08-15,13,1,CHN-001,Chennai – Anna Nagar 2nd Avenue,Chennai,South,SKU-SNK-005,Truffle Cheese Mushroom Panini,Gourmet Food,A,340,120,2,680,10.0,CAMPAIGN_CODE_PROMO,612.0,372.0,60.78,Cash,5,Loyal Customer,1175
TXN-IN-10329,2026-08-12,20,0,BLR-001,Bengaluru – Indiranagar 100ft,Bengaluru,South,SKU-DES-007,Classic Tiramisu Cup,Desserts,B,260,85,1,260,0.0,NONE,260.0,175.0,67.31,Debit Card,5,Champion,1113
TXN-IN-10330,2026-08-29,11,1,MUM-002,Mumbai – Lower Parel High Street,Mumbai,West,SKU-BEV-002,Monsoon Cinnamon Latte,Specialty Beverages,A,280,80,1,280,0.0,NONE,280.0,200.0,71.43,Debit Card,5,Potential Loyalist,1266
TXN-IN-10331,2026-08-30,20,1,CHN-001,Chennai – Anna Nagar 2nd Avenue,Chennai,South,SKU-DES-007,Classic Tiramisu Cup,Desserts,B,260,85,1,260,0.0,NONE,260.0,175.0,67.31,Debit Card,5,Loyal Customer,1229
TXN-IN-10332,2026-08-03,19,0,MUM-002,Mumbai – Lower Parel High Street,Mumbai,West,SKU-BEV-001,Artisanal Cold Brew (350ml),Specialty Beverages,A,240,65,1,240,15.0,CAMPAIGN_CODE_PROMO,204.0,139.0,68.14,Credit Card,4,Loyal Customer,1093
TXN-IN-10333,2026-08-26,20,0,MUM-001,Mumbai – Bandra West Linking Rd,Mumbai,West,SKU-BEV-001,Artisanal Cold Brew (350ml),Specialty Beverages,A,240,65,2,480,0.0,NONE,480.0,350.0,72.92,Cash,4,Hibernating,1716
TXN-IN-10334,2026-08-04,20,0,HYD-001,Hyderabad – Hitec City Cyber Towers,Hyderabad,South,SKU-SNK-005,Truffle Cheese Mushroom Panini,Gourmet Food,A,340,120,1,340,0.0,NONE,340.0,220.0,64.71,Cash,5,Loyal Customer,1456
TXN-IN-10335,2026-09-01,16,0,BLR-002,Bengaluru – Koramangala 5th Block,Bengaluru,South,SKU-BEV-002,Monsoon Cinnamon Latte,Specialty Beverages,A,280,80,3,840,0.0,NONE,840.0,600.0,71.43,UPI (GooglePay/PhonePe),1,At Risk,1232
TXN-IN-10336,2026-07-22,16,0,DEL-002,Delhi – Cyber Hub Gurugram,Delhi NCR,North,SKU-BEV-002,Monsoon Cinnamon Latte,Specialty Beverages,A,280,80,4,1120,0.0,NONE,1120.0,800.0,71.43,UPI (GooglePay/PhonePe),4,Loyal Customer,1206
TXN-IN-10337,2026-07-24,17,0,BLR-017,Bengaluru – JP Nagar (Outlet 17),Bengaluru,South,SKU-DES-007,Classic Tiramisu Cup,Desserts,B,260,85,2,520,0.0,NONE,520.0,350.0,67.31,UPI (GooglePay/PhonePe),4,Potential Loyalist,1473
TXN-IN-10338,2026-08-15,17,1,BLR-017,Bengaluru – JP Nagar (Outlet 17),Bengaluru,South,SKU-DES-007,Classic Tiramisu Cup,Desserts,B,260,85,1,260,0.0,NONE,260.0,175.0,67.31,UPI (GooglePay/PhonePe),3,Loyal Customer,1862
TXN-IN-10339,2026-08-07,13,0,CHN-001,Chennai – Anna Nagar 2nd Avenue,Chennai,South,SKU-SNK-006,Smoked Paneer Tikka Sourdough,Gourmet Food,B,310,105,3,930,0.0,NONE,930.0,615.0,66.13,Cash,4,Champion,910
TXN-IN-10340,2026-08-14,20,0,BLR-002,Bengaluru – Koramangala 5th Block,Bengaluru,South,SKU-DES-007,Classic Tiramisu Cup,Desserts,B,260,85,1,260,0.0,NONE,260.0,175.0,67.31,UPI (GooglePay/PhonePe),5,Loyal Customer,1268
TXN-IN-10341,2026-08-12,13,0,BLR-001,Bengaluru – Indiranagar 100ft,Bengaluru,South,SKU-SNK-006,Smoked Paneer Tikka Sourdough,Gourmet Food,B,310,105,2,620,0.0,NONE,620.0,410.0,66.13,Debit Card,3,Potential Loyalist,1128
TXN-IN-10342,2026-07-28,14,0,MUM-002,Mumbai – Lower Parel High Street,Mumbai,West,SKU-PKG-008,Eco-Kraft Branded Cup (Carton),Packaging,C,950,620,2,1900,0.0,NONE,1900.0,660.0,34.74,Cash,4,Champion,954
TXN-IN-10343,2026-08-15,17,1,HYD-001,Hyderabad – Hitec City Cyber Towers,Hyderabad,South,SKU-SNK-006,Smoked Paneer Tikka Sourdough,Gourmet Food,B,310,105,2,620,0.0,NONE,620.0,410.0,66.13,Credit Card,4,Loyal Customer,1995
TXN-IN-10344,2026-08-22,20,1,BLR-001,Bengaluru – Indiranagar 100ft,Bengaluru,South,SKU-BEV-003,Nitro Cold Brew Infusion,Specialty Beverages,A,310,90,1,310,0.0,NONE,310.0,220.0,70.97,UPI (GooglePay/PhonePe),5,Champion,1564
TXN-IN-10345,2026-09-03,16,0,MUM-001,Mumbai – Bandra West Linking Rd,Mumbai,West,SKU-SNK-005,Truffle Cheese Mushroom Panini,Gourmet Food,A,340,120,1,340,0.0,NONE,340.0,220.0,64.71,UPI (GooglePay/PhonePe),4,Champion,1695
TXN-IN-10346,2026-08-27,16,0,HYD-001,Hyderabad – Hitec City Cyber Towers,Hyderabad,South,SKU-BEV-003,Nitro Cold Brew Infusion,Specialty Beverages,A,310,90,4,1240,0.0,NONE,1240.0,880.0,70.97,Credit Card,5,At Risk,1501
TXN-IN-10347,2026-09-02,10,0,BLR-017,Bengaluru – JP Nagar (Outlet 17),Bengaluru,South,SKU-SNK-005,Truffle Cheese Mushroom Panini,Gourmet Food,A,340,120,1,340,0.0,NONE,340.0,220.0,64.71,UPI (GooglePay/PhonePe),3,Potential Loyalist,1513
TXN-IN-10348,2026-08-02,20,1,MUM-002,Mumbai – Lower Parel High Street,Mumbai,West,SKU-DES-007,Classic Tiramisu Cup,Desserts,B,260,85,1,260,0.0,NONE,260.0,175.0,67.31,UPI (GooglePay/PhonePe),5,Champion,1287
TXN-IN-10349,2026-08-27,20,0,BLR-001,Bengaluru – Indiranagar 100ft,Bengaluru,South,SKU-BAKE-004,Butter Flaky Croissant,Artisanal Bakery,B,180,55,1,180,0.0,NONE,180.0,125.0,69.44,Credit Card,5,Loyal Customer,1159
TXN-IN-10350,2026-08-18,18,0,MUM-002,Mumbai – Lower Parel High Street,Mumbai,West,SKU-BAKE-004,Butter Flaky Croissant,Artisanal Bakery,B,180,55,1,180,0.0,NONE,180.0,125.0,69.44,Debit Card,5,Champion,1069
TXN-IN-10351,2026-08-12,11,0,CHN-001,Chennai – Anna Nagar 2nd Avenue,Chennai,South,SKU-SNK-005,Truffle Cheese Mushroom Panini,Gourmet Food,A,340,120,1,340,10.0,CAMPAIGN_CODE_PROMO,306.0,186.0,60.78,Credit Card,3,Loyal Customer,1022
TXN-IN-10352,2026-08-30,19,1,MUM-002,Mumbai – Lower Parel High Street,Mumbai,West,SKU-BAKE-004,Butter Flaky Croissant,Artisanal Bakery,B,180,55,1,180,0.0,NONE,180.0,125.0,69.44,Cash,5,Loyal Customer,1278
TXN-IN-10353,2026-07-21,15,0,HYD-001,Hyderabad – Hitec City Cyber Towers,Hyderabad,South,SKU-SNK-005,Truffle Cheese Mushroom Panini,Gourmet Food,A,340,120,1,340,0.0,NONE,340.0,220.0,64.71,UPI (GooglePay/PhonePe),5,Hibernating,1358
TXN-IN-10354,2026-08-10,18,0,MUM-001,Mumbai – Bandra West Linking Rd,Mumbai,West,SKU-PKG-008,Eco-Kraft Branded Cup (Carton),Packaging,C,950,620,3,2850,0.0,NONE,2850.0,990.0,34.74,UPI (GooglePay/PhonePe),4,At Risk,1616
TXN-IN-10355,2026-08-07,13,0,BLR-017,Bengaluru – JP Nagar (Outlet 17),Bengaluru,South,SKU-PKG-008,Eco-Kraft Branded Cup (Carton),Packaging,C,950,620,1,950,0.0,NONE,950.0,330.0,34.74,UPI (GooglePay/PhonePe),2,At Risk,1507
TXN-IN-10356,2026-07-25,20,1,MUM-001,Mumbai – Bandra West Linking Rd,Mumbai,West,SKU-SNK-006,Smoked Paneer Tikka Sourdough,Gourmet Food,B,310,105,1,310,0.0,NONE,310.0,205.0,66.13,Credit Card,5,Loyal Customer,2265
TXN-IN-10357,2026-07-27,18,0,HYD-001,Hyderabad – Hitec City Cyber Towers,Hyderabad,South,SKU-BEV-001,Artisanal Cold Brew (350ml),Specialty Beverages,A,240,65,3,720,0.0,NONE,720.0,525.0,72.92,UPI (GooglePay/PhonePe),5,Champion,1340
TXN-IN-10358,2026-09-01,20,0,DEL-002,Delhi – Cyber Hub Gurugram,Delhi NCR,North,SKU-SNK-005,Truffle Cheese Mushroom Panini,Gourmet Food,A,340,120,1,340,0.0,NONE,340.0,220.0,64.71,UPI (GooglePay/PhonePe),5,Hibernating,1137
TXN-IN-10359,2026-07-29,16,0,DEL-001,Delhi – Connaught Place Inner Circle,Delhi,North,SKU-BEV-003,Nitro Cold Brew Infusion,Specialty Beverages,A,310,90,2,620,0.0,NONE,620.0,440.0,70.97,UPI (GooglePay/PhonePe),5,Champion,1535
TXN-IN-10360,2026-08-06,12,0,MUM-001,Mumbai – Bandra West Linking Rd,Mumbai,West,SKU-BEV-003,Nitro Cold Brew Infusion,Specialty Beverages,A,310,90,2,620,0.0,NONE,620.0,440.0,70.97,UPI (GooglePay/PhonePe),5,Loyal Customer,1679
TXN-IN-10361,2026-08-14,9,0,DEL-002,Delhi – Cyber Hub Gurugram,Delhi NCR,North,SKU-PKG-008,Eco-Kraft Branded Cup (Carton),Packaging,C,950,620,1,950,0.0,NONE,950.0,330.0,34.74,Credit Card,2,At Risk,1213
TXN-IN-10362,2026-08-22,18,1,MUM-001,Mumbai – Bandra West Linking Rd,Mumbai,West,SKU-BEV-001,Artisanal Cold Brew (350ml),Specialty Beverages,A,240,65,2,480,0.0,NONE,480.0,350.0,72.92,Credit Card,5,Champion,2275
TXN-IN-10363,2026-08-26,9,0,MUM-002,Mumbai – Lower Parel High Street,Mumbai,West,SKU-BEV-003,Nitro Cold Brew Infusion,Specialty Beverages,A,310,90,1,310,0.0,NONE,310.0,220.0,70.97,Debit Card,4,Loyal Customer,986
TXN-IN-10364,2026-08-16,17,1,BLR-002,Bengaluru – Koramangala 5th Block,Bengaluru,South,SKU-SNK-006,Smoked Paneer Tikka Sourdough,Gourmet Food,B,310,105,4,1240,0.0,NONE,1240.0,820.0,66.13,UPI (GooglePay/PhonePe),2,At Risk,1751
TXN-IN-10365,2026-07-21,11,0,MUM-001,Mumbai – Bandra West Linking Rd,Mumbai,West,SKU-BAKE-004,Butter Flaky Croissant,Artisanal Bakery,B,180,55,2,360,0.0,NONE,360.0,250.0,69.44,Cash,5,Champion,1752
TXN-IN-10366,2026-08-30,13,1,BLR-001,Bengaluru – Indiranagar 100ft,Bengaluru,South,SKU-DES-007,Classic Tiramisu Cup,Desserts,B,260,85,3,780,0.0,NONE,780.0,525.0,67.31,UPI (GooglePay/PhonePe),5,Champion,1499
TXN-IN-10367,2026-08-30,15,1,BLR-001,Bengaluru – Indiranagar 100ft,Bengaluru,South,SKU-BEV-001,Artisanal Cold Brew (350ml),Specialty Beverages,A,240,65,2,480,0.0,NONE,480.0,350.0,72.92,Cash,5,Potential Loyalist,1524
TXN-IN-10368,2026-09-02,11,0,BLR-001,Bengaluru – Indiranagar 100ft,Bengaluru,South,SKU-SNK-005,Truffle Cheese Mushroom Panini,Gourmet Food,A,340,120,1,340,0.0,NONE,340.0,220.0,64.71,Cash,4,Champion,1096
TXN-IN-10369,2026-08-21,11,0,BLR-017,Bengaluru – JP Nagar (Outlet 17),Bengaluru,South,SKU-SNK-005,Truffle Cheese Mushroom Panini,Gourmet Food,A,340,120,1,340,25.0,OVERRIDE_MGR_01,255.0,135.0,52.94,UPI (GooglePay/PhonePe),2,Hibernating,1431
TXN-IN-10370,2026-09-03,17,0,DEL-002,Delhi – Cyber Hub Gurugram,Delhi NCR,North,SKU-SNK-005,Truffle Cheese Mushroom Panini,Gourmet Food,A,340,120,1,340,0.0,NONE,340.0,220.0,64.71,Debit Card,5,Champion,1191
TXN-IN-10371,2026-07-25,11,1,BLR-017,Bengaluru – JP Nagar (Outlet 17),Bengaluru,South,SKU-PKG-008,Eco-Kraft Branded Cup (Carton),Packaging,C,950,620,1,950,0.0,NONE,950.0,330.0,34.74,UPI (GooglePay/PhonePe),3,Potential Loyalist,1953
TXN-IN-10372,2026-08-07,20,0,MUM-002,Mumbai – Lower Parel High Street,Mumbai,West,SKU-PKG-008,Eco-Kraft Branded Cup (Carton),Packaging,C,950,620,1,950,0.0,NONE,950.0,330.0,34.74,Credit Card,5,Potential Loyalist,1009
TXN-IN-10373,2026-07-27,11,0,BLR-017,Bengaluru – JP Nagar (Outlet 17),Bengaluru,South,SKU-BEV-001,Artisanal Cold Brew (350ml),Specialty Beverages,A,240,65,1,240,0.0,NONE,240.0,175.0,72.92,Debit Card,2,Loyal Customer,1527
TXN-IN-10374,2026-07-25,15,1,DEL-001,Delhi – Connaught Place Inner Circle,Delhi,North,SKU-SNK-006,Smoked Paneer Tikka Sourdough,Gourmet Food,B,310,105,1,310,0.0,NONE,310.0,205.0,66.13,Credit Card,4,Potential Loyalist,2067
TXN-IN-10375,2026-08-15,19,1,BLR-002,Bengaluru – Koramangala 5th Block,Bengaluru,South,SKU-BEV-002,Monsoon Cinnamon Latte,Specialty Beverages,A,280,80,1,280,0.0,NONE,280.0,200.0,71.43,UPI (GooglePay/PhonePe),5,At Risk,1771
TXN-IN-10376,2026-08-25,19,0,HYD-001,Hyderabad – Hitec City Cyber Towers,Hyderabad,South,SKU-BEV-003,Nitro Cold Brew Infusion,Specialty Beverages,A,310,90,2,620,0.0,NONE,620.0,440.0,70.97,UPI (GooglePay/PhonePe),5,Loyal Customer,1415
TXN-IN-10377,2026-08-17,13,0,BLR-001,Bengaluru – Indiranagar 100ft,Bengaluru,South,SKU-BEV-002,Monsoon Cinnamon Latte,Specialty Beverages,A,280,80,1,280,0.0,NONE,280.0,200.0,71.43,Cash,4,Loyal Customer,1214
TXN-IN-10378,2026-08-03,19,0,DEL-001,Delhi – Connaught Place Inner Circle,Delhi,North,SKU-BEV-002,Monsoon Cinnamon Latte,Specialty Beverages,A,280,80,1,280,0.0,NONE,280.0,200.0,71.43,Debit Card,5,At Risk,1576
TXN-IN-10379,2026-07-23,16,0,BLR-001,Bengaluru – Indiranagar 100ft,Bengaluru,South,SKU-BEV-003,Nitro Cold Brew Infusion,Specialty Beverages,A,310,90,1,310,0.0,NONE,310.0,220.0,70.97,UPI (GooglePay/PhonePe),5,Loyal Customer,1131
TXN-IN-10380,2026-08-10,17,0,MUM-002,Mumbai – Lower Parel High Street,Mumbai,West,SKU-BEV-001,Artisanal Cold Brew (350ml),Specialty Beverages,A,240,65,1,240,0.0,NONE,240.0,175.0,72.92,UPI (GooglePay/PhonePe),5,Loyal Customer,1046
TXN-IN-10381,2026-08-17,11,0,BLR-017,Bengaluru – JP Nagar (Outlet 17),Bengaluru,South,SKU-PKG-008,Eco-Kraft Branded Cup (Carton),Packaging,C,950,620,1,950,0.0,NONE,950.0,330.0,34.74,UPI (GooglePay/PhonePe),5,Champion,1480
TXN-IN-10382,2026-07-20,17,0,BLR-017,Bengaluru – JP Nagar (Outlet 17),Bengaluru,South,SKU-SNK-005,Truffle Cheese Mushroom Panini,Gourmet Food,A,340,120,3,1020,0.0,NONE,1020.0,660.0,64.71,Credit Card,5,Champion,1397
TXN-IN-10383,2026-08-18,14,0,DEL-001,Delhi – Connaught Place Inner Circle,Delhi,North,SKU-PKG-008,Eco-Kraft Branded Cup (Carton),Packaging,C,950,620,2,1900,0.0,NONE,1900.0,660.0,34.74,UPI (GooglePay/PhonePe),4,Champion,1507
TXN-IN-10384,2026-08-11,9,0,MUM-002,Mumbai – Lower Parel High Street,Mumbai,West,SKU-SNK-006,Smoked Paneer Tikka Sourdough,Gourmet Food,B,310,105,2,620,0.0,NONE,620.0,410.0,66.13,UPI (GooglePay/PhonePe),4,Potential Loyalist,1004
TXN-IN-10385,2026-07-26,21,1,MUM-002,Mumbai – Lower Parel High Street,Mumbai,West,SKU-BAKE-004,Butter Flaky Croissant,Artisanal Bakery,B,180,55,1,180,0.0,NONE,180.0,125.0,69.44,Debit Card,4,Champion,1329
TXN-IN-10386,2026-07-26,20,1,DEL-002,Delhi – Cyber Hub Gurugram,Delhi NCR,North,SKU-BEV-001,Artisanal Cold Brew (350ml),Specialty Beverages,A,240,65,3,720,0.0,NONE,720.0,525.0,72.92,Debit Card,5,Loyal Customer,1534
TXN-IN-10387,2026-07-28,10,0,HYD-001,Hyderabad – Hitec City Cyber Towers,Hyderabad,South,SKU-BEV-001,Artisanal Cold Brew (350ml),Specialty Beverages,A,240,65,1,240,0.0,NONE,240.0,175.0,72.92,Cash,5,Loyal Customer,1355
TXN-IN-10388,2026-09-02,18,0,BLR-002,Bengaluru – Koramangala 5th Block,Bengaluru,South,SKU-BEV-003,Nitro Cold Brew Infusion,Specialty Beverages,A,310,90,1,310,0.0,NONE,310.0,220.0,70.97,Credit Card,5,Loyal Customer,1355
TXN-IN-10389,2026-09-02,14,0,MUM-001,Mumbai – Bandra West Linking Rd,Mumbai,West,SKU-SNK-005,Truffle Cheese Mushroom Panini,Gourmet Food,A,340,120,1,340,0.0,NONE,340.0,220.0,64.71,UPI (GooglePay/PhonePe),5,Potential Loyalist,1761
TXN-IN-10390,2026-08-21,21,0,MUM-002,Mumbai – Lower Parel High Street,Mumbai,West,SKU-SNK-006,Smoked Paneer Tikka Sourdough,Gourmet Food,B,310,105,2,620,0.0,NONE,620.0,410.0,66.13,UPI (GooglePay/PhonePe),5,Potential Loyalist,1075
TXN-IN-10391,2026-08-11,19,0,BLR-002,Bengaluru – Koramangala 5th Block,Bengaluru,South,SKU-BEV-003,Nitro Cold Brew Infusion,Specialty Beverages,A,310,90,1,310,0.0,NONE,310.0,220.0,70.97,UPI (GooglePay/PhonePe),4,Loyal Customer,1349
TXN-IN-10392,2026-08-25,15,0,DEL-002,Delhi – Cyber Hub Gurugram,Delhi NCR,North,SKU-SNK-005,Truffle Cheese Mushroom Panini,Gourmet Food,A,340,120,3,1020,5.0,CAMPAIGN_CODE_PROMO,969.0,609.0,62.85,UPI (GooglePay/PhonePe),5,Champion,1034
TXN-IN-10393,2026-08-01,19,1,MUM-002,Mumbai – Lower Parel High Street,Mumbai,West,SKU-BEV-003,Nitro Cold Brew Infusion,Specialty Beverages,A,310,90,4,1240,5.0,CAMPAIGN_CODE_PROMO,1178.0,818.0,69.44,Credit Card,5,Loyal Customer,1334
TXN-IN-10394,2026-08-17,17,0,BLR-017,Bengaluru – JP Nagar (Outlet 17),Bengaluru,South,SKU-BAKE-004,Butter Flaky Croissant,Artisanal Bakery,B,180,55,2,360,25.0,OVERRIDE_MGR_01,270.0,160.0,59.26,Credit Card,5,Loyal Customer,1446
TXN-IN-10395,2026-09-01,13,0,DEL-001,Delhi – Connaught Place Inner Circle,Delhi,North,SKU-BEV-001,Artisanal Cold Brew (350ml),Specialty Beverages,A,240,65,1,240,0.0,NONE,240.0,175.0,72.92,Debit Card,4,At Risk,1600
TXN-IN-10396,2026-09-03,21,0,DEL-001,Delhi – Connaught Place Inner Circle,Delhi,North,SKU-BAKE-004,Butter Flaky Croissant,Artisanal Bakery,B,180,55,2,360,0.0,NONE,360.0,250.0,69.44,UPI (GooglePay/PhonePe),1,Champion,1464
TXN-IN-10397,2026-08-21,13,0,BLR-017,Bengaluru – JP Nagar (Outlet 17),Bengaluru,South,SKU-DES-007,Classic Tiramisu Cup,Desserts,B,260,85,1,260,25.0,OVERRIDE_MGR_01,195.0,110.0,56.41,UPI (GooglePay/PhonePe),5,Loyal Customer,1521
TXN-IN-10398,2026-07-29,18,0,BLR-001,Bengaluru – Indiranagar 100ft,Bengaluru,South,SKU-BEV-003,Nitro Cold Brew Infusion,Specialty Beverages,A,310,90,3,930,0.0,NONE,930.0,660.0,70.97,Cash,4,Loyal Customer,1216
TXN-IN-10399,2026-08-24,13,0,DEL-001,Delhi – Connaught Place Inner Circle,Delhi,North,SKU-BEV-002,Monsoon Cinnamon Latte,Specialty Beverages,A,280,80,2,560,0.0,NONE,560.0,400.0,71.43,UPI (GooglePay/PhonePe),5,Potential Loyalist,1460
TXN-IN-10400,2026-08-15,12,1,CHN-001,Chennai – Anna Nagar 2nd Avenue,Chennai,South,SKU-DES-007,Classic Tiramisu Cup,Desserts,B,260,85,1,260,0.0,NONE,260.0,175.0,67.31,Credit Card,5,Loyal Customer,1354
TXN-IN-10401,2026-08-28,20,0,CHN-001,Chennai – Anna Nagar 2nd Avenue,Chennai,South,SKU-PKG-008,Eco-Kraft Branded Cup (Carton),Packaging,C,950,620,4,3800,0.0,NONE,3800.0,1320.0,34.74,UPI (GooglePay/PhonePe),5,Loyal Customer,901
TXN-IN-10402,2026-08-30,14,1,MUM-001,Mumbai – Bandra West Linking Rd,Mumbai,West,SKU-BEV-001,Artisanal Cold Brew (350ml),Specialty Beverages,A,240,65,2,480,0.0,NONE,480.0,350.0,72.92,UPI (GooglePay/PhonePe),5,Loyal Customer,2219
TXN-IN-10403,2026-07-21,17,0,CHN-001,Chennai – Anna Nagar 2nd Avenue,Chennai,South,SKU-SNK-006,Smoked Paneer Tikka Sourdough,Gourmet Food,B,310,105,1,310,0.0,NONE,310.0,205.0,66.13,Credit Card,3,Champion,971
TXN-IN-10404,2026-07-25,19,1,BLR-017,Bengaluru – JP Nagar (Outlet 17),Bengaluru,South,SKU-BEV-003,Nitro Cold Brew Infusion,Specialty Beverages,A,310,90,4,1240,0.0,NONE,1240.0,880.0,70.97,UPI (GooglePay/PhonePe),4,Potential Loyalist,2012
TXN-IN-10405,2026-08-16,19,1,BLR-017,Bengaluru – JP Nagar (Outlet 17),Bengaluru,South,SKU-BAKE-004,Butter Flaky Croissant,Artisanal Bakery,B,180,55,1,180,0.0,NONE,180.0,125.0,69.44,UPI (GooglePay/PhonePe),4,Champion,1954
TXN-IN-10406,2026-09-03,10,0,DEL-001,Delhi – Connaught Place Inner Circle,Delhi,North,SKU-BEV-001,Artisanal Cold Brew (350ml),Specialty Beverages,A,240,65,1,240,0.0,NONE,240.0,175.0,72.92,Cash,5,At Risk,1486
TXN-IN-10407,2026-08-15,15,1,DEL-002,Delhi – Cyber Hub Gurugram,Delhi NCR,North,SKU-PKG-008,Eco-Kraft Branded Cup (Carton),Packaging,C,950,620,2,1900,15.0,CAMPAIGN_CODE_PROMO,1615.0,375.0,23.22,UPI (GooglePay/PhonePe),5,Potential Loyalist,1563
TXN-IN-10408,2026-07-24,17,0,BLR-001,Bengaluru – Indiranagar 100ft,Bengaluru,South,SKU-BEV-002,Monsoon Cinnamon Latte,Specialty Beverages,A,280,80,1,280,0.0,NONE,280.0,200.0,71.43,Credit Card,4,Loyal Customer,1182
TXN-IN-10409,2026-08-13,17,0,DEL-002,Delhi – Cyber Hub Gurugram,Delhi NCR,North,SKU-BEV-001,Artisanal Cold Brew (350ml),Specialty Beverages,A,240,65,1,240,10.0,CAMPAIGN_CODE_PROMO,216.0,151.0,69.91,Cash,5,Potential Loyalist,1096
TXN-IN-10410,2026-09-01,17,0,DEL-001,Delhi – Connaught Place Inner Circle,Delhi,North,SKU-BEV-001,Artisanal Cold Brew (350ml),Specialty Beverages,A,240,65,2,480,5.0,CAMPAIGN_CODE_PROMO,456.0,326.0,71.49,Cash,5,Loyal Customer,1441
TXN-IN-10411,2026-08-08,21,1,MUM-001,Mumbai – Bandra West Linking Rd,Mumbai,West,SKU-SNK-006,Smoked Paneer Tikka Sourdough,Gourmet Food,B,310,105,1,310,0.0,NONE,310.0,205.0,66.13,UPI (GooglePay/PhonePe),5,Champion,2211
TXN-IN-10412,2026-08-01,17,1,BLR-017,Bengaluru – JP Nagar (Outlet 17),Bengaluru,South,SKU-BEV-003,Nitro Cold Brew Infusion,Specialty Beverages,A,310,90,2,620,25.0,OVERRIDE_MGR_01,465.0,285.0,61.29,Cash,4,Loyal Customer,1854
TXN-IN-10413,2026-08-05,16,0,BLR-017,Bengaluru – JP Nagar (Outlet 17),Bengaluru,South,SKU-BAKE-004,Butter Flaky Croissant,Artisanal Bakery,B,180,55,2,360,25.0,OVERRIDE_MGR_01,270.0,160.0,59.26,UPI (GooglePay/PhonePe),5,Loyal Customer,1357
TXN-IN-10414,2026-08-01,18,1,DEL-001,Delhi – Connaught Place Inner Circle,Delhi,North,SKU-PKG-008,Eco-Kraft Branded Cup (Carton),Packaging,C,950,620,1,950,0.0,NONE,950.0,330.0,34.74,Cash,5,Loyal Customer,2025
TXN-IN-10415,2026-08-16,19,1,BLR-002,Bengaluru – Koramangala 5th Block,Bengaluru,South,SKU-BEV-001,Artisanal Cold Brew (350ml),Specialty Beverages,A,240,65,1,240,0.0,NONE,240.0,175.0,72.92,Debit Card,5,Loyal Customer,1821
TXN-IN-10416,2026-08-10,19,0,HYD-001,Hyderabad – Hitec City Cyber Towers,Hyderabad,South,SKU-PKG-008,Eco-Kraft Branded Cup (Carton),Packaging,C,950,620,1,950,0.0,NONE,950.0,330.0,34.74,UPI (GooglePay/PhonePe),5,Potential Loyalist,1381
TXN-IN-10417,2026-07-28,20,0,CHN-001,Chennai – Anna Nagar 2nd Avenue,Chennai,South,SKU-BAKE-004,Butter Flaky Croissant,Artisanal Bakery,B,180,55,1,180,5.0,CAMPAIGN_CODE_PROMO,171.0,116.0,67.84,UPI (GooglePay/PhonePe),4,Potential Loyalist,988
TXN-IN-10418,2026-08-26,17,0,DEL-002,Delhi – Cyber Hub Gurugram,Delhi NCR,North,SKU-BAKE-004,Butter Flaky Croissant,Artisanal Bakery,B,180,55,3,540,0.0,NONE,540.0,375.0,69.44,Cash,5,Potential Loyalist,1113
TXN-IN-10419,2026-08-14,17,0,MUM-001,Mumbai – Bandra West Linking Rd,Mumbai,West,SKU-SNK-005,Truffle Cheese Mushroom Panini,Gourmet Food,A,340,120,1,340,10.0,CAMPAIGN_CODE_PROMO,306.0,186.0,60.78,Cash,5,Champion,1727
TXN-IN-10420,2026-09-01,12,0,BLR-002,Bengaluru – Koramangala 5th Block,Bengaluru,South,SKU-BEV-003,Nitro Cold Brew Infusion,Specialty Beverages,A,310,90,1,310,0.0,NONE,310.0,220.0,70.97,UPI (GooglePay/PhonePe),4,Loyal Customer,1291
TXN-IN-10421,2026-07-22,13,0,MUM-001,Mumbai – Bandra West Linking Rd,Mumbai,West,SKU-PKG-008,Eco-Kraft Branded Cup (Carton),Packaging,C,950,620,1,950,0.0,NONE,950.0,330.0,34.74,UPI (GooglePay/PhonePe),5,Potential Loyalist,1669
TXN-IN-10422,2026-08-19,18,0,HYD-001,Hyderabad – Hitec City Cyber Towers,Hyderabad,South,SKU-BEV-001,Artisanal Cold Brew (350ml),Specialty Beverages,A,240,65,1,240,15.0,CAMPAIGN_CODE_PROMO,204.0,139.0,68.14,Credit Card,4,Loyal Customer,1449
TXN-IN-10423,2026-08-25,14,0,BLR-002,Bengaluru – Koramangala 5th Block,Bengaluru,South,SKU-DES-007,Classic Tiramisu Cup,Desserts,B,260,85,2,520,0.0,NONE,520.0,350.0,67.31,UPI (GooglePay/PhonePe),5,Loyal Customer,1257
TXN-IN-10424,2026-08-22,14,1,DEL-002,Delhi – Cyber Hub Gurugram,Delhi NCR,North,SKU-SNK-006,Smoked Paneer Tikka Sourdough,Gourmet Food,B,310,105,2,620,0.0,NONE,620.0,410.0,66.13,Cash,5,At Risk,1517
TXN-IN-10425,2026-07-30,13,0,MUM-001,Mumbai – Bandra West Linking Rd,Mumbai,West,SKU-BEV-002,Monsoon Cinnamon Latte,Specialty Beverages,A,280,80,1,280,0.0,NONE,280.0,200.0,71.43,UPI (GooglePay/PhonePe),5,Potential Loyalist,1600
TXN-IN-10426,2026-08-31,19,0,MUM-001,Mumbai – Bandra West Linking Rd,Mumbai,West,SKU-DES-007,Classic Tiramisu Cup,Desserts,B,260,85,2,520,0.0,NONE,520.0,350.0,67.31,Debit Card,5,Loyal Customer,1735
TXN-IN-10427,2026-08-15,18,1,BLR-001,Bengaluru – Indiranagar 100ft,Bengaluru,South,SKU-BAKE-004,Butter Flaky Croissant,Artisanal Bakery,B,180,55,1,180,0.0,NONE,180.0,125.0,69.44,Cash,5,Loyal Customer,1486
TXN-IN-10428,2026-07-30,15,0,MUM-002,Mumbai – Lower Parel High Street,Mumbai,West,SKU-BEV-003,Nitro Cold Brew Infusion,Specialty Beverages,A,310,90,1,310,0.0,NONE,310.0,220.0,70.97,UPI (GooglePay/PhonePe),3,Potential Loyalist,972
TXN-IN-10429,2026-07-25,16,1,MUM-001,Mumbai – Bandra West Linking Rd,Mumbai,West,SKU-PKG-008,Eco-Kraft Branded Cup (Carton),Packaging,C,950,620,2,1900,0.0,NONE,1900.0,660.0,34.74,UPI (GooglePay/PhonePe),4,Potential Loyalist,2296
TXN-IN-10430,2026-07-31,19,0,CHN-001,Chennai – Anna Nagar 2nd Avenue,Chennai,South,SKU-SNK-005,Truffle Cheese Mushroom Panini,Gourmet Food,A,340,120,1,340,0.0,NONE,340.0,220.0,64.71,Cash,5,Champion,938
TXN-IN-10431,2026-07-28,20,0,BLR-017,Bengaluru – JP Nagar (Outlet 17),Bengaluru,South,SKU-BEV-001,Artisanal Cold Brew (350ml),Specialty Beverages,A,240,65,1,240,0.0,NONE,240.0,175.0,72.92,UPI (GooglePay/PhonePe),4,Champion,1497
TXN-IN-10432,2026-08-27,18,0,BLR-001,Bengaluru – Indiranagar 100ft,Bengaluru,South,SKU-BEV-002,Monsoon Cinnamon Latte,Specialty Beverages,A,280,80,1,280,0.0,NONE,280.0,200.0,71.43,Cash,4,At Risk,1268
TXN-IN-10433,2026-09-01,9,0,DEL-002,Delhi – Cyber Hub Gurugram,Delhi NCR,North,SKU-DES-007,Classic Tiramisu Cup,Desserts,B,260,85,1,260,0.0,NONE,260.0,175.0,67.31,UPI (GooglePay/PhonePe),2,Loyal Customer,1216
TXN-IN-10434,2026-08-13,13,0,DEL-001,Delhi – Connaught Place Inner Circle,Delhi,North,SKU-BEV-002,Monsoon Cinnamon Latte,Specialty Beverages,A,280,80,1,280,0.0,NONE,280.0,200.0,71.43,UPI (GooglePay/PhonePe),5,At Risk,1524
TXN-IN-10435,2026-08-05,19,0,MUM-001,Mumbai – Bandra West Linking Rd,Mumbai,West,SKU-BEV-001,Artisanal Cold Brew (350ml),Specialty Beverages,A,240,65,2,480,0.0,NONE,480.0,350.0,72.92,UPI (GooglePay/PhonePe),5,Loyal Customer,1622
TXN-IN-10436,2026-09-02,12,0,DEL-001,Delhi – Connaught Place Inner Circle,Delhi,North,SKU-DES-007,Classic Tiramisu Cup,Desserts,B,260,85,1,260,0.0,NONE,260.0,175.0,67.31,Credit Card,5,Loyal Customer,1564
TXN-IN-10437,2026-08-12,15,0,MUM-002,Mumbai – Lower Parel High Street,Mumbai,West,SKU-DES-007,Classic Tiramisu Cup,Desserts,B,260,85,2,520,0.0,NONE,520.0,350.0,67.31,Debit Card,5,Loyal Customer,1023
TXN-IN-10438,2026-08-05,15,0,MUM-002,Mumbai – Lower Parel High Street,Mumbai,West,SKU-SNK-006,Smoked Paneer Tikka Sourdough,Gourmet Food,B,310,105,2,620,15.0,CAMPAIGN_CODE_PROMO,527.0,317.0,60.15,UPI (GooglePay/PhonePe),4,Loyal Customer,1079
TXN-IN-10439,2026-07-30,19,0,BLR-017,Bengaluru – JP Nagar (Outlet 17),Bengaluru,South,SKU-BAKE-004,Butter Flaky Croissant,Artisanal Bakery,B,180,55,1,180,0.0,NONE,180.0,125.0,69.44,UPI (GooglePay/PhonePe),5,Hibernating,1341
TXN-IN-10440,2026-07-25,16,1,BLR-002,Bengaluru – Koramangala 5th Block,Bengaluru,South,SKU-PKG-008,Eco-Kraft Branded Cup (Carton),Packaging,C,950,620,3,2850,5.0,CAMPAIGN_CODE_PROMO,2707.5,847.5,31.3,Credit Card,5,Champion,1746
TXN-IN-10441,2026-08-14,18,0,CHN-001,Chennai – Anna Nagar 2nd Avenue,Chennai,South,SKU-SNK-005,Truffle Cheese Mushroom Panini,Gourmet Food,A,340,120,2,680,0.0,NONE,680.0,440.0,64.71,UPI (GooglePay/PhonePe),4,Loyal Customer,891
TXN-IN-10442,2026-08-31,19,0,CHN-001,Chennai – Anna Nagar 2nd Avenue,Chennai,South,SKU-SNK-005,Truffle Cheese Mushroom Panini,Gourmet Food,A,340,120,1,340,0.0,NONE,340.0,220.0,64.71,UPI (GooglePay/PhonePe),4,Potential Loyalist,932
TXN-IN-10443,2026-08-04,13,0,BLR-001,Bengaluru – Indiranagar 100ft,Bengaluru,South,SKU-BEV-003,Nitro Cold Brew Infusion,Specialty Beverages,A,310,90,1,310,0.0,NONE,310.0,220.0,70.97,Debit Card,5,Champion,1073
TXN-IN-10444,2026-09-03,19,0,BLR-017,Bengaluru – JP Nagar (Outlet 17),Bengaluru,South,SKU-BEV-002,Monsoon Cinnamon Latte,Specialty Beverages,A,280,80,1,280,0.0,NONE,280.0,200.0,71.43,Credit Card,2,Loyal Customer,1495
TXN-IN-10445,2026-08-01,13,1,HYD-001,Hyderabad – Hitec City Cyber Towers,Hyderabad,South,SKU-DES-007,Classic Tiramisu Cup,Desserts,B,260,85,2,520,0.0,NONE,520.0,350.0,67.31,UPI (GooglePay/PhonePe),5,Loyal Customer,1883
TXN-IN-10446,2026-07-27,20,0,CHN-001,Chennai – Anna Nagar 2nd Avenue,Chennai,South,SKU-SNK-005,Truffle Cheese Mushroom Panini,Gourmet Food,A,340,120,3,1020,0.0,NONE,1020.0,660.0,64.71,Debit Card,2,Loyal Customer,1037
TXN-IN-10447,2026-08-04,20,0,DEL-001,Delhi – Connaught Place Inner Circle,Delhi,North,SKU-PKG-008,Eco-Kraft Branded Cup (Carton),Packaging,C,950,620,2,1900,0.0,NONE,1900.0,660.0,34.74,Debit Card,5,Champion,1582
TXN-IN-10448,2026-08-03,14,0,MUM-001,Mumbai – Bandra West Linking Rd,Mumbai,West,SKU-SNK-006,Smoked Paneer Tikka Sourdough,Gourmet Food,B,310,105,1,310,0.0,NONE,310.0,205.0,66.13,Credit Card,5,Champion,1742
TXN-IN-10449,2026-08-10,14,0,BLR-017,Bengaluru – JP Nagar (Outlet 17),Bengaluru,South,SKU-BEV-003,Nitro Cold Brew Infusion,Specialty Beverages,A,310,90,1,310,0.0,NONE,310.0,220.0,70.97,UPI (GooglePay/PhonePe),5,Champion,1528
TXN-IN-10450,2026-08-04,20,0,MUM-002,Mumbai – Lower Parel High Street,Mumbai,West,SKU-BAKE-004,Butter Flaky Croissant,Artisanal Bakery,B,180,55,1,180,0.0,NONE,180.0,125.0,69.44,Credit Card,5,Champion,920
TXN-IN-10451,2026-09-01,17,0,HYD-001,Hyderabad – Hitec City Cyber Towers,Hyderabad,South,SKU-BEV-001,Artisanal Cold Brew (350ml),Specialty Beverages,A,240,65,2,480,10.0,CAMPAIGN_CODE_PROMO,432.0,302.0,69.91,Credit Card,4,Loyal Customer,1457
TXN-IN-10452,2026-08-06,21,0,HYD-001,Hyderabad – Hitec City Cyber Towers,Hyderabad,South,SKU-BEV-003,Nitro Cold Brew Infusion,Specialty Beverages,A,310,90,4,1240,0.0,NONE,1240.0,880.0,70.97,UPI (GooglePay/PhonePe),4,Champion,1444
TXN-IN-10453,2026-08-16,15,1,HYD-001,Hyderabad – Hitec City Cyber Towers,Hyderabad,South,SKU-BEV-001,Artisanal Cold Brew (350ml),Specialty Beverages,A,240,65,1,240,0.0,NONE,240.0,175.0,72.92,UPI (GooglePay/PhonePe),5,Champion,1928
TXN-IN-10454,2026-08-18,12,0,DEL-001,Delhi – Connaught Place Inner Circle,Delhi,North,SKU-BEV-001,Artisanal Cold Brew (350ml),Specialty Beverages,A,240,65,1,240,0.0,NONE,240.0,175.0,72.92,Credit Card,5,At Risk,1467
TXN-IN-10455,2026-08-24,21,0,MUM-002,Mumbai – Lower Parel High Street,Mumbai,West,SKU-BAKE-004,Butter Flaky Croissant,Artisanal Bakery,B,180,55,1,180,0.0,NONE,180.0,125.0,69.44,UPI (GooglePay/PhonePe),5,Champion,1079
TXN-IN-10456,2026-08-12,12,0,DEL-001,Delhi – Connaught Place Inner Circle,Delhi,North,SKU-DES-007,Classic Tiramisu Cup,Desserts,B,260,85,1,260,15.0,CAMPAIGN_CODE_PROMO,221.0,136.0,61.54,UPI (GooglePay/PhonePe),4,Potential Loyalist,1480
TXN-IN-10457,2026-08-24,19,0,DEL-002,Delhi – Cyber Hub Gurugram,Delhi NCR,North,SKU-DES-007,Classic Tiramisu Cup,Desserts,B,260,85,1,260,0.0,NONE,260.0,175.0,67.31,Debit Card,4,Champion,1147
TXN-IN-10458,2026-07-28,13,0,CHN-001,Chennai – Anna Nagar 2nd Avenue,Chennai,South,SKU-SNK-006,Smoked Paneer Tikka Sourdough,Gourmet Food,B,310,105,2,620,0.0,NONE,620.0,410.0,66.13,Cash,5,Champion,881
TXN-IN-10459,2026-07-23,18,0,MUM-001,Mumbai – Bandra West Linking Rd,Mumbai,West,SKU-SNK-005,Truffle Cheese Mushroom Panini,Gourmet Food,A,340,120,1,340,0.0,NONE,340.0,220.0,64.71,Credit Card,5,Loyal Customer,1712
TXN-IN-10460,2026-08-05,14,0,DEL-001,Delhi – Connaught Place Inner Circle,Delhi,North,SKU-BEV-001,Artisanal Cold Brew (350ml),Specialty Beverages,A,240,65,1,240,0.0,NONE,240.0,175.0,72.92,Cash,5,Loyal Customer,1586
TXN-IN-10461,2026-08-23,18,1,BLR-002,Bengaluru – Koramangala 5th Block,Bengaluru,South,SKU-SNK-005,Truffle Cheese Mushroom Panini,Gourmet Food,A,340,120,1,340,0.0,NONE,340.0,220.0,64.71,Debit Card,3,Loyal Customer,1721
TXN-IN-10462,2026-08-18,21,0,BLR-002,Bengaluru – Koramangala 5th Block,Bengaluru,South,SKU-BEV-003,Nitro Cold Brew Infusion,Specialty Beverages,A,310,90,2,620,0.0,NONE,620.0,440.0,70.97,Cash,5,At Risk,1218
TXN-IN-10463,2026-07-25,13,1,BLR-002,Bengaluru – Koramangala 5th Block,Bengaluru,South,SKU-SNK-006,Smoked Paneer Tikka Sourdough,Gourmet Food,B,310,105,1,310,0.0,NONE,310.0,205.0,66.13,Credit Card,4,Loyal Customer,1761
TXN-IN-10464,2026-08-12,12,0,CHN-001,Chennai – Anna Nagar 2nd Avenue,Chennai,South,SKU-PKG-008,Eco-Kraft Branded Cup (Carton),Packaging,C,950,620,1,950,15.0,CAMPAIGN_CODE_PROMO,807.5,187.5,23.22,UPI (GooglePay/PhonePe),4,Hibernating,1019
TXN-IN-10465,2026-07-25,11,1,MUM-001,Mumbai – Bandra West Linking Rd,Mumbai,West,SKU-BEV-003,Nitro Cold Brew Infusion,Specialty Beverages,A,310,90,1,310,0.0,NONE,310.0,220.0,70.97,Debit Card,5,Champion,2248
TXN-IN-10466,2026-08-22,12,1,BLR-017,Bengaluru – JP Nagar (Outlet 17),Bengaluru,South,SKU-BEV-002,Monsoon Cinnamon Latte,Specialty Beverages,A,280,80,1,280,0.0,NONE,280.0,200.0,71.43,Credit Card,5,Potential Loyalist,1950
TXN-IN-10467,2026-08-29,12,1,BLR-002,Bengaluru – Koramangala 5th Block,Bengaluru,South,SKU-BEV-003,Nitro Cold Brew Infusion,Specialty Beverages,A,310,90,1,310,10.0,CAMPAIGN_CODE_PROMO,279.0,189.0,67.74,Credit Card,3,Loyal Customer,1786
TXN-IN-10468,2026-08-06,21,0,CHN-001,Chennai – Anna Nagar 2nd Avenue,Chennai,South,SKU-PKG-008,Eco-Kraft Branded Cup (Carton),Packaging,C,950,620,1,950,0.0,NONE,950.0,330.0,34.74,Cash,5,Potential Loyalist,1002
TXN-IN-10469,2026-08-25,16,0,DEL-002,Delhi – Cyber Hub Gurugram,Delhi NCR,North,SKU-SNK-005,Truffle Cheese Mushroom Panini,Gourmet Food,A,340,120,3,1020,0.0,NONE,1020.0,660.0,64.71,UPI (GooglePay/PhonePe),5,Loyal Customer,1086
TXN-IN-10470,2026-07-29,20,0,MUM-002,Mumbai – Lower Parel High Street,Mumbai,West,SKU-BEV-001,Artisanal Cold Brew (350ml),Specialty Beverages,A,240,65,1,240,0.0,NONE,240.0,175.0,72.92,Credit Card,5,Loyal Customer,1076
TXN-IN-10471,2026-08-20,15,0,HYD-001,Hyderabad – Hitec City Cyber Towers,Hyderabad,South,SKU-SNK-005,Truffle Cheese Mushroom Panini,Gourmet Food,A,340,120,1,340,0.0,NONE,340.0,220.0,64.71,UPI (GooglePay/PhonePe),4,Loyal Customer,1358
TXN-IN-10472,2026-08-15,12,1,CHN-001,Chennai – Anna Nagar 2nd Avenue,Chennai,South,SKU-DES-007,Classic Tiramisu Cup,Desserts,B,260,85,1,260,0.0,NONE,260.0,175.0,67.31,Debit Card,4,Champion,1182
TXN-IN-10473,2026-08-16,19,1,MUM-001,Mumbai – Bandra West Linking Rd,Mumbai,West,SKU-SNK-005,Truffle Cheese Mushroom Panini,Gourmet Food,A,340,120,1,340,0.0,NONE,340.0,220.0,64.71,Debit Card,5,Champion,2181
TXN-IN-10474,2026-08-07,13,0,BLR-017,Bengaluru – JP Nagar (Outlet 17),Bengaluru,South,SKU-PKG-008,Eco-Kraft Branded Cup (Carton),Packaging,C,950,620,2,1900,0.0,NONE,1900.0,660.0,34.74,UPI (GooglePay/PhonePe),5,Hibernating,1345
TXN-IN-10475,2026-07-31,19,0,BLR-017,Bengaluru – JP Nagar (Outlet 17),Bengaluru,South,SKU-SNK-005,Truffle Cheese Mushroom Panini,Gourmet Food,A,340,120,1,340,0.0,NONE,340.0,220.0,64.71,UPI (GooglePay/PhonePe),5,Champion,1447
TXN-IN-10476,2026-08-08,19,1,HYD-001,Hyderabad – Hitec City Cyber Towers,Hyderabad,South,SKU-SNK-006,Smoked Paneer Tikka Sourdough,Gourmet Food,B,310,105,1,310,0.0,NONE,310.0,205.0,66.13,UPI (GooglePay/PhonePe),5,Potential Loyalist,1814
TXN-IN-10477,2026-08-23,20,1,HYD-001,Hyderabad – Hitec City Cyber Towers,Hyderabad,South,SKU-BEV-003,Nitro Cold Brew Infusion,Specialty Beverages,A,310,90,1,310,0.0,NONE,310.0,220.0,70.97,UPI (GooglePay/PhonePe),5,Potential Loyalist,1859
TXN-IN-10478,2026-08-13,9,0,HYD-001,Hyderabad – Hitec City Cyber Towers,Hyderabad,South,SKU-BAKE-004,Butter Flaky Croissant,Artisanal Bakery,B,180,55,2,360,0.0,NONE,360.0,250.0,69.44,UPI (GooglePay/PhonePe),5,Hibernating,1431
TXN-IN-10479,2026-08-13,19,0,MUM-002,Mumbai – Lower Parel High Street,Mumbai,West,SKU-SNK-006,Smoked Paneer Tikka Sourdough,Gourmet Food,B,310,105,1,310,0.0,NONE,310.0,205.0,66.13,Cash,5,Loyal Customer,1063
TXN-IN-10480,2026-08-08,20,1,MUM-001,Mumbai – Bandra West Linking Rd,Mumbai,West,SKU-SNK-006,Smoked Paneer Tikka Sourdough,Gourmet Food,B,310,105,3,930,0.0,NONE,930.0,615.0,66.13,UPI (GooglePay/PhonePe),5,Loyal Customer,2150
TXN-IN-10481,2026-07-30,13,0,MUM-002,Mumbai – Lower Parel High Street,Mumbai,West,SKU-BEV-002,Monsoon Cinnamon Latte,Specialty Beverages,A,280,80,1,280,0.0,NONE,280.0,200.0,71.43,Cash,4,Loyal Customer,1052
TXN-IN-10482,2026-07-29,17,0,DEL-001,Delhi – Connaught Place Inner Circle,Delhi,North,SKU-BEV-002,Monsoon Cinnamon Latte,Specialty Beverages,A,280,80,1,280,0.0,NONE,280.0,200.0,71.43,Credit Card,2,Hibernating,1580
TXN-IN-10483,2026-07-23,19,0,BLR-001,Bengaluru – Indiranagar 100ft,Bengaluru,South,SKU-SNK-006,Smoked Paneer Tikka Sourdough,Gourmet Food,B,310,105,2,620,0.0,NONE,620.0,410.0,66.13,UPI (GooglePay/PhonePe),5,Loyal Customer,1212
TXN-IN-10484,2026-08-30,9,1,DEL-001,Delhi – Connaught Place Inner Circle,Delhi,North,SKU-PKG-008,Eco-Kraft Branded Cup (Carton),Packaging,C,950,620,2,1900,0.0,NONE,1900.0,660.0,34.74,UPI (GooglePay/PhonePe),5,Champion,2125
TXN-IN-10485,2026-08-17,17,0,CHN-001,Chennai – Anna Nagar 2nd Avenue,Chennai,South,SKU-SNK-005,Truffle Cheese Mushroom Panini,Gourmet Food,A,340,120,1,340,0.0,NONE,340.0,220.0,64.71,Cash,5,Potential Loyalist,910
TXN-IN-10486,2026-08-27,12,0,CHN-001,Chennai – Anna Nagar 2nd Avenue,Chennai,South,SKU-BEV-003,Nitro Cold Brew Infusion,Specialty Beverages,A,310,90,1,310,0.0,NONE,310.0,220.0,70.97,Credit Card,5,Loyal Customer,1038
TXN-IN-10487,2026-08-29,20,1,CHN-001,Chennai – Anna Nagar 2nd Avenue,Chennai,South,SKU-DES-007,Classic Tiramisu Cup,Desserts,B,260,85,2,520,0.0,NONE,520.0,350.0,67.31,Credit Card,4,Champion,1346
TXN-IN-10488,2026-07-24,19,0,CHN-001,Chennai – Anna Nagar 2nd Avenue,Chennai,South,SKU-DES-007,Classic Tiramisu Cup,Desserts,B,260,85,1,260,0.0,NONE,260.0,175.0,67.31,UPI (GooglePay/PhonePe),4,Loyal Customer,1004
TXN-IN-10489,2026-08-09,10,1,BLR-017,Bengaluru – JP Nagar (Outlet 17),Bengaluru,South,SKU-BEV-002,Monsoon Cinnamon Latte,Specialty Beverages,A,280,80,1,280,5.0,CAMPAIGN_CODE_PROMO,266.0,186.0,69.92,UPI (GooglePay/PhonePe),5,Champion,1845
TXN-IN-10490,2026-08-25,19,0,DEL-002,Delhi – Cyber Hub Gurugram,Delhi NCR,North,SKU-PKG-008,Eco-Kraft Branded Cup (Carton),Packaging,C,950,620,1,950,0.0,NONE,950.0,330.0,34.74,Credit Card,5,Potential Loyalist,1023
TXN-IN-10491,2026-08-02,18,1,HYD-001,Hyderabad – Hitec City Cyber Towers,Hyderabad,South,SKU-BEV-002,Monsoon Cinnamon Latte,Specialty Beverages,A,280,80,1,280,0.0,NONE,280.0,200.0,71.43,Debit Card,4,Potential Loyalist,1810
TXN-IN-10492,2026-08-28,20,0,MUM-002,Mumbai – Lower Parel High Street,Mumbai,West,SKU-BEV-001,Artisanal Cold Brew (350ml),Specialty Beverages,A,240,65,2,480,5.0,CAMPAIGN_CODE_PROMO,456.0,326.0,71.49,Cash,5,Potential Loyalist,1036
TXN-IN-10493,2026-08-13,13,0,MUM-001,Mumbai – Bandra West Linking Rd,Mumbai,West,SKU-BAKE-004,Butter Flaky Croissant,Artisanal Bakery,B,180,55,1,180,0.0,NONE,180.0,125.0,69.44,UPI (GooglePay/PhonePe),5,Loyal Customer,1761
TXN-IN-10494,2026-07-26,15,1,DEL-001,Delhi – Connaught Place Inner Circle,Delhi,North,SKU-PKG-008,Eco-Kraft Branded Cup (Carton),Packaging,C,950,620,2,1900,5.0,CAMPAIGN_CODE_PROMO,1805.0,565.0,31.3,Cash,5,Loyal Customer,1985
TXN-IN-10495,2026-08-23,17,1,HYD-001,Hyderabad – Hitec City Cyber Towers,Hyderabad,South,SKU-SNK-006,Smoked Paneer Tikka Sourdough,Gourmet Food,B,310,105,3,930,0.0,NONE,930.0,615.0,66.13,Credit Card,5,Potential Loyalist,1981
TXN-IN-10496,2026-08-09,17,1,MUM-001,Mumbai – Bandra West Linking Rd,Mumbai,West,SKU-BAKE-004,Butter Flaky Croissant,Artisanal Bakery,B,180,55,1,180,0.0,NONE,180.0,125.0,69.44,Credit Card,2,Loyal Customer,2248
TXN-IN-10497,2026-07-20,17,0,BLR-001,Bengaluru – Indiranagar 100ft,Bengaluru,South,SKU-SNK-005,Truffle Cheese Mushroom Panini,Gourmet Food,A,340,120,2,680,0.0,NONE,680.0,440.0,64.71,Credit Card,5,Hibernating,1124
TXN-IN-10498,2026-08-09,17,1,BLR-001,Bengaluru – Indiranagar 100ft,Bengaluru,South,SKU-SNK-005,Truffle Cheese Mushroom Panini,Gourmet Food,A,340,120,3,1020,0.0,NONE,1020.0,660.0,64.71,Cash,5,Champion,1563
TXN-IN-10499,2026-07-29,18,0,BLR-002,Bengaluru – Koramangala 5th Block,Bengaluru,South,SKU-SNK-005,Truffle Cheese Mushroom Panini,Gourmet Food,A,340,120,1,340,0.0,NONE,340.0,220.0,64.71,Credit Card,5,Loyal Customer,1255
TXN-IN-10500,2026-07-24,20,0,DEL-001,Delhi – Connaught Place Inner Circle,Delhi,North,SKU-PKG-008,Eco-Kraft Branded Cup (Carton),Packaging,C,950,620,1,950,0.0,NONE,950.0,330.0,34.74,Cash,4,Champion,1584
TXN-IN-10501,2026-08-08,10,1,BLR-001,Bengaluru – Indiranagar 100ft,Bengaluru,South,SKU-DES-007,Classic Tiramisu Cup,Desserts,B,260,85,1,260,0.0,NONE,260.0,175.0,67.31,Credit Card,3,Loyal Customer,1502
TXN-IN-10502,2026-08-03,17,0,BLR-001,Bengaluru – Indiranagar 100ft,Bengaluru,South,SKU-DES-007,Classic Tiramisu Cup,Desserts,B,260,85,1,260,0.0,NONE,260.0,175.0,67.31,Cash,5,Loyal Customer,1126
TXN-IN-10503,2026-07-29,19,0,BLR-001,Bengaluru – Indiranagar 100ft,Bengaluru,South,SKU-DES-007,Classic Tiramisu Cup,Desserts,B,260,85,4,1040,0.0,NONE,1040.0,700.0,67.31,UPI (GooglePay/PhonePe),5,Loyal Customer,1170
TXN-IN-10504,2026-07-29,18,0,BLR-002,Bengaluru – Koramangala 5th Block,Bengaluru,South,SKU-SNK-006,Smoked Paneer Tikka Sourdough,Gourmet Food,B,310,105,1,310,10.0,CAMPAIGN_CODE_PROMO,279.0,174.0,62.37,Credit Card,5,Loyal Customer,1398
TXN-IN-10505,2026-09-02,12,0,BLR-002,Bengaluru – Koramangala 5th Block,Bengaluru,South,SKU-BEV-003,Nitro Cold Brew Infusion,Specialty Beverages,A,310,90,1,310,0.0,NONE,310.0,220.0,70.97,Cash,5,Potential Loyalist,1388
TXN-IN-10506,2026-08-22,19,1,MUM-001,Mumbai – Bandra West Linking Rd,Mumbai,West,SKU-BAKE-004,Butter Flaky Croissant,Artisanal Bakery,B,180,55,1,180,0.0,NONE,180.0,125.0,69.44,Cash,5,Potential Loyalist,2255
TXN-IN-10507,2026-08-12,18,0,DEL-001,Delhi – Connaught Place Inner Circle,Delhi,North,SKU-BAKE-004,Butter Flaky Croissant,Artisanal Bakery,B,180,55,1,180,10.0,CAMPAIGN_CODE_PROMO,162.0,107.0,66.05,UPI (GooglePay/PhonePe),1,Potential Loyalist,1533
TXN-IN-10508,2026-08-28,20,0,BLR-002,Bengaluru – Koramangala 5th Block,Bengaluru,South,SKU-PKG-008,Eco-Kraft Branded Cup (Carton),Packaging,C,950,620,1,950,0.0,NONE,950.0,330.0,34.74,Credit Card,5,Potential Loyalist,1221
TXN-IN-10509,2026-07-27,21,0,BLR-001,Bengaluru – Indiranagar 100ft,Bengaluru,South,SKU-BAKE-004,Butter Flaky Croissant,Artisanal Bakery,B,180,55,3,540,0.0,NONE,540.0,375.0,69.44,Credit Card,5,Potential Loyalist,1098
TXN-IN-10510,2026-08-08,12,1,HYD-001,Hyderabad – Hitec City Cyber Towers,Hyderabad,South,SKU-PKG-008,Eco-Kraft Branded Cup (Carton),Packaging,C,950,620,1,950,0.0,NONE,950.0,330.0,34.74,UPI (GooglePay/PhonePe),5,Potential Loyalist,1936
TXN-IN-10511,2026-08-19,21,0,BLR-002,Bengaluru – Koramangala 5th Block,Bengaluru,South,SKU-BEV-001,Artisanal Cold Brew (350ml),Specialty Beverages,A,240,65,1,240,0.0,NONE,240.0,175.0,72.92,Credit Card,5,Loyal Customer,1378
TXN-IN-10512,2026-08-28,21,0,MUM-002,Mumbai – Lower Parel High Street,Mumbai,West,SKU-BEV-001,Artisanal Cold Brew (350ml),Specialty Beverages,A,240,65,1,240,15.0,CAMPAIGN_CODE_PROMO,204.0,139.0,68.14,Credit Card,4,At Risk,992
TXN-IN-10513,2026-07-26,18,1,BLR-001,Bengaluru – Indiranagar 100ft,Bengaluru,South,SKU-SNK-005,Truffle Cheese Mushroom Panini,Gourmet Food,A,340,120,3,1020,0.0,NONE,1020.0,660.0,64.71,Debit Card,5,Potential Loyalist,1552
TXN-IN-10514,2026-08-20,17,0,CHN-001,Chennai – Anna Nagar 2nd Avenue,Chennai,South,SKU-BEV-002,Monsoon Cinnamon Latte,Specialty Beverages,A,280,80,1,280,0.0,NONE,280.0,200.0,71.43,UPI (GooglePay/PhonePe),5,Hibernating,918
TXN-IN-10515,2026-08-10,8,0,HYD-001,Hyderabad – Hitec City Cyber Towers,Hyderabad,South,SKU-DES-007,Classic Tiramisu Cup,Desserts,B,260,85,2,520,0.0,NONE,520.0,350.0,67.31,Credit Card,4,Champion,1438
TXN-IN-10516,2026-08-06,20,0,BLR-001,Bengaluru – Indiranagar 100ft,Bengaluru,South,SKU-SNK-005,Truffle Cheese Mushroom Panini,Gourmet Food,A,340,120,3,1020,0.0,NONE,1020.0,660.0,64.71,UPI (GooglePay/PhonePe),2,Hibernating,1127
TXN-IN-10517,2026-07-29,10,0,DEL-001,Delhi – Connaught Place Inner Circle,Delhi,North,SKU-DES-007,Classic Tiramisu Cup,Desserts,B,260,85,2,520,0.0,NONE,520.0,350.0,67.31,Cash,3,Potential Loyalist,1526
TXN-IN-10518,2026-08-04,21,0,BLR-002,Bengaluru – Koramangala 5th Block,Bengaluru,South,SKU-DES-007,Classic Tiramisu Cup,Desserts,B,260,85,4,1040,0.0,NONE,1040.0,700.0,67.31,Cash,5,Potential Loyalist,1348
TXN-IN-10519,2026-08-23,19,1,MUM-001,Mumbai – Bandra West Linking Rd,Mumbai,West,SKU-BEV-003,Nitro Cold Brew Infusion,Specialty Beverages,A,310,90,1,310,0.0,NONE,310.0,220.0,70.97,UPI (GooglePay/PhonePe),5,At Risk,2344
TXN-IN-10520,2026-07-29,17,0,BLR-002,Bengaluru – Koramangala 5th Block,Bengaluru,South,SKU-SNK-006,Smoked Paneer Tikka Sourdough,Gourmet Food,B,310,105,1,310,0.0,NONE,310.0,205.0,66.13,UPI (GooglePay/PhonePe),5,At Risk,1386
TXN-IN-10521,2026-07-21,13,0,DEL-001,Delhi – Connaught Place Inner Circle,Delhi,North,SKU-DES-007,Classic Tiramisu Cup,Desserts,B,260,85,4,1040,0.0,NONE,1040.0,700.0,67.31,Credit Card,5,Champion,1453
TXN-IN-10522,2026-07-31,18,0,BLR-001,Bengaluru – Indiranagar 100ft,Bengaluru,South,SKU-SNK-005,Truffle Cheese Mushroom Panini,Gourmet Food,A,340,120,2,680,0.0,NONE,680.0,440.0,64.71,UPI (GooglePay/PhonePe),4,Loyal Customer,1246
TXN-IN-10523,2026-08-19,14,0,BLR-002,Bengaluru – Koramangala 5th Block,Bengaluru,South,SKU-PKG-008,Eco-Kraft Branded Cup (Carton),Packaging,C,950,620,2,1900,0.0,NONE,1900.0,660.0,34.74,Debit Card,5,Champion,1257
TXN-IN-10524,2026-07-22,21,0,DEL-002,Delhi – Cyber Hub Gurugram,Delhi NCR,North,SKU-BEV-001,Artisanal Cold Brew (350ml),Specialty Beverages,A,240,65,3,720,0.0,NONE,720.0,525.0,72.92,UPI (GooglePay/PhonePe),4,Champion,1132
TXN-IN-10525,2026-08-28,20,0,HYD-001,Hyderabad – Hitec City Cyber Towers,Hyderabad,South,SKU-SNK-006,Smoked Paneer Tikka Sourdough,Gourmet Food,B,310,105,3,930,0.0,NONE,930.0,615.0,66.13,UPI (GooglePay/PhonePe),4,At Risk,1494
TXN-IN-10526,2026-08-09,16,1,DEL-002,Delhi – Cyber Hub Gurugram,Delhi NCR,North,SKU-BEV-001,Artisanal Cold Brew (350ml),Specialty Beverages,A,240,65,1,240,0.0,NONE,240.0,175.0,72.92,UPI (GooglePay/PhonePe),3,Champion,1542
TXN-IN-10527,2026-08-14,18,0,BLR-001,Bengaluru – Indiranagar 100ft,Bengaluru,South,SKU-DES-007,Classic Tiramisu Cup,Desserts,B,260,85,1,260,10.0,CAMPAIGN_CODE_PROMO,234.0,149.0,63.68,Debit Card,5,Loyal Customer,1143
TXN-IN-10528,2026-08-18,21,0,BLR-002,Bengaluru – Koramangala 5th Block,Bengaluru,South,SKU-DES-007,Classic Tiramisu Cup,Desserts,B,260,85,1,260,0.0,NONE,260.0,175.0,67.31,UPI (GooglePay/PhonePe),5,Potential Loyalist,1223
TXN-IN-10529,2026-08-21,21,0,BLR-017,Bengaluru – JP Nagar (Outlet 17),Bengaluru,South,SKU-BEV-003,Nitro Cold Brew Infusion,Specialty Beverages,A,310,90,2,620,10.0,CAMPAIGN_CODE_PROMO,558.0,378.0,67.74,Credit Card,5,Champion,1491
TXN-IN-10530,2026-09-03,14,0,MUM-001,Mumbai – Bandra West Linking Rd,Mumbai,West,SKU-PKG-008,Eco-Kraft Branded Cup (Carton),Packaging,C,950,620,1,950,0.0,NONE,950.0,330.0,34.74,UPI (GooglePay/PhonePe),4,Champion,1599
TXN-IN-10531,2026-09-03,19,0,HYD-001,Hyderabad – Hitec City Cyber Towers,Hyderabad,South,SKU-SNK-006,Smoked Paneer Tikka Sourdough,Gourmet Food,B,310,105,1,310,0.0,NONE,310.0,205.0,66.13,Cash,4,Champion,1450
TXN-IN-10532,2026-08-13,17,0,BLR-001,Bengaluru – Indiranagar 100ft,Bengaluru,South,SKU-BEV-003,Nitro Cold Brew Infusion,Specialty Beverages,A,310,90,3,930,0.0,NONE,930.0,660.0,70.97,UPI (GooglePay/PhonePe),5,Champion,1266
TXN-IN-10533,2026-09-03,19,0,BLR-001,Bengaluru – Indiranagar 100ft,Bengaluru,South,SKU-DES-007,Classic Tiramisu Cup,Desserts,B,260,85,1,260,0.0,NONE,260.0,175.0,67.31,Credit Card,4,Champion,1103
TXN-IN-10534,2026-08-01,17,1,BLR-001,Bengaluru – Indiranagar 100ft,Bengaluru,South,SKU-SNK-005,Truffle Cheese Mushroom Panini,Gourmet Food,A,340,120,1,340,0.0,NONE,340.0,220.0,64.71,UPI (GooglePay/PhonePe),4,Loyal Customer,1527
TXN-IN-10535,2026-08-26,10,0,HYD-001,Hyderabad – Hitec City Cyber Towers,Hyderabad,South,SKU-PKG-008,Eco-Kraft Branded Cup (Carton),Packaging,C,950,620,1,950,0.0,NONE,950.0,330.0,34.74,UPI (GooglePay/PhonePe),3,Loyal Customer,1470
TXN-IN-10536,2026-08-24,10,0,MUM-001,Mumbai – Bandra West Linking Rd,Mumbai,West,SKU-BEV-001,Artisanal Cold Brew (350ml),Specialty Beverages,A,240,65,1,240,0.0,NONE,240.0,175.0,72.92,UPI (GooglePay/PhonePe),3,Potential Loyalist,1724
TXN-IN-10537,2026-08-08,15,1,DEL-001,Delhi – Connaught Place Inner Circle,Delhi,North,SKU-BEV-002,Monsoon Cinnamon Latte,Specialty Beverages,A,280,80,1,280,0.0,NONE,280.0,200.0,71.43,Credit Card,4,Potential Loyalist,2097
TXN-IN-10538,2026-08-25,19,0,CHN-001,Chennai – Anna Nagar 2nd Avenue,Chennai,South,SKU-BEV-003,Nitro Cold Brew Infusion,Specialty Beverages,A,310,90,4,1240,0.0,NONE,1240.0,880.0,70.97,UPI (GooglePay/PhonePe),5,Loyal Customer,934
TXN-IN-10539,2026-08-13,10,0,BLR-017,Bengaluru – JP Nagar (Outlet 17),Bengaluru,South,SKU-DES-007,Classic Tiramisu Cup,Desserts,B,260,85,2,520,10.0,CAMPAIGN_CODE_PROMO,468.0,298.0,63.68,Credit Card,5,Loyal Customer,1518
TXN-IN-10540,2026-08-02,22,1,BLR-001,Bengaluru – Indiranagar 100ft,Bengaluru,South,SKU-BEV-002,Monsoon Cinnamon Latte,Specialty Beverages,A,280,80,2,560,0.0,NONE,560.0,400.0,71.43,UPI (GooglePay/PhonePe),5,Potential Loyalist,1652
TXN-IN-10541,2026-08-07,18,0,DEL-002,Delhi – Cyber Hub Gurugram,Delhi NCR,North,SKU-SNK-006,Smoked Paneer Tikka Sourdough,Gourmet Food,B,310,105,1,310,0.0,NONE,310.0,205.0,66.13,UPI (GooglePay/PhonePe),4,Loyal Customer,1206
TXN-IN-10542,2026-08-29,20,1,HYD-001,Hyderabad – Hitec City Cyber Towers,Hyderabad,South,SKU-PKG-008,Eco-Kraft Branded Cup (Carton),Packaging,C,950,620,2,1900,0.0,NONE,1900.0,660.0,34.74,Credit Card,1,Champion,1802
TXN-IN-10543,2026-08-18,22,0,BLR-017,Bengaluru – JP Nagar (Outlet 17),Bengaluru,South,SKU-BAKE-004,Butter Flaky Croissant,Artisanal Bakery,B,180,55,2,360,25.0,OVERRIDE_MGR_01,270.0,160.0,59.26,Credit Card,2,Champion,1503
TXN-IN-10544,2026-08-01,13,1,MUM-002,Mumbai – Lower Parel High Street,Mumbai,West,SKU-SNK-005,Truffle Cheese Mushroom Panini,Gourmet Food,A,340,120,2,680,0.0,NONE,680.0,440.0,64.71,Credit Card,4,Champion,1328
TXN-IN-10545,2026-08-10,12,0,DEL-002,Delhi – Cyber Hub Gurugram,Delhi NCR,North,SKU-BEV-001,Artisanal Cold Brew (350ml),Specialty Beverages,A,240,65,2,480,0.0,NONE,480.0,350.0,72.92,Debit Card,3,Potential Loyalist,1185
TXN-IN-10546,2026-07-28,20,0,HYD-001,Hyderabad – Hitec City Cyber Towers,Hyderabad,South,SKU-BEV-003,Nitro Cold Brew Infusion,Specialty Beverages,A,310,90,2,620,0.0,NONE,620.0,440.0,70.97,Credit Card,5,At Risk,1500
TXN-IN-10547,2026-07-23,18,0,CHN-001,Chennai – Anna Nagar 2nd Avenue,Chennai,South,SKU-SNK-005,Truffle Cheese Mushroom Panini,Gourmet Food,A,340,120,2,680,0.0,NONE,680.0,440.0,64.71,UPI (GooglePay/PhonePe),5,Potential Loyalist,930
TXN-IN-10548,2026-07-24,14,0,BLR-002,Bengaluru – Koramangala 5th Block,Bengaluru,South,SKU-SNK-005,Truffle Cheese Mushroom Panini,Gourmet Food,A,340,120,2,680,0.0,NONE,680.0,440.0,64.71,Cash,4,Loyal Customer,1299
TXN-IN-10549,2026-07-31,13,0,BLR-017,Bengaluru – JP Nagar (Outlet 17),Bengaluru,South,SKU-SNK-005,Truffle Cheese Mushroom Panini,Gourmet Food,A,340,120,2,680,25.0,OVERRIDE_MGR_01,510.0,270.0,52.94,Debit Card,2,Loyal Customer,1417
TXN-IN-10550,2026-08-02,14,1,CHN-001,Chennai – Anna Nagar 2nd Avenue,Chennai,South,SKU-SNK-005,Truffle Cheese Mushroom Panini,Gourmet Food,A,340,120,1,340,5.0,CAMPAIGN_CODE_PROMO,323.0,203.0,62.85,UPI (GooglePay/PhonePe),5,Champion,1285
TXN-IN-10551,2026-08-21,16,0,BLR-002,Bengaluru – Koramangala 5th Block,Bengaluru,South,SKU-BAKE-004,Butter Flaky Croissant,Artisanal Bakery,B,180,55,1,180,0.0,NONE,180.0,125.0,69.44,Credit Card,4,Champion,1225
TXN-IN-10552,2026-08-22,16,1,BLR-002,Bengaluru – Koramangala 5th Block,Bengaluru,South,SKU-BAKE-004,Butter Flaky Croissant,Artisanal Bakery,B,180,55,2,360,0.0,NONE,360.0,250.0,69.44,Cash,5,Loyal Customer,1659
TXN-IN-10553,2026-09-01,9,0,BLR-017,Bengaluru – JP Nagar (Outlet 17),Bengaluru,South,SKU-SNK-006,Smoked Paneer Tikka Sourdough,Gourmet Food,B,310,105,1,310,0.0,NONE,310.0,205.0,66.13,Credit Card,5,Potential Loyalist,1503
TXN-IN-10554,2026-08-02,13,1,DEL-001,Delhi – Connaught Place Inner Circle,Delhi,North,SKU-BAKE-004,Butter Flaky Croissant,Artisanal Bakery,B,180,55,1,180,0.0,NONE,180.0,125.0,69.44,Debit Card,4,Loyal Customer,1985
TXN-IN-10555,2026-08-06,17,0,BLR-017,Bengaluru – JP Nagar (Outlet 17),Bengaluru,South,SKU-BEV-001,Artisanal Cold Brew (350ml),Specialty Beverages,A,240,65,4,960,25.0,OVERRIDE_MGR_01,720.0,460.0,63.89,Cash,4,Champion,1520
TXN-IN-10556,2026-08-07,18,0,MUM-001,Mumbai – Bandra West Linking Rd,Mumbai,West,SKU-BEV-003,Nitro Cold Brew Infusion,Specialty Beverages,A,310,90,1,310,0.0,NONE,310.0,220.0,70.97,Debit Card,5,Champion,1742
TXN-IN-10557,2026-07-23,15,0,BLR-017,Bengaluru – JP Nagar (Outlet 17),Bengaluru,South,SKU-DES-007,Classic Tiramisu Cup,Desserts,B,260,85,1,260,25.0,OVERRIDE_MGR_01,195.0,110.0,56.41,Cash,3,Potential Loyalist,1454
TXN-IN-10558,2026-08-28,12,0,DEL-001,Delhi – Connaught Place Inner Circle,Delhi,North,SKU-SNK-005,Truffle Cheese Mushroom Panini,Gourmet Food,A,340,120,1,340,0.0,NONE,340.0,220.0,64.71,Cash,5,Hibernating,1615
TXN-IN-10559,2026-08-18,21,0,BLR-002,Bengaluru – Koramangala 5th Block,Bengaluru,South,SKU-BEV-002,Monsoon Cinnamon Latte,Specialty Beverages,A,280,80,2,560,0.0,NONE,560.0,400.0,71.43,Debit Card,5,Potential Loyalist,1396
TXN-IN-10560,2026-08-18,12,0,HYD-001,Hyderabad – Hitec City Cyber Towers,Hyderabad,South,SKU-BAKE-004,Butter Flaky Croissant,Artisanal Bakery,B,180,55,3,540,0.0,NONE,540.0,375.0,69.44,Credit Card,3,Loyal Customer,1489
TXN-IN-10561,2026-08-31,9,0,DEL-001,Delhi – Connaught Place Inner Circle,Delhi,North,SKU-SNK-006,Smoked Paneer Tikka Sourdough,Gourmet Food,B,310,105,1,310,0.0,NONE,310.0,205.0,66.13,Credit Card,5,At Risk,1492
TXN-IN-10562,2026-08-11,19,0,BLR-002,Bengaluru – Koramangala 5th Block,Bengaluru,South,SKU-BEV-002,Monsoon Cinnamon Latte,Specialty Beverages,A,280,80,1,280,15.0,CAMPAIGN_CODE_PROMO,238.0,158.0,66.39,UPI (GooglePay/PhonePe),4,Loyal Customer,1302
TXN-IN-10563,2026-08-26,17,0,DEL-002,Delhi – Cyber Hub Gurugram,Delhi NCR,North,SKU-BAKE-004,Butter Flaky Croissant,Artisanal Bakery,B,180,55,2,360,0.0,NONE,360.0,250.0,69.44,Debit Card,5,Champion,1197
TXN-IN-10564,2026-08-26,14,0,DEL-002,Delhi – Cyber Hub Gurugram,Delhi NCR,North,SKU-DES-007,Classic Tiramisu Cup,Desserts,B,260,85,2,520,0.0,NONE,520.0,350.0,67.31,UPI (GooglePay/PhonePe),4,Champion,1202
TXN-IN-10565,2026-08-25,16,0,HYD-001,Hyderabad – Hitec City Cyber Towers,Hyderabad,South,SKU-BEV-002,Monsoon Cinnamon Latte,Specialty Beverages,A,280,80,2,560,0.0,NONE,560.0,400.0,71.43,Debit Card,5,Hibernating,1327
TXN-IN-10566,2026-08-27,18,0,BLR-017,Bengaluru – JP Nagar (Outlet 17),Bengaluru,South,SKU-DES-007,Classic Tiramisu Cup,Desserts,B,260,85,1,260,25.0,OVERRIDE_MGR_01,195.0,110.0,56.41,UPI (GooglePay/PhonePe),2,At Risk,1502
TXN-IN-10567,2026-07-20,13,0,BLR-002,Bengaluru – Koramangala 5th Block,Bengaluru,South,SKU-BEV-003,Nitro Cold Brew Infusion,Specialty Beverages,A,310,90,1,310,0.0,NONE,310.0,220.0,70.97,Debit Card,5,Potential Loyalist,1281
TXN-IN-10568,2026-08-08,21,1,MUM-002,Mumbai – Lower Parel High Street,Mumbai,West,SKU-DES-007,Classic Tiramisu Cup,Desserts,B,260,85,2,520,0.0,NONE,520.0,350.0,67.31,Cash,5,Hibernating,1346
TXN-IN-10569,2026-07-28,17,0,MUM-002,Mumbai – Lower Parel High Street,Mumbai,West,SKU-BEV-001,Artisanal Cold Brew (350ml),Specialty Beverages,A,240,65,1,240,15.0,CAMPAIGN_CODE_PROMO,204.0,139.0,68.14,Cash,4,Loyal Customer,972
TXN-IN-10570,2026-07-21,15,0,MUM-001,Mumbai – Bandra West Linking Rd,Mumbai,West,SKU-DES-007,Classic Tiramisu Cup,Desserts,B,260,85,2,520,0.0,NONE,520.0,350.0,67.31,Debit Card,5,Loyal Customer,1624
TXN-IN-10571,2026-08-31,17,0,BLR-002,Bengaluru – Koramangala 5th Block,Bengaluru,South,SKU-PKG-008,Eco-Kraft Branded Cup (Carton),Packaging,C,950,620,1,950,0.0,NONE,950.0,330.0,34.74,Credit Card,4,Champion,1371
TXN-IN-10572,2026-07-28,8,0,BLR-002,Bengaluru – Koramangala 5th Block,Bengaluru,South,SKU-BEV-001,Artisanal Cold Brew (350ml),Specialty Beverages,A,240,65,1,240,0.0,NONE,240.0,175.0,72.92,Debit Card,4,Hibernating,1234
TXN-IN-10573,2026-07-25,20,1,BLR-002,Bengaluru – Koramangala 5th Block,Bengaluru,South,SKU-DES-007,Classic Tiramisu Cup,Desserts,B,260,85,3,780,0.0,NONE,780.0,525.0,67.31,Debit Card,4,Loyal Customer,1756
TXN-IN-10574,2026-08-24,12,0,HYD-001,Hyderabad – Hitec City Cyber Towers,Hyderabad,South,SKU-DES-007,Classic Tiramisu Cup,Desserts,B,260,85,1,260,0.0,NONE,260.0,175.0,67.31,Cash,5,Potential Loyalist,1492
TXN-IN-10575,2026-08-21,18,0,MUM-002,Mumbai – Lower Parel High Street,Mumbai,West,SKU-DES-007,Classic Tiramisu Cup,Desserts,B,260,85,3,780,5.0,CAMPAIGN_CODE_PROMO,741.0,486.0,65.59,Cash,5,Loyal Customer,1048
TXN-IN-10576,2026-08-19,17,0,BLR-017,Bengaluru – JP Nagar (Outlet 17),Bengaluru,South,SKU-BEV-003,Nitro Cold Brew Infusion,Specialty Beverages,A,310,90,2,620,0.0,NONE,620.0,440.0,70.97,Credit Card,5,Champion,1496
TXN-IN-10577,2026-07-25,18,1,MUM-001,Mumbai – Bandra West Linking Rd,Mumbai,West,SKU-PKG-008,Eco-Kraft Branded Cup (Carton),Packaging,C,950,620,2,1900,0.0,NONE,1900.0,660.0,34.74,Cash,4,Loyal Customer,2160
TXN-IN-10578,2026-08-10,17,0,CHN-001,Chennai – Anna Nagar 2nd Avenue,Chennai,South,SKU-BEV-001,Artisanal Cold Brew (350ml),Specialty Beverages,A,240,65,1,240,0.0,NONE,240.0,175.0,72.92,Credit Card,5,Hibernating,915
TXN-IN-10579,2026-08-07,18,0,BLR-002,Bengaluru – Koramangala 5th Block,Bengaluru,South,SKU-BEV-001,Artisanal Cold Brew (350ml),Specialty Beverages,A,240,65,2,480,0.0,NONE,480.0,350.0,72.92,Cash,5,Potential Loyalist,1348
TXN-IN-10580,2026-07-30,18,0,BLR-001,Bengaluru – Indiranagar 100ft,Bengaluru,South,SKU-SNK-005,Truffle Cheese Mushroom Panini,Gourmet Food,A,340,120,2,680,0.0,NONE,680.0,440.0,64.71,UPI (GooglePay/PhonePe),5,Champion,1270
TXN-IN-10581,2026-08-06,13,0,MUM-002,Mumbai – Lower Parel High Street,Mumbai,West,SKU-BEV-003,Nitro Cold Brew Infusion,Specialty Beverages,A,310,90,2,620,0.0,NONE,620.0,440.0,70.97,UPI (GooglePay/PhonePe),4,At Risk,1089
TXN-IN-10582,2026-07-29,13,0,HYD-001,Hyderabad – Hitec City Cyber Towers,Hyderabad,South,SKU-SNK-006,Smoked Paneer Tikka Sourdough,Gourmet Food,B,310,105,2,620,0.0,NONE,620.0,410.0,66.13,Debit Card,5,Loyal Customer,1318
TXN-IN-10583,2026-08-10,20,0,BLR-017,Bengaluru – JP Nagar (Outlet 17),Bengaluru,South,SKU-BEV-003,Nitro Cold Brew Infusion,Specialty Beverages,A,310,90,2,620,0.0,NONE,620.0,440.0,70.97,Debit Card,4,Champion,1452
TXN-IN-10584,2026-08-29,20,1,BLR-002,Bengaluru – Koramangala 5th Block,Bengaluru,South,SKU-BAKE-004,Butter Flaky Croissant,Artisanal Bakery,B,180,55,2,360,10.0,CAMPAIGN_CODE_PROMO,324.0,214.0,66.05,UPI (GooglePay/PhonePe),5,Loyal Customer,1769
TXN-IN-10585,2026-08-08,19,1,HYD-001,Hyderabad – Hitec City Cyber Towers,Hyderabad,South,SKU-BAKE-004,Butter Flaky Croissant,Artisanal Bakery,B,180,55,1,180,0.0,NONE,180.0,125.0,69.44,UPI (GooglePay/PhonePe),5,Loyal Customer,1869
TXN-IN-10586,2026-08-17,19,0,DEL-002,Delhi – Cyber Hub Gurugram,Delhi NCR,North,SKU-SNK-006,Smoked Paneer Tikka Sourdough,Gourmet Food,B,310,105,4,1240,15.0,CAMPAIGN_CODE_PROMO,1054.0,634.0,60.15,Credit Card,2,Loyal Customer,1186
TXN-IN-10587,2026-08-06,11,0,DEL-001,Delhi – Connaught Place Inner Circle,Delhi,North,SKU-SNK-005,Truffle Cheese Mushroom Panini,Gourmet Food,A,340,120,1,340,0.0,NONE,340.0,220.0,64.71,Debit Card,5,Potential Loyalist,1481
TXN-IN-10588,2026-09-01,22,0,MUM-001,Mumbai – Bandra West Linking Rd,Mumbai,West,SKU-SNK-006,Smoked Paneer Tikka Sourdough,Gourmet Food,B,310,105,2,620,0.0,NONE,620.0,410.0,66.13,UPI (GooglePay/PhonePe),4,At Risk,1573
TXN-IN-10589,2026-08-15,14,1,BLR-017,Bengaluru – JP Nagar (Outlet 17),Bengaluru,South,SKU-BEV-002,Monsoon Cinnamon Latte,Specialty Beverages,A,280,80,2,560,0.0,NONE,560.0,400.0,71.43,UPI (GooglePay/PhonePe),5,Champion,1989
TXN-IN-10590,2026-08-31,11,0,MUM-001,Mumbai – Bandra West Linking Rd,Mumbai,West,SKU-BEV-002,Monsoon Cinnamon Latte,Specialty Beverages,A,280,80,2,560,0.0,NONE,560.0,400.0,71.43,UPI (GooglePay/PhonePe),5,Potential Loyalist,1735
TXN-IN-10591,2026-08-25,13,0,BLR-002,Bengaluru – Koramangala 5th Block,Bengaluru,South,SKU-BEV-002,Monsoon Cinnamon Latte,Specialty Beverages,A,280,80,2,560,0.0,NONE,560.0,400.0,71.43,UPI (GooglePay/PhonePe),4,Hibernating,1270
TXN-IN-10592,2026-08-16,10,1,DEL-001,Delhi – Connaught Place Inner Circle,Delhi,North,SKU-SNK-005,Truffle Cheese Mushroom Panini,Gourmet Food,A,340,120,1,340,0.0,NONE,340.0,220.0,64.71,Debit Card,5,Hibernating,2011
TXN-IN-10593,2026-08-05,22,0,BLR-002,Bengaluru – Koramangala 5th Block,Bengaluru,South,SKU-PKG-008,Eco-Kraft Branded Cup (Carton),Packaging,C,950,620,1,950,0.0,NONE,950.0,330.0,34.74,Debit Card,5,Loyal Customer,1236
TXN-IN-10594,2026-08-23,11,1,DEL-002,Delhi – Cyber Hub Gurugram,Delhi NCR,North,SKU-BAKE-004,Butter Flaky Croissant,Artisanal Bakery,B,180,55,2,360,0.0,NONE,360.0,250.0,69.44,Credit Card,5,Champion,1551
TXN-IN-10595,2026-08-05,12,0,HYD-001,Hyderabad – Hitec City Cyber Towers,Hyderabad,South,SKU-BEV-001,Artisanal Cold Brew (350ml),Specialty Beverages,A,240,65,3,720,0.0,NONE,720.0,525.0,72.92,UPI (GooglePay/PhonePe),4,Loyal Customer,1489
TXN-IN-10596,2026-08-10,21,0,DEL-002,Delhi – Cyber Hub Gurugram,Delhi NCR,North,SKU-BEV-001,Artisanal Cold Brew (350ml),Specialty Beverages,A,240,65,1,240,0.0,NONE,240.0,175.0,72.92,Debit Card,5,Potential Loyalist,1037
TXN-IN-10597,2026-08-23,19,1,MUM-001,Mumbai – Bandra West Linking Rd,Mumbai,West,SKU-BEV-001,Artisanal Cold Brew (350ml),Specialty Beverages,A,240,65,1,240,0.0,NONE,240.0,175.0,72.92,UPI (GooglePay/PhonePe),5,Hibernating,2238
TXN-IN-10598,2026-08-10,22,0,MUM-002,Mumbai – Lower Parel High Street,Mumbai,West,SKU-DES-007,Classic Tiramisu Cup,Desserts,B,260,85,1,260,0.0,NONE,260.0,175.0,67.31,Credit Card,5,Hibernating,920
TXN-IN-10599,2026-08-18,9,0,MUM-002,Mumbai – Lower Parel High Street,Mumbai,West,SKU-BAKE-004,Butter Flaky Croissant,Artisanal Bakery,B,180,55,1,180,0.0,NONE,180.0,125.0,69.44,UPI (GooglePay/PhonePe),5,Loyal Customer,927
TXN-IN-10600,2026-08-29,18,1,DEL-001,Delhi – Connaught Place Inner Circle,Delhi,North,SKU-PKG-008,Eco-Kraft Branded Cup (Carton),Packaging,C,950,620,1,950,0.0,NONE,950.0,330.0,34.74,UPI (GooglePay/PhonePe),5,Champion,2096
TXN-IN-10601,2026-08-04,17,0,HYD-001,Hyderabad – Hitec City Cyber Towers,Hyderabad,South,SKU-DES-007,Classic Tiramisu Cup,Desserts,B,260,85,1,260,0.0,NONE,260.0,175.0,67.31,Cash,2,At Risk,1314
TXN-IN-10602,2026-07-22,19,0,DEL-001,Delhi – Connaught Place Inner Circle,Delhi,North,SKU-BEV-001,Artisanal Cold Brew (350ml),Specialty Beverages,A,240,65,1,240,0.0,NONE,240.0,175.0,72.92,UPI (GooglePay/PhonePe),4,Potential Loyalist,1537
TXN-IN-10603,2026-09-01,13,0,CHN-001,Chennai – Anna Nagar 2nd Avenue,Chennai,South,SKU-BEV-003,Nitro Cold Brew Infusion,Specialty Beverages,A,310,90,2,620,15.0,CAMPAIGN_CODE_PROMO,527.0,347.0,65.84,UPI (GooglePay/PhonePe),5,Champion,998
TXN-IN-10604,2026-07-22,18,0,MUM-001,Mumbai – Bandra West Linking Rd,Mumbai,West,SKU-BEV-003,Nitro Cold Brew Infusion,Specialty Beverages,A,310,90,1,310,0.0,NONE,310.0,220.0,70.97,UPI (GooglePay/PhonePe),5,Champion,1721
TXN-IN-10605,2026-07-24,19,0,BLR-017,Bengaluru – JP Nagar (Outlet 17),Bengaluru,South,SKU-BEV-002,Monsoon Cinnamon Latte,Specialty Beverages,A,280,80,1,280,25.0,OVERRIDE_MGR_01,210.0,130.0,61.9,UPI (GooglePay/PhonePe),2,Hibernating,1513
TXN-IN-10606,2026-08-14,18,0,DEL-001,Delhi – Connaught Place Inner Circle,Delhi,North,SKU-BEV-002,Monsoon Cinnamon Latte,Specialty Beverages,A,280,80,4,1120,5.0,CAMPAIGN_CODE_PROMO,1064.0,744.0,69.92,UPI (GooglePay/PhonePe),5,Loyal Customer,1450
TXN-IN-10607,2026-08-06,14,0,BLR-002,Bengaluru – Koramangala 5th Block,Bengaluru,South,SKU-DES-007,Classic Tiramisu Cup,Desserts,B,260,85,1,260,0.0,NONE,260.0,175.0,67.31,UPI (GooglePay/PhonePe),3,Champion,1225
TXN-IN-10608,2026-08-29,16,1,DEL-002,Delhi – Cyber Hub Gurugram,Delhi NCR,North,SKU-BEV-003,Nitro Cold Brew Infusion,Specialty Beverages,A,310,90,1,310,5.0,CAMPAIGN_CODE_PROMO,294.5,204.5,69.44,UPI (GooglePay/PhonePe),4,Loyal Customer,1477
TXN-IN-10609,2026-08-15,18,1,HYD-001,Hyderabad – Hitec City Cyber Towers,Hyderabad,South,SKU-BEV-003,Nitro Cold Brew Infusion,Specialty Beverages,A,310,90,1,310,0.0,NONE,310.0,220.0,70.97,Debit Card,5,Champion,1973
TXN-IN-10610,2026-07-22,10,0,BLR-002,Bengaluru – Koramangala 5th Block,Bengaluru,South,SKU-PKG-008,Eco-Kraft Branded Cup (Carton),Packaging,C,950,620,2,1900,0.0,NONE,1900.0,660.0,34.74,Credit Card,5,Champion,1260
TXN-IN-10611,2026-08-01,20,1,BLR-017,Bengaluru – JP Nagar (Outlet 17),Bengaluru,South,SKU-BEV-002,Monsoon Cinnamon Latte,Specialty Beverages,A,280,80,2,560,0.0,NONE,560.0,400.0,71.43,Debit Card,4,Potential Loyalist,1907
TXN-IN-10612,2026-07-23,19,0,MUM-001,Mumbai – Bandra West Linking Rd,Mumbai,West,SKU-BEV-002,Monsoon Cinnamon Latte,Specialty Beverages,A,280,80,2,560,0.0,NONE,560.0,400.0,71.43,Debit Card,5,Champion,1581
TXN-IN-10613,2026-07-23,13,0,DEL-001,Delhi – Connaught Place Inner Circle,Delhi,North,SKU-SNK-005,Truffle Cheese Mushroom Panini,Gourmet Food,A,340,120,1,340,0.0,NONE,340.0,220.0,64.71,Debit Card,5,Potential Loyalist,1557
TXN-IN-10614,2026-07-31,11,0,BLR-002,Bengaluru – Koramangala 5th Block,Bengaluru,South,SKU-BEV-001,Artisanal Cold Brew (350ml),Specialty Beverages,A,240,65,1,240,0.0,NONE,240.0,175.0,72.92,Debit Card,5,Loyal Customer,1250
TXN-IN-10615,2026-09-01,14,0,DEL-001,Delhi – Connaught Place Inner Circle,Delhi,North,SKU-BAKE-004,Butter Flaky Croissant,Artisanal Bakery,B,180,55,2,360,15.0,CAMPAIGN_CODE_PROMO,306.0,196.0,64.05,Debit Card,3,Loyal Customer,1476
TXN-IN-10616,2026-07-24,16,0,HYD-001,Hyderabad – Hitec City Cyber Towers,Hyderabad,South,SKU-PKG-008,Eco-Kraft Branded Cup (Carton),Packaging,C,950,620,1,950,0.0,NONE,950.0,330.0,34.74,Cash,5,Loyal Customer,1344
TXN-IN-10617,2026-08-18,12,0,MUM-001,Mumbai – Bandra West Linking Rd,Mumbai,West,SKU-SNK-006,Smoked Paneer Tikka Sourdough,Gourmet Food,B,310,105,4,1240,15.0,CAMPAIGN_CODE_PROMO,1054.0,634.0,60.15,Cash,5,Champion,1689
TXN-IN-10618,2026-08-18,12,0,DEL-002,Delhi – Cyber Hub Gurugram,Delhi NCR,North,SKU-BEV-003,Nitro Cold Brew Infusion,Specialty Beverages,A,310,90,2,620,0.0,NONE,620.0,440.0,70.97,UPI (GooglePay/PhonePe),4,Potential Loyalist,1176
TXN-IN-10619,2026-07-30,20,0,CHN-001,Chennai – Anna Nagar 2nd Avenue,Chennai,South,SKU-BAKE-004,Butter Flaky Croissant,Artisanal Bakery,B,180,55,1,180,0.0,NONE,180.0,125.0,69.44,UPI (GooglePay/PhonePe),5,At Risk,911
TXN-IN-10620,2026-07-20,15,0,DEL-002,Delhi – Cyber Hub Gurugram,Delhi NCR,North,SKU-BAKE-004,Butter Flaky Croissant,Artisanal Bakery,B,180,55,1,180,0.0,NONE,180.0,125.0,69.44,Cash,2,At Risk,1021
TXN-IN-10621,2026-08-15,19,1,BLR-001,Bengaluru – Indiranagar 100ft,Bengaluru,South,SKU-BEV-001,Artisanal Cold Brew (350ml),Specialty Beverages,A,240,65,4,960,0.0,NONE,960.0,700.0,72.92,Debit Card,5,Loyal Customer,1650
TXN-IN-10622,2026-07-26,17,1,HYD-001,Hyderabad – Hitec City Cyber Towers,Hyderabad,South,SKU-PKG-008,Eco-Kraft Branded Cup (Carton),Packaging,C,950,620,1,950,15.0,CAMPAIGN_CODE_PROMO,807.5,187.5,23.22,Debit Card,2,Champion,1871
TXN-IN-10623,2026-08-04,13,0,BLR-017,Bengaluru – JP Nagar (Outlet 17),Bengaluru,South,SKU-BEV-001,Artisanal Cold Brew (350ml),Specialty Beverages,A,240,65,1,240,0.0,NONE,240.0,175.0,72.92,Cash,5,Loyal Customer,1537
TXN-IN-10624,2026-07-28,14,0,DEL-002,Delhi – Cyber Hub Gurugram,Delhi NCR,North,SKU-BEV-003,Nitro Cold Brew Infusion,Specialty Beverages,A,310,90,2,620,0.0,NONE,620.0,440.0,70.97,UPI (GooglePay/PhonePe),3,Champion,1196
TXN-IN-10625,2026-08-10,19,0,CHN-001,Chennai – Anna Nagar 2nd Avenue,Chennai,South,SKU-BEV-001,Artisanal Cold Brew (350ml),Specialty Beverages,A,240,65,1,240,0.0,NONE,240.0,175.0,72.92,Cash,5,Potential Loyalist,1015
TXN-IN-10626,2026-07-25,21,1,DEL-001,Delhi – Connaught Place Inner Circle,Delhi,North,SKU-BEV-001,Artisanal Cold Brew (350ml),Specialty Beverages,A,240,65,1,240,0.0,NONE,240.0,175.0,72.92,UPI (GooglePay/PhonePe),5,Loyal Customer,2103
TXN-IN-10627,2026-07-22,17,0,DEL-001,Delhi – Connaught Place Inner Circle,Delhi,North,SKU-SNK-006,Smoked Paneer Tikka Sourdough,Gourmet Food,B,310,105,1,310,15.0,CAMPAIGN_CODE_PROMO,263.5,158.5,60.15,UPI (GooglePay/PhonePe),5,Loyal Customer,1558
TXN-IN-10628,2026-07-27,19,0,HYD-001,Hyderabad – Hitec City Cyber Towers,Hyderabad,South,SKU-BAKE-004,Butter Flaky Croissant,Artisanal Bakery,B,180,55,2,360,0.0,NONE,360.0,250.0,69.44,Credit Card,5,Loyal Customer,1323
TXN-IN-10629,2026-07-24,17,0,DEL-001,Delhi – Connaught Place Inner Circle,Delhi,North,SKU-SNK-006,Smoked Paneer Tikka Sourdough,Gourmet Food,B,310,105,1,310,0.0,NONE,310.0,205.0,66.13,Debit Card,4,Potential Loyalist,1556
TXN-IN-10630,2026-08-07,21,0,HYD-001,Hyderabad – Hitec City Cyber Towers,Hyderabad,South,SKU-SNK-006,Smoked Paneer Tikka Sourdough,Gourmet Food,B,310,105,2,620,0.0,NONE,620.0,410.0,66.13,UPI (GooglePay/PhonePe),5,At Risk,1332
TXN-IN-10631,2026-07-25,21,1,DEL-002,Delhi – Cyber Hub Gurugram,Delhi NCR,North,SKU-BEV-003,Nitro Cold Brew Infusion,Specialty Beverages,A,310,90,1,310,10.0,CAMPAIGN_CODE_PROMO,279.0,189.0,67.74,UPI (GooglePay/PhonePe),4,Loyal Customer,1457
TXN-IN-10632,2026-08-22,19,1,BLR-001,Bengaluru – Indiranagar 100ft,Bengaluru,South,SKU-SNK-005,Truffle Cheese Mushroom Panini,Gourmet Food,A,340,120,1,340,0.0,NONE,340.0,220.0,64.71,Debit Card,5,Loyal Customer,1637
TXN-IN-10633,2026-07-21,20,0,MUM-002,Mumbai – Lower Parel High Street,Mumbai,West,SKU-BAKE-004,Butter Flaky Croissant,Artisanal Bakery,B,180,55,1,180,0.0,NONE,180.0,125.0,69.44,Cash,4,Loyal Customer,987
TXN-IN-10634,2026-08-30,19,1,DEL-001,Delhi – Connaught Place Inner Circle,Delhi,North,SKU-PKG-008,Eco-Kraft Branded Cup (Carton),Packaging,C,950,620,2,1900,0.0,NONE,1900.0,660.0,34.74,Debit Card,5,Loyal Customer,2023
TXN-IN-10635,2026-07-30,21,0,MUM-002,Mumbai – Lower Parel High Street,Mumbai,West,SKU-BAKE-004,Butter Flaky Croissant,Artisanal Bakery,B,180,55,1,180,0.0,NONE,180.0,125.0,69.44,UPI (GooglePay/PhonePe),5,Loyal Customer,942
TXN-IN-10636,2026-08-28,12,0,BLR-002,Bengaluru – Koramangala 5th Block,Bengaluru,South,SKU-SNK-005,Truffle Cheese Mushroom Panini,Gourmet Food,A,340,120,1,340,0.0,NONE,340.0,220.0,64.71,UPI (GooglePay/PhonePe),5,Champion,1281
TXN-IN-10637,2026-08-25,12,0,BLR-002,Bengaluru – Koramangala 5th Block,Bengaluru,South,SKU-PKG-008,Eco-Kraft Branded Cup (Carton),Packaging,C,950,620,1,950,0.0,NONE,950.0,330.0,34.74,UPI (GooglePay/PhonePe),4,Hibernating,1237
TXN-IN-10638,2026-08-12,11,0,HYD-001,Hyderabad – Hitec City Cyber Towers,Hyderabad,South,SKU-BEV-003,Nitro Cold Brew Infusion,Specialty Beverages,A,310,90,1,310,10.0,CAMPAIGN_CODE_PROMO,279.0,189.0,67.74,UPI (GooglePay/PhonePe),2,Hibernating,1349
TXN-IN-10639,2026-07-20,13,0,CHN-001,Chennai – Anna Nagar 2nd Avenue,Chennai,South,SKU-SNK-006,Smoked Paneer Tikka Sourdough,Gourmet Food,B,310,105,2,620,0.0,NONE,620.0,410.0,66.13,Cash,4,Potential Loyalist,1026
TXN-IN-10640,2026-08-17,20,0,DEL-001,Delhi – Connaught Place Inner Circle,Delhi,North,SKU-BEV-002,Monsoon Cinnamon Latte,Specialty Beverages,A,280,80,2,560,15.0,CAMPAIGN_CODE_PROMO,476.0,316.0,66.39,UPI (GooglePay/PhonePe),5,Loyal Customer,1476
TXN-IN-10641,2026-08-17,18,0,DEL-001,Delhi – Connaught Place Inner Circle,Delhi,North,SKU-BEV-002,Monsoon Cinnamon Latte,Specialty Beverages,A,280,80,1,280,0.0,NONE,280.0,200.0,71.43,Cash,5,Hibernating,1491
TXN-IN-10642,2026-08-01,16,1,BLR-001,Bengaluru – Indiranagar 100ft,Bengaluru,South,SKU-BEV-002,Monsoon Cinnamon Latte,Specialty Beverages,A,280,80,1,280,0.0,NONE,280.0,200.0,71.43,UPI (GooglePay/PhonePe),1,Loyal Customer,1597
TXN-IN-10643,2026-08-09,14,1,CHN-001,Chennai – Anna Nagar 2nd Avenue,Chennai,South,SKU-BEV-001,Artisanal Cold Brew (350ml),Specialty Beverages,A,240,65,3,720,10.0,CAMPAIGN_CODE_PROMO,648.0,453.0,69.91,Credit Card,5,Champion,1250
TXN-IN-10644,2026-08-11,10,0,MUM-002,Mumbai – Lower Parel High Street,Mumbai,West,SKU-PKG-008,Eco-Kraft Branded Cup (Carton),Packaging,C,950,620,3,2850,0.0,NONE,2850.0,990.0,34.74,Debit Card,4,Loyal Customer,1013
TXN-IN-10645,2026-08-07,15,0,BLR-002,Bengaluru – Koramangala 5th Block,Bengaluru,South,SKU-DES-007,Classic Tiramisu Cup,Desserts,B,260,85,2,520,0.0,NONE,520.0,350.0,67.31,Cash,5,Champion,1321
TXN-IN-10646,2026-08-22,18,1,DEL-001,Delhi – Connaught Place Inner Circle,Delhi,North,SKU-BEV-002,Monsoon Cinnamon Latte,Specialty Beverages,A,280,80,3,840,0.0,NONE,840.0,600.0,71.43,UPI (GooglePay/PhonePe),5,At Risk,2051
TXN-IN-10647,2026-07-31,19,0,CHN-001,Chennai – Anna Nagar 2nd Avenue,Chennai,South,SKU-PKG-008,Eco-Kraft Branded Cup (Carton),Packaging,C,950,620,2,1900,5.0,CAMPAIGN_CODE_PROMO,1805.0,565.0,31.3,Debit Card,5,Loyal Customer,917
TXN-IN-10648,2026-08-26,16,0,MUM-002,Mumbai – Lower Parel High Street,Mumbai,West,SKU-PKG-008,Eco-Kraft Branded Cup (Carton),Packaging,C,950,620,2,1900,5.0,CAMPAIGN_CODE_PROMO,1805.0,565.0,31.3,UPI (GooglePay/PhonePe),5,Hibernating,1062
TXN-IN-10649,2026-08-19,17,0,BLR-017,Bengaluru – JP Nagar (Outlet 17),Bengaluru,South,SKU-SNK-005,Truffle Cheese Mushroom Panini,Gourmet Food,A,340,120,1,340,0.0,NONE,340.0,220.0,64.71,UPI (GooglePay/PhonePe),4,Loyal Customer,1357
TXN-IN-10650,2026-08-27,20,0,DEL-001,Delhi – Connaught Place Inner Circle,Delhi,North,SKU-PKG-008,Eco-Kraft Branded Cup (Carton),Packaging,C,950,620,2,1900,0.0,NONE,1900.0,660.0,34.74,Debit Card,1,At Risk,1515
TXN-IN-10651,2026-08-21,10,0,BLR-001,Bengaluru – Indiranagar 100ft,Bengaluru,South,SKU-SNK-005,Truffle Cheese Mushroom Panini,Gourmet Food,A,340,120,1,340,0.0,NONE,340.0,220.0,64.71,UPI (GooglePay/PhonePe),5,Champion,1162
TXN-IN-10652,2026-08-15,17,1,DEL-001,Delhi – Connaught Place Inner Circle,Delhi,North,SKU-BEV-001,Artisanal Cold Brew (350ml),Specialty Beverages,A,240,65,1,240,0.0,NONE,240.0,175.0,72.92,Cash,5,Potential Loyalist,2140
TXN-IN-10653,2026-07-26,20,1,BLR-002,Bengaluru – Koramangala 5th Block,Bengaluru,South,SKU-SNK-006,Smoked Paneer Tikka Sourdough,Gourmet Food,B,310,105,3,930,0.0,NONE,930.0,615.0,66.13,Credit Card,5,Potential Loyalist,1740
TXN-IN-10654,2026-07-26,8,1,CHN-001,Chennai – Anna Nagar 2nd Avenue,Chennai,South,SKU-SNK-006,Smoked Paneer Tikka Sourdough,Gourmet Food,B,310,105,2,620,0.0,NONE,620.0,410.0,66.13,Credit Card,4,Loyal Customer,1203
TXN-IN-10655,2026-07-26,20,1,MUM-001,Mumbai – Bandra West Linking Rd,Mumbai,West,SKU-BEV-003,Nitro Cold Brew Infusion,Specialty Beverages,A,310,90,1,310,0.0,NONE,310.0,220.0,70.97,Cash,4,At Risk,2281
TXN-IN-10656,2026-08-23,21,1,CHN-001,Chennai – Anna Nagar 2nd Avenue,Chennai,South,SKU-BEV-002,Monsoon Cinnamon Latte,Specialty Beverages,A,280,80,1,280,5.0,CAMPAIGN_CODE_PROMO,266.0,186.0,69.92,UPI (GooglePay/PhonePe),5,Loyal Customer,1254
TXN-IN-10657,2026-07-28,13,0,HYD-001,Hyderabad – Hitec City Cyber Towers,Hyderabad,South,SKU-SNK-006,Smoked Paneer Tikka Sourdough,Gourmet Food,B,310,105,1,310,0.0,NONE,310.0,205.0,66.13,UPI (GooglePay/PhonePe),5,At Risk,1346
TXN-IN-10658,2026-09-02,11,0,MUM-001,Mumbai – Bandra West Linking Rd,Mumbai,West,SKU-SNK-005,Truffle Cheese Mushroom Panini,Gourmet Food,A,340,120,1,340,15.0,CAMPAIGN_CODE_PROMO,289.0,169.0,58.48,UPI (GooglePay/PhonePe),5,Potential Loyalist,1763
TXN-IN-10659,2026-08-16,19,1,BLR-001,Bengaluru – Indiranagar 100ft,Bengaluru,South,SKU-BAKE-004,Butter Flaky Croissant,Artisanal Bakery,B,180,55,1,180,0.0,NONE,180.0,125.0,69.44,UPI (GooglePay/PhonePe),5,At Risk,1483
TXN-IN-10660,2026-07-24,19,0,MUM-002,Mumbai – Lower Parel High Street,Mumbai,West,SKU-BEV-001,Artisanal Cold Brew (350ml),Specialty Beverages,A,240,65,2,480,0.0,NONE,480.0,350.0,72.92,UPI (GooglePay/PhonePe),5,Champion,1071
TXN-IN-10661,2026-08-11,19,0,BLR-001,Bengaluru – Indiranagar 100ft,Bengaluru,South,SKU-BEV-002,Monsoon Cinnamon Latte,Specialty Beverages,A,280,80,1,280,0.0,NONE,280.0,200.0,71.43,Cash,5,Champion,1198
TXN-IN-10662,2026-08-28,18,0,MUM-001,Mumbai – Bandra West Linking Rd,Mumbai,West,SKU-BEV-002,Monsoon Cinnamon Latte,Specialty Beverages,A,280,80,1,280,5.0,CAMPAIGN_CODE_PROMO,266.0,186.0,69.92,UPI (GooglePay/PhonePe),2,Champion,1763
TXN-IN-10663,2026-08-23,21,1,BLR-001,Bengaluru – Indiranagar 100ft,Bengaluru,South,SKU-BEV-002,Monsoon Cinnamon Latte,Specialty Beverages,A,280,80,3,840,0.0,NONE,840.0,600.0,71.43,Debit Card,5,Loyal Customer,1584
TXN-IN-10664,2026-09-01,22,0,BLR-017,Bengaluru – JP Nagar (Outlet 17),Bengaluru,South,SKU-BEV-003,Nitro Cold Brew Infusion,Specialty Beverages,A,310,90,2,620,25.0,OVERRIDE_MGR_01,465.0,285.0,61.29,Cash,5,Hibernating,1371
TXN-IN-10665,2026-08-18,14,0,BLR-017,Bengaluru – JP Nagar (Outlet 17),Bengaluru,South,SKU-BEV-003,Nitro Cold Brew Infusion,Specialty Beverages,A,310,90,1,310,25.0,OVERRIDE_MGR_01,232.5,142.5,61.29,UPI (GooglePay/PhonePe),4,Loyal Customer,1456
TXN-IN-10666,2026-08-27,15,0,MUM-002,Mumbai – Lower Parel High Street,Mumbai,West,SKU-PKG-008,Eco-Kraft Branded Cup (Carton),Packaging,C,950,620,1,950,0.0,NONE,950.0,330.0,34.74,Debit Card,5,Champion,1021
TXN-IN-10667,2026-09-01,18,0,DEL-001,Delhi – Connaught Place Inner Circle,Delhi,North,SKU-BEV-003,Nitro Cold Brew Infusion,Specialty Beverages,A,310,90,1,310,0.0,NONE,310.0,220.0,70.97,Debit Card,5,Potential Loyalist,1441
TXN-IN-10668,2026-07-27,18,0,BLR-002,Bengaluru – Koramangala 5th Block,Bengaluru,South,SKU-DES-007,Classic Tiramisu Cup,Desserts,B,260,85,1,260,5.0,CAMPAIGN_CODE_PROMO,247.0,162.0,65.59,UPI (GooglePay/PhonePe),5,Champion,1251
TXN-IN-10669,2026-08-27,15,0,DEL-002,Delhi – Cyber Hub Gurugram,Delhi NCR,North,SKU-BEV-002,Monsoon Cinnamon Latte,Specialty Beverages,A,280,80,1,280,0.0,NONE,280.0,200.0,71.43,Cash,5,Potential Loyalist,1184
TXN-IN-10670,2026-08-14,21,0,DEL-001,Delhi – Connaught Place Inner Circle,Delhi,North,SKU-PKG-008,Eco-Kraft Branded Cup (Carton),Packaging,C,950,620,2,1900,0.0,NONE,1900.0,660.0,34.74,Cash,5,Potential Loyalist,1447
TXN-IN-10671,2026-07-27,18,0,MUM-002,Mumbai – Lower Parel High Street,Mumbai,West,SKU-PKG-008,Eco-Kraft Branded Cup (Carton),Packaging,C,950,620,1,950,5.0,CAMPAIGN_CODE_PROMO,902.5,282.5,31.3,UPI (GooglePay/PhonePe),4,Loyal Customer,906
TXN-IN-10672,2026-07-31,18,0,DEL-002,Delhi – Cyber Hub Gurugram,Delhi NCR,North,SKU-SNK-006,Smoked Paneer Tikka Sourdough,Gourmet Food,B,310,105,1,310,5.0,CAMPAIGN_CODE_PROMO,294.5,189.5,64.35,Cash,4,Potential Loyalist,1071
TXN-IN-10673,2026-08-07,17,0,HYD-001,Hyderabad – Hitec City Cyber Towers,Hyderabad,South,SKU-PKG-008,Eco-Kraft Branded Cup (Carton),Packaging,C,950,620,1,950,0.0,NONE,950.0,330.0,34.74,Cash,5,Hibernating,1318
TXN-IN-10674,2026-08-16,20,1,BLR-017,Bengaluru – JP Nagar (Outlet 17),Bengaluru,South,SKU-DES-007,Classic Tiramisu Cup,Desserts,B,260,85,1,260,25.0,OVERRIDE_MGR_01,195.0,110.0,56.41,UPI (GooglePay/PhonePe),3,At Risk,1914
TXN-IN-10675,2026-09-03,13,0,BLR-002,Bengaluru – Koramangala 5th Block,Bengaluru,South,SKU-PKG-008,Eco-Kraft Branded Cup (Carton),Packaging,C,950,620,1,950,0.0,NONE,950.0,330.0,34.74,UPI (GooglePay/PhonePe),5,Loyal Customer,1341
TXN-IN-10676,2026-09-01,20,0,CHN-001,Chennai – Anna Nagar 2nd Avenue,Chennai,South,SKU-PKG-008,Eco-Kraft Branded Cup (Carton),Packaging,C,950,620,1,950,0.0,NONE,950.0,330.0,34.74,Debit Card,5,Loyal Customer,936
TXN-IN-10677,2026-08-28,9,0,DEL-001,Delhi – Connaught Place Inner Circle,Delhi,North,SKU-SNK-005,Truffle Cheese Mushroom Panini,Gourmet Food,A,340,120,1,340,10.0,CAMPAIGN_CODE_PROMO,306.0,186.0,60.78,Credit Card,4,Loyal Customer,1615
TXN-IN-10678,2026-08-29,14,1,DEL-001,Delhi – Connaught Place Inner Circle,Delhi,North,SKU-DES-007,Classic Tiramisu Cup,Desserts,B,260,85,1,260,0.0,NONE,260.0,175.0,67.31,Credit Card,5,Champion,2005
TXN-IN-10679,2026-08-30,10,1,MUM-002,Mumbai – Lower Parel High Street,Mumbai,West,SKU-BEV-002,Monsoon Cinnamon Latte,Specialty Beverages,A,280,80,3,840,0.0,NONE,840.0,600.0,71.43,Credit Card,5,Loyal Customer,1252
TXN-IN-10680,2026-08-18,19,0,DEL-002,Delhi – Cyber Hub Gurugram,Delhi NCR,North,SKU-DES-007,Classic Tiramisu Cup,Desserts,B,260,85,1,260,0.0,NONE,260.0,175.0,67.31,Credit Card,5,Loyal Customer,1166
TXN-IN-10681,2026-07-26,12,1,HYD-001,Hyderabad – Hitec City Cyber Towers,Hyderabad,South,SKU-BEV-002,Monsoon Cinnamon Latte,Specialty Beverages,A,280,80,2,560,0.0,NONE,560.0,400.0,71.43,Credit Card,5,Loyal Customer,1907
TXN-IN-10682,2026-08-01,17,1,HYD-001,Hyderabad – Hitec City Cyber Towers,Hyderabad,South,SKU-BEV-002,Monsoon Cinnamon Latte,Specialty Beverages,A,280,80,2,560,0.0,NONE,560.0,400.0,71.43,UPI (GooglePay/PhonePe),5,Loyal Customer,1853
TXN-IN-10683,2026-08-28,13,0,BLR-017,Bengaluru – JP Nagar (Outlet 17),Bengaluru,South,SKU-BEV-002,Monsoon Cinnamon Latte,Specialty Beverages,A,280,80,2,560,0.0,NONE,560.0,400.0,71.43,Debit Card,5,Potential Loyalist,1506
TXN-IN-10684,2026-08-08,17,1,CHN-001,Chennai – Anna Nagar 2nd Avenue,Chennai,South,SKU-SNK-005,Truffle Cheese Mushroom Panini,Gourmet Food,A,340,120,1,340,0.0,NONE,340.0,220.0,64.71,Debit Card,5,Loyal Customer,1333
TXN-IN-10685,2026-08-24,17,0,BLR-002,Bengaluru – Koramangala 5th Block,Bengaluru,South,SKU-BEV-001,Artisanal Cold Brew (350ml),Specialty Beverages,A,240,65,2,480,0.0,NONE,480.0,350.0,72.92,Debit Card,5,Hibernating,1390
TXN-IN-10686,2026-08-18,19,0,MUM-002,Mumbai – Lower Parel High Street,Mumbai,West,SKU-DES-007,Classic Tiramisu Cup,Desserts,B,260,85,3,780,5.0,CAMPAIGN_CODE_PROMO,741.0,486.0,65.59,Credit Card,5,Champion,1091
TXN-IN-10687,2026-09-01,20,0,MUM-002,Mumbai – Lower Parel High Street,Mumbai,West,SKU-DES-007,Classic Tiramisu Cup,Desserts,B,260,85,1,260,0.0,NONE,260.0,175.0,67.31,UPI (GooglePay/PhonePe),4,Loyal Customer,973
TXN-IN-10688,2026-08-30,13,1,BLR-002,Bengaluru – Koramangala 5th Block,Bengaluru,South,SKU-SNK-005,Truffle Cheese Mushroom Panini,Gourmet Food,A,340,120,2,680,0.0,NONE,680.0,440.0,64.71,UPI (GooglePay/PhonePe),5,Champion,1727
TXN-IN-10689,2026-08-18,21,0,HYD-001,Hyderabad – Hitec City Cyber Towers,Hyderabad,South,SKU-DES-007,Classic Tiramisu Cup,Desserts,B,260,85,1,260,0.0,NONE,260.0,175.0,67.31,Credit Card,5,Loyal Customer,1381
TXN-IN-10690,2026-08-31,9,0,CHN-001,Chennai – Anna Nagar 2nd Avenue,Chennai,South,SKU-BEV-003,Nitro Cold Brew Infusion,Specialty Beverages,A,310,90,2,620,0.0,NONE,620.0,440.0,70.97,UPI (GooglePay/PhonePe),5,At Risk,920
TXN-IN-10691,2026-08-27,15,0,MUM-002,Mumbai – Lower Parel High Street,Mumbai,West,SKU-BEV-002,Monsoon Cinnamon Latte,Specialty Beverages,A,280,80,3,840,0.0,NONE,840.0,600.0,71.43,UPI (GooglePay/PhonePe),5,At Risk,935
TXN-IN-10692,2026-08-04,20,0,BLR-017,Bengaluru – JP Nagar (Outlet 17),Bengaluru,South,SKU-BEV-002,Monsoon Cinnamon Latte,Specialty Beverages,A,280,80,1,280,0.0,NONE,280.0,200.0,71.43,Credit Card,5,Champion,1493
TXN-IN-10693,2026-07-27,19,0,DEL-001,Delhi – Connaught Place Inner Circle,Delhi,North,SKU-SNK-006,Smoked Paneer Tikka Sourdough,Gourmet Food,B,310,105,2,620,0.0,NONE,620.0,410.0,66.13,UPI (GooglePay/PhonePe),2,Champion,1447
TXN-IN-10694,2026-07-31,13,0,MUM-001,Mumbai – Bandra West Linking Rd,Mumbai,West,SKU-SNK-005,Truffle Cheese Mushroom Panini,Gourmet Food,A,340,120,1,340,0.0,NONE,340.0,220.0,64.71,Debit Card,5,Potential Loyalist,1598
TXN-IN-10695,2026-08-09,13,1,CHN-001,Chennai – Anna Nagar 2nd Avenue,Chennai,South,SKU-DES-007,Classic Tiramisu Cup,Desserts,B,260,85,1,260,0.0,NONE,260.0,175.0,67.31,UPI (GooglePay/PhonePe),5,Potential Loyalist,1240
TXN-IN-10696,2026-07-21,19,0,BLR-001,Bengaluru – Indiranagar 100ft,Bengaluru,South,SKU-BEV-001,Artisanal Cold Brew (350ml),Specialty Beverages,A,240,65,2,480,0.0,NONE,480.0,350.0,72.92,Cash,5,Potential Loyalist,1249
TXN-IN-10697,2026-08-12,15,0,BLR-017,Bengaluru – JP Nagar (Outlet 17),Bengaluru,South,SKU-BAKE-004,Butter Flaky Croissant,Artisanal Bakery,B,180,55,3,540,0.0,NONE,540.0,375.0,69.44,Credit Card,5,Hibernating,1533
TXN-IN-10698,2026-08-04,12,0,MUM-002,Mumbai – Lower Parel High Street,Mumbai,West,SKU-BAKE-004,Butter Flaky Croissant,Artisanal Bakery,B,180,55,3,540,0.0,NONE,540.0,375.0,69.44,Credit Card,3,Potential Loyalist,1004
TXN-IN-10699,2026-07-22,21,0,MUM-002,Mumbai – Lower Parel High Street,Mumbai,West,SKU-BEV-002,Monsoon Cinnamon Latte,Specialty Beverages,A,280,80,2,560,0.0,NONE,560.0,400.0,71.43,Debit Card,3,Loyal Customer,1008
TXN-IN-10700,2026-07-26,14,1,BLR-002,Bengaluru – Koramangala 5th Block,Bengaluru,South,SKU-SNK-005,Truffle Cheese Mushroom Panini,Gourmet Food,A,340,120,1,340,0.0,NONE,340.0,220.0,64.71,Cash,4,Loyal Customer,1655
TXN-IN-10701,2026-07-23,11,0,BLR-002,Bengaluru – Koramangala 5th Block,Bengaluru,South,SKU-PKG-008,Eco-Kraft Branded Cup (Carton),Packaging,C,950,620,2,1900,0.0,NONE,1900.0,660.0,34.74,Credit Card,5,Champion,1240
TXN-IN-10702,2026-08-04,19,0,CHN-001,Chennai – Anna Nagar 2nd Avenue,Chennai,South,SKU-BEV-003,Nitro Cold Brew Infusion,Specialty Beverages,A,310,90,2,620,0.0,NONE,620.0,440.0,70.97,Credit Card,5,At Risk,874
TXN-IN-10703,2026-08-05,12,0,BLR-002,Bengaluru – Koramangala 5th Block,Bengaluru,South,SKU-SNK-006,Smoked Paneer Tikka Sourdough,Gourmet Food,B,310,105,2,620,0.0,NONE,620.0,410.0,66.13,UPI (GooglePay/PhonePe),5,Loyal Customer,1346
TXN-IN-10704,2026-08-03,18,0,BLR-001,Bengaluru – Indiranagar 100ft,Bengaluru,South,SKU-BEV-001,Artisanal Cold Brew (350ml),Specialty Beverages,A,240,65,3,720,0.0,NONE,720.0,525.0,72.92,UPI (GooglePay/PhonePe),1,Champion,1249
TXN-IN-10705,2026-07-30,18,0,BLR-001,Bengaluru – Indiranagar 100ft,Bengaluru,South,SKU-DES-007,Classic Tiramisu Cup,Desserts,B,260,85,2,520,10.0,CAMPAIGN_CODE_PROMO,468.0,298.0,63.68,UPI (GooglePay/PhonePe),2,Champion,1253
TXN-IN-10706,2026-08-22,17,1,DEL-002,Delhi – Cyber Hub Gurugram,Delhi NCR,North,SKU-PKG-008,Eco-Kraft Branded Cup (Carton),Packaging,C,950,620,2,1900,0.0,NONE,1900.0,660.0,34.74,UPI (GooglePay/PhonePe),5,At Risk,1605
TXN-IN-10707,2026-08-06,15,0,MUM-002,Mumbai – Lower Parel High Street,Mumbai,West,SKU-PKG-008,Eco-Kraft Branded Cup (Carton),Packaging,C,950,620,1,950,0.0,NONE,950.0,330.0,34.74,UPI (GooglePay/PhonePe),1,Loyal Customer,1073
TXN-IN-10708,2026-08-01,12,1,DEL-002,Delhi – Cyber Hub Gurugram,Delhi NCR,North,SKU-BEV-003,Nitro Cold Brew Infusion,Specialty Beverages,A,310,90,1,310,0.0,NONE,310.0,220.0,70.97,Credit Card,5,Loyal Customer,1468
TXN-IN-10709,2026-08-12,11,0,HYD-001,Hyderabad – Hitec City Cyber Towers,Hyderabad,South,SKU-BEV-002,Monsoon Cinnamon Latte,Specialty Beverages,A,280,80,1,280,0.0,NONE,280.0,200.0,71.43,Debit Card,4,Potential Loyalist,1491
TXN-IN-10710,2026-08-16,10,1,MUM-002,Mumbai – Lower Parel High Street,Mumbai,West,SKU-BEV-002,Monsoon Cinnamon Latte,Specialty Beverages,A,280,80,1,280,0.0,NONE,280.0,200.0,71.43,UPI (GooglePay/PhonePe),5,Loyal Customer,1398
TXN-IN-10711,2026-08-31,18,0,BLR-001,Bengaluru – Indiranagar 100ft,Bengaluru,South,SKU-BEV-001,Artisanal Cold Brew (350ml),Specialty Beverages,A,240,65,1,240,0.0,NONE,240.0,175.0,72.92,Debit Card,4,Champion,1213
TXN-IN-10712,2026-07-22,17,0,BLR-002,Bengaluru – Koramangala 5th Block,Bengaluru,South,SKU-SNK-005,Truffle Cheese Mushroom Panini,Gourmet Food,A,340,120,1,340,0.0,NONE,340.0,220.0,64.71,Debit Card,5,Loyal Customer,1335
TXN-IN-10713,2026-08-16,9,1,BLR-002,Bengaluru – Koramangala 5th Block,Bengaluru,South,SKU-SNK-005,Truffle Cheese Mushroom Panini,Gourmet Food,A,340,120,1,340,10.0,CAMPAIGN_CODE_PROMO,306.0,186.0,60.78,Credit Card,3,Loyal Customer,1715
TXN-IN-10714,2026-08-28,12,0,MUM-002,Mumbai – Lower Parel High Street,Mumbai,West,SKU-SNK-006,Smoked Paneer Tikka Sourdough,Gourmet Food,B,310,105,1,310,0.0,NONE,310.0,205.0,66.13,Debit Card,4,Champion,1068
TXN-IN-10715,2026-08-29,10,1,HYD-001,Hyderabad – Hitec City Cyber Towers,Hyderabad,South,SKU-BEV-001,Artisanal Cold Brew (350ml),Specialty Beverages,A,240,65,1,240,0.0,NONE,240.0,175.0,72.92,Debit Card,5,Potential Loyalist,1907
TXN-IN-10716,2026-07-27,22,0,HYD-001,Hyderabad – Hitec City Cyber Towers,Hyderabad,South,SKU-BEV-001,Artisanal Cold Brew (350ml),Specialty Beverages,A,240,65,1,240,0.0,NONE,240.0,175.0,72.92,Debit Card,5,At Risk,1347
TXN-IN-10717,2026-07-27,13,0,DEL-001,Delhi – Connaught Place Inner Circle,Delhi,North,SKU-BEV-002,Monsoon Cinnamon Latte,Specialty Beverages,A,280,80,1,280,0.0,NONE,280.0,200.0,71.43,Cash,4,Loyal Customer,1589
TXN-IN-10718,2026-08-26,17,0,MUM-001,Mumbai – Bandra West Linking Rd,Mumbai,West,SKU-BEV-001,Artisanal Cold Brew (350ml),Specialty Beverages,A,240,65,1,240,0.0,NONE,240.0,175.0,72.92,UPI (GooglePay/PhonePe),5,Loyal Customer,1594
TXN-IN-10719,2026-08-10,19,0,BLR-001,Bengaluru – Indiranagar 100ft,Bengaluru,South,SKU-SNK-005,Truffle Cheese Mushroom Panini,Gourmet Food,A,340,120,2,680,0.0,NONE,680.0,440.0,64.71,Cash,3,Champion,1152
TXN-IN-10720,2026-07-29,19,0,BLR-001,Bengaluru – Indiranagar 100ft,Bengaluru,South,SKU-BEV-002,Monsoon Cinnamon Latte,Specialty Beverages,A,280,80,1,280,0.0,NONE,280.0,200.0,71.43,Credit Card,5,Champion,1081
TXN-IN-10721,2026-08-30,22,1,HYD-001,Hyderabad – Hitec City Cyber Towers,Hyderabad,South,SKU-SNK-006,Smoked Paneer Tikka Sourdough,Gourmet Food,B,310,105,3,930,0.0,NONE,930.0,615.0,66.13,Cash,5,At Risk,1960
TXN-IN-10722,2026-08-07,17,0,DEL-001,Delhi – Connaught Place Inner Circle,Delhi,North,SKU-BEV-001,Artisanal Cold Brew (350ml),Specialty Beverages,A,240,65,2,480,0.0,NONE,480.0,350.0,72.92,UPI (GooglePay/PhonePe),5,Champion,1617
TXN-IN-10723,2026-08-14,12,0,BLR-017,Bengaluru – JP Nagar (Outlet 17),Bengaluru,South,SKU-BEV-001,Artisanal Cold Brew (350ml),Specialty Beverages,A,240,65,3,720,0.0,NONE,720.0,525.0,72.92,UPI (GooglePay/PhonePe),5,Loyal Customer,1450
TXN-IN-10724,2026-08-08,20,1,BLR-002,Bengaluru – Koramangala 5th Block,Bengaluru,South,SKU-SNK-006,Smoked Paneer Tikka Sourdough,Gourmet Food,B,310,105,2,620,0.0,NONE,620.0,410.0,66.13,Debit Card,5,Loyal Customer,1716
TXN-IN-10725,2026-08-25,20,0,DEL-002,Delhi – Cyber Hub Gurugram,Delhi NCR,North,SKU-BEV-002,Monsoon Cinnamon Latte,Specialty Beverages,A,280,80,2,560,0.0,NONE,560.0,400.0,71.43,Debit Card,4,Champion,1151
TXN-IN-10726,2026-08-10,19,0,HYD-001,Hyderabad – Hitec City Cyber Towers,Hyderabad,South,SKU-BAKE-004,Butter Flaky Croissant,Artisanal Bakery,B,180,55,2,360,0.0,NONE,360.0,250.0,69.44,Cash,4,Loyal Customer,1384
TXN-IN-10727,2026-08-18,16,0,DEL-002,Delhi – Cyber Hub Gurugram,Delhi NCR,North,SKU-BEV-002,Monsoon Cinnamon Latte,Specialty Beverages,A,280,80,3,840,5.0,CAMPAIGN_CODE_PROMO,798.0,558.0,69.92,Credit Card,4,Loyal Customer,1095
TXN-IN-10728,2026-08-25,17,0,BLR-001,Bengaluru – Indiranagar 100ft,Bengaluru,South,SKU-BEV-002,Monsoon Cinnamon Latte,Specialty Beverages,A,280,80,3,840,0.0,NONE,840.0,600.0,71.43,Debit Card,5,Potential Loyalist,1215
TXN-IN-10729,2026-08-05,19,0,DEL-001,Delhi – Connaught Place Inner Circle,Delhi,North,SKU-SNK-005,Truffle Cheese Mushroom Panini,Gourmet Food,A,340,120,2,680,15.0,CAMPAIGN_CODE_PROMO,578.0,338.0,58.48,Debit Card,5,Champion,1520
TXN-IN-10730,2026-07-22,13,0,BLR-017,Bengaluru – JP Nagar (Outlet 17),Bengaluru,South,SKU-DES-007,Classic Tiramisu Cup,Desserts,B,260,85,3,780,0.0,NONE,780.0,525.0,67.31,Debit Card,4,Loyal Customer,1387
TXN-IN-10731,2026-08-02,18,1,BLR-002,Bengaluru – Koramangala 5th Block,Bengaluru,South,SKU-BEV-002,Monsoon Cinnamon Latte,Specialty Beverages,A,280,80,2,560,0.0,NONE,560.0,400.0,71.43,UPI (GooglePay/PhonePe),5,Champion,1749
TXN-IN-10732,2026-07-27,16,0,BLR-001,Bengaluru – Indiranagar 100ft,Bengaluru,South,SKU-BEV-003,Nitro Cold Brew Infusion,Specialty Beverages,A,310,90,2,620,0.0,NONE,620.0,440.0,70.97,Cash,4,Loyal Customer,1227
TXN-IN-10733,2026-08-12,11,0,DEL-002,Delhi – Cyber Hub Gurugram,Delhi NCR,North,SKU-SNK-005,Truffle Cheese Mushroom Panini,Gourmet Food,A,340,120,1,340,0.0,NONE,340.0,220.0,64.71,UPI (GooglePay/PhonePe),4,Champion,1026
TXN-IN-10734,2026-08-02,16,1,HYD-001,Hyderabad – Hitec City Cyber Towers,Hyderabad,South,SKU-BEV-003,Nitro Cold Brew Infusion,Specialty Beverages,A,310,90,2,620,0.0,NONE,620.0,440.0,70.97,Cash,5,Loyal Customer,1914
TXN-IN-10735,2026-07-29,12,0,HYD-001,Hyderabad – Hitec City Cyber Towers,Hyderabad,South,SKU-DES-007,Classic Tiramisu Cup,Desserts,B,260,85,1,260,0.0,NONE,260.0,175.0,67.31,Debit Card,2,Loyal Customer,1425
TXN-IN-10736,2026-08-26,20,0,MUM-001,Mumbai – Bandra West Linking Rd,Mumbai,West,SKU-BAKE-004,Butter Flaky Croissant,Artisanal Bakery,B,180,55,1,180,0.0,NONE,180.0,125.0,69.44,Credit Card,5,Potential Loyalist,1752
TXN-IN-10737,2026-08-16,18,1,DEL-002,Delhi – Cyber Hub Gurugram,Delhi NCR,North,SKU-PKG-008,Eco-Kraft Branded Cup (Carton),Packaging,C,950,620,2,1900,0.0,NONE,1900.0,660.0,34.74,Credit Card,5,Loyal Customer,1536
TXN-IN-10738,2026-08-26,17,0,HYD-001,Hyderabad – Hitec City Cyber Towers,Hyderabad,South,SKU-BAKE-004,Butter Flaky Croissant,Artisanal Bakery,B,180,55,2,360,0.0,NONE,360.0,250.0,69.44,Credit Card,5,Loyal Customer,1475
TXN-IN-10739,2026-08-15,21,1,HYD-001,Hyderabad – Hitec City Cyber Towers,Hyderabad,South,SKU-BEV-002,Monsoon Cinnamon Latte,Specialty Beverages,A,280,80,1,280,0.0,NONE,280.0,200.0,71.43,Debit Card,5,Loyal Customer,1845
TXN-IN-10740,2026-08-19,12,0,DEL-001,Delhi – Connaught Place Inner Circle,Delhi,North,SKU-PKG-008,Eco-Kraft Branded Cup (Carton),Packaging,C,950,620,1,950,0.0,NONE,950.0,330.0,34.74,Credit Card,3,At Risk,1603
TXN-IN-10741,2026-08-31,19,0,HYD-001,Hyderabad – Hitec City Cyber Towers,Hyderabad,South,SKU-BEV-003,Nitro Cold Brew Infusion,Specialty Beverages,A,310,90,3,930,0.0,NONE,930.0,660.0,70.97,Debit Card,4,Potential Loyalist,1498
TXN-IN-10742,2026-08-12,13,0,HYD-001,Hyderabad – Hitec City Cyber Towers,Hyderabad,South,SKU-BEV-003,Nitro Cold Brew Infusion,Specialty Beverages,A,310,90,2,620,0.0,NONE,620.0,440.0,70.97,Debit Card,5,Champion,1465
TXN-IN-10743,2026-08-20,17,0,BLR-017,Bengaluru – JP Nagar (Outlet 17),Bengaluru,South,SKU-DES-007,Classic Tiramisu Cup,Desserts,B,260,85,3,780,25.0,OVERRIDE_MGR_01,585.0,330.0,56.41,Cash,5,At Risk,1431
TXN-IN-10744,2026-09-01,20,0,BLR-002,Bengaluru – Koramangala 5th Block,Bengaluru,South,SKU-BEV-003,Nitro Cold Brew Infusion,Specialty Beverages,A,310,90,2,620,5.0,CAMPAIGN_CODE_PROMO,589.0,409.0,69.44,Credit Card,5,Potential Loyalist,1230
TXN-IN-10745,2026-08-24,14,0,MUM-001,Mumbai – Bandra West Linking Rd,Mumbai,West,SKU-PKG-008,Eco-Kraft Branded Cup (Carton),Packaging,C,950,620,1,950,0.0,NONE,950.0,330.0,34.74,UPI (GooglePay/PhonePe),4,Loyal Customer,1608
TXN-IN-10746,2026-09-02,21,0,CHN-001,Chennai – Anna Nagar 2nd Avenue,Chennai,South,SKU-BEV-002,Monsoon Cinnamon Latte,Specialty Beverages,A,280,80,2,560,0.0,NONE,560.0,400.0,71.43,Debit Card,2,Potential Loyalist,867
TXN-IN-10747,2026-08-28,12,0,BLR-017,Bengaluru – JP Nagar (Outlet 17),Bengaluru,South,SKU-BEV-001,Artisanal Cold Brew (350ml),Specialty Beverages,A,240,65,1,240,25.0,OVERRIDE_MGR_01,180.0,115.0,63.89,UPI (GooglePay/PhonePe),5,Loyal Customer,1453
TXN-IN-10748,2026-08-21,14,0,HYD-001,Hyderabad – Hitec City Cyber Towers,Hyderabad,South,SKU-BEV-002,Monsoon Cinnamon Latte,Specialty Beverages,A,280,80,1,280,0.0,NONE,280.0,200.0,71.43,UPI (GooglePay/PhonePe),4,Loyal Customer,1416
TXN-IN-10749,2026-07-20,17,0,MUM-001,Mumbai – Bandra West Linking Rd,Mumbai,West,SKU-PKG-008,Eco-Kraft Branded Cup (Carton),Packaging,C,950,620,1,950,10.0,CAMPAIGN_CODE_PROMO,855.0,235.0,27.49,Debit Card,5,Potential Loyalist,1608
TXN-IN-10750,2026-08-22,15,1,DEL-002,Delhi – Cyber Hub Gurugram,Delhi NCR,North,SKU-BAKE-004,Butter Flaky Croissant,Artisanal Bakery,B,180,55,1,180,0.0,NONE,180.0,125.0,69.44,Debit Card,2,Loyal Customer,1579
TXN-IN-10751,2026-08-12,8,0,BLR-001,Bengaluru – Indiranagar 100ft,Bengaluru,South,SKU-PKG-008,Eco-Kraft Branded Cup (Carton),Packaging,C,950,620,1,950,0.0,NONE,950.0,330.0,34.74,UPI (GooglePay/PhonePe),5,Loyal Customer,1267
TXN-IN-10752,2026-07-30,9,0,DEL-002,Delhi – Cyber Hub Gurugram,Delhi NCR,North,SKU-BEV-001,Artisanal Cold Brew (350ml),Specialty Beverages,A,240,65,1,240,0.0,NONE,240.0,175.0,72.92,UPI (GooglePay/PhonePe),3,Champion,1181
TXN-IN-10753,2026-09-03,20,0,CHN-001,Chennai – Anna Nagar 2nd Avenue,Chennai,South,SKU-SNK-005,Truffle Cheese Mushroom Panini,Gourmet Food,A,340,120,1,340,0.0,NONE,340.0,220.0,64.71,Credit Card,4,Loyal Customer,928
TXN-IN-10754,2026-07-20,16,0,MUM-002,Mumbai – Lower Parel High Street,Mumbai,West,SKU-BEV-003,Nitro Cold Brew Infusion,Specialty Beverages,A,310,90,2,620,0.0,NONE,620.0,440.0,70.97,Cash,4,Potential Loyalist,1013
TXN-IN-10755,2026-09-02,20,0,DEL-001,Delhi – Connaught Place Inner Circle,Delhi,North,SKU-DES-007,Classic Tiramisu Cup,Desserts,B,260,85,2,520,15.0,CAMPAIGN_CODE_PROMO,442.0,272.0,61.54,Credit Card,5,Potential Loyalist,1452
TXN-IN-10756,2026-08-22,17,1,CHN-001,Chennai – Anna Nagar 2nd Avenue,Chennai,South,SKU-SNK-005,Truffle Cheese Mushroom Panini,Gourmet Food,A,340,120,1,340,0.0,NONE,340.0,220.0,64.71,Credit Card,4,Champion,1169
TXN-IN-10757,2026-08-23,13,1,MUM-002,Mumbai – Lower Parel High Street,Mumbai,West,SKU-BAKE-004,Butter Flaky Croissant,Artisanal Bakery,B,180,55,2,360,0.0,NONE,360.0,250.0,69.44,Cash,5,Champion,1338
TXN-IN-10758,2026-08-05,19,0,CHN-001,Chennai – Anna Nagar 2nd Avenue,Chennai,South,SKU-SNK-006,Smoked Paneer Tikka Sourdough,Gourmet Food,B,310,105,1,310,0.0,NONE,310.0,205.0,66.13,Debit Card,5,Potential Loyalist,956
TXN-IN-10759,2026-08-10,13,0,MUM-001,Mumbai – Bandra West Linking Rd,Mumbai,West,SKU-BAKE-004,Butter Flaky Croissant,Artisanal Bakery,B,180,55,1,180,0.0,NONE,180.0,125.0,69.44,Cash,4,Potential Loyalist,1703
TXN-IN-10760,2026-08-04,12,0,BLR-017,Bengaluru – JP Nagar (Outlet 17),Bengaluru,South,SKU-SNK-006,Smoked Paneer Tikka Sourdough,Gourmet Food,B,310,105,1,310,0.0,NONE,310.0,205.0,66.13,UPI (GooglePay/PhonePe),4,At Risk,1360
TXN-IN-10761,2026-07-25,16,1,BLR-001,Bengaluru – Indiranagar 100ft,Bengaluru,South,SKU-DES-007,Classic Tiramisu Cup,Desserts,B,260,85,3,780,0.0,NONE,780.0,525.0,67.31,Credit Card,4,Loyal Customer,1615
TXN-IN-10762,2026-08-22,18,1,DEL-002,Delhi – Cyber Hub Gurugram,Delhi NCR,North,SKU-SNK-005,Truffle Cheese Mushroom Panini,Gourmet Food,A,340,120,2,680,0.0,NONE,680.0,440.0,64.71,Debit Card,4,Loyal Customer,1446
TXN-IN-10763,2026-07-29,16,0,CHN-001,Chennai – Anna Nagar 2nd Avenue,Chennai,South,SKU-BEV-003,Nitro Cold Brew Infusion,Specialty Beverages,A,310,90,1,310,0.0,NONE,310.0,220.0,70.97,Cash,3,Champion,894
TXN-IN-10764,2026-08-18,21,0,HYD-001,Hyderabad – Hitec City Cyber Towers,Hyderabad,South,SKU-BEV-001,Artisanal Cold Brew (350ml),Specialty Beverages,A,240,65,2,480,0.0,NONE,480.0,350.0,72.92,UPI (GooglePay/PhonePe),4,Loyal Customer,1340
TXN-IN-10765,2026-08-12,11,0,MUM-002,Mumbai – Lower Parel High Street,Mumbai,West,SKU-BEV-001,Artisanal Cold Brew (350ml),Specialty Beverages,A,240,65,1,240,0.0,NONE,240.0,175.0,72.92,Credit Card,5,Loyal Customer,936
TXN-IN-10766,2026-07-29,13,0,DEL-002,Delhi – Cyber Hub Gurugram,Delhi NCR,North,SKU-BEV-001,Artisanal Cold Brew (350ml),Specialty Beverages,A,240,65,3,720,0.0,NONE,720.0,525.0,72.92,UPI (GooglePay/PhonePe),4,Loyal Customer,1051
TXN-IN-10767,2026-08-24,15,0,DEL-001,Delhi – Connaught Place Inner Circle,Delhi,North,SKU-BEV-002,Monsoon Cinnamon Latte,Specialty Beverages,A,280,80,3,840,0.0,NONE,840.0,600.0,71.43,Cash,5,Loyal Customer,1516
TXN-IN-10768,2026-08-19,16,0,BLR-002,Bengaluru – Koramangala 5th Block,Bengaluru,South,SKU-BEV-003,Nitro Cold Brew Infusion,Specialty Beverages,A,310,90,1,310,0.0,NONE,310.0,220.0,70.97,Debit Card,5,Potential Loyalist,1222
TXN-IN-10769,2026-08-28,15,0,DEL-002,Delhi – Cyber Hub Gurugram,Delhi NCR,North,SKU-DES-007,Classic Tiramisu Cup,Desserts,B,260,85,1,260,0.0,NONE,260.0,175.0,67.31,Debit Card,4,Potential Loyalist,1062
TXN-IN-10770,2026-09-03,11,0,BLR-001,Bengaluru – Indiranagar 100ft,Bengaluru,South,SKU-SNK-005,Truffle Cheese Mushroom Panini,Gourmet Food,A,340,120,2,680,0.0,NONE,680.0,440.0,64.71,UPI (GooglePay/PhonePe),2,Loyal Customer,1263
TXN-IN-10771,2026-07-23,17,0,CHN-001,Chennai – Anna Nagar 2nd Avenue,Chennai,South,SKU-BAKE-004,Butter Flaky Croissant,Artisanal Bakery,B,180,55,2,360,15.0,CAMPAIGN_CODE_PROMO,306.0,196.0,64.05,Cash,5,Champion,892
TXN-IN-10772,2026-08-04,18,0,HYD-001,Hyderabad – Hitec City Cyber Towers,Hyderabad,South,SKU-BEV-002,Monsoon Cinnamon Latte,Specialty Beverages,A,280,80,2,560,0.0,NONE,560.0,400.0,71.43,UPI (GooglePay/PhonePe),5,Hibernating,1397
TXN-IN-10773,2026-08-16,17,1,BLR-002,Bengaluru – Koramangala 5th Block,Bengaluru,South,SKU-DES-007,Classic Tiramisu Cup,Desserts,B,260,85,1,260,0.0,NONE,260.0,175.0,67.31,UPI (GooglePay/PhonePe),5,Champion,1691
TXN-IN-10774,2026-08-07,11,0,BLR-002,Bengaluru – Koramangala 5th Block,Bengaluru,South,SKU-BEV-003,Nitro Cold Brew Infusion,Specialty Beverages,A,310,90,1,310,0.0,NONE,310.0,220.0,70.97,Debit Card,4,Champion,1283
TXN-IN-10775,2026-07-31,11,0,BLR-001,Bengaluru – Indiranagar 100ft,Bengaluru,South,SKU-BEV-001,Artisanal Cold Brew (350ml),Specialty Beverages,A,240,65,1,240,10.0,CAMPAIGN_CODE_PROMO,216.0,151.0,69.91,Credit Card,5,At Risk,1100
TXN-IN-10776,2026-07-23,18,0,MUM-001,Mumbai – Bandra West Linking Rd,Mumbai,West,SKU-BAKE-004,Butter Flaky Croissant,Artisanal Bakery,B,180,55,2,360,0.0,NONE,360.0,250.0,69.44,Cash,5,Champion,1585
TXN-IN-10777,2026-08-09,9,1,HYD-001,Hyderabad – Hitec City Cyber Towers,Hyderabad,South,SKU-DES-007,Classic Tiramisu Cup,Desserts,B,260,85,1,260,0.0,NONE,260.0,175.0,67.31,UPI (GooglePay/PhonePe),5,Hibernating,1968
TXN-IN-10778,2026-07-26,15,1,MUM-001,Mumbai – Bandra West Linking Rd,Mumbai,West,SKU-BEV-003,Nitro Cold Brew Infusion,Specialty Beverages,A,310,90,1,310,15.0,CAMPAIGN_CODE_PROMO,263.5,173.5,65.84,Cash,5,Hibernating,2242
TXN-IN-10779,2026-08-23,15,1,BLR-002,Bengaluru – Koramangala 5th Block,Bengaluru,South,SKU-BAKE-004,Butter Flaky Croissant,Artisanal Bakery,B,180,55,1,180,0.0,NONE,180.0,125.0,69.44,Debit Card,5,At Risk,1806
TXN-IN-10780,2026-08-07,21,0,BLR-002,Bengaluru – Koramangala 5th Block,Bengaluru,South,SKU-BEV-001,Artisanal Cold Brew (350ml),Specialty Beverages,A,240,65,1,240,0.0,NONE,240.0,175.0,72.92,Credit Card,4,Loyal Customer,1289
TXN-IN-10781,2026-08-29,19,1,MUM-001,Mumbai – Bandra West Linking Rd,Mumbai,West,SKU-SNK-005,Truffle Cheese Mushroom Panini,Gourmet Food,A,340,120,1,340,0.0,NONE,340.0,220.0,64.71,Credit Card,5,Potential Loyalist,2182
TXN-IN-10782,2026-08-24,17,0,MUM-002,Mumbai – Lower Parel High Street,Mumbai,West,SKU-DES-007,Classic Tiramisu Cup,Desserts,B,260,85,1,260,0.0,NONE,260.0,175.0,67.31,Credit Card,4,Hibernating,1081
TXN-IN-10783,2026-08-17,14,0,MUM-002,Mumbai – Lower Parel High Street,Mumbai,West,SKU-BAKE-004,Butter Flaky Croissant,Artisanal Bakery,B,180,55,2,360,0.0,NONE,360.0,250.0,69.44,Cash,5,At Risk,934
TXN-IN-10784,2026-08-30,8,1,BLR-001,Bengaluru – Indiranagar 100ft,Bengaluru,South,SKU-PKG-008,Eco-Kraft Branded Cup (Carton),Packaging,C,950,620,1,950,0.0,NONE,950.0,330.0,34.74,Cash,3,Potential Loyalist,1667
TXN-IN-10785,2026-08-14,18,0,CHN-001,Chennai – Anna Nagar 2nd Avenue,Chennai,South,SKU-BEV-002,Monsoon Cinnamon Latte,Specialty Beverages,A,280,80,2,560,5.0,CAMPAIGN_CODE_PROMO,532.0,372.0,69.92,Debit Card,4,Loyal Customer,936
TXN-IN-10786,2026-08-27,19,0,DEL-001,Delhi – Connaught Place Inner Circle,Delhi,North,SKU-DES-007,Classic Tiramisu Cup,Desserts,B,260,85,1,260,0.0,NONE,260.0,175.0,67.31,UPI (GooglePay/PhonePe),5,Loyal Customer,1469
TXN-IN-10787,2026-08-17,19,0,BLR-001,Bengaluru – Indiranagar 100ft,Bengaluru,South,SKU-BAKE-004,Butter Flaky Croissant,Artisanal Bakery,B,180,55,2,360,0.0,NONE,360.0,250.0,69.44,Credit Card,5,At Risk,1230
TXN-IN-10788,2026-08-08,21,1,MUM-001,Mumbai – Bandra West Linking Rd,Mumbai,West,SKU-BAKE-004,Butter Flaky Croissant,Artisanal Bakery,B,180,55,4,720,10.0,CAMPAIGN_CODE_PROMO,648.0,428.0,66.05,Cash,5,Champion,2310
TXN-IN-10789,2026-08-14,17,0,BLR-017,Bengaluru – JP Nagar (Outlet 17),Bengaluru,South,SKU-SNK-005,Truffle Cheese Mushroom Panini,Gourmet Food,A,340,120,2,680,0.0,NONE,680.0,440.0,64.71,Cash,4,Potential Loyalist,1384
TXN-IN-10790,2026-07-24,21,0,BLR-002,Bengaluru – Koramangala 5th Block,Bengaluru,South,SKU-BEV-002,Monsoon Cinnamon Latte,Specialty Beverages,A,280,80,1,280,0.0,NONE,280.0,200.0,71.43,Cash,4,Loyal Customer,1373
TXN-IN-10791,2026-07-21,20,0,CHN-001,Chennai – Anna Nagar 2nd Avenue,Chennai,South,SKU-SNK-005,Truffle Cheese Mushroom Panini,Gourmet Food,A,340,120,2,680,10.0,CAMPAIGN_CODE_PROMO,612.0,372.0,60.78,UPI (GooglePay/PhonePe),3,Loyal Customer,944
TXN-IN-10792,2026-08-06,17,0,BLR-017,Bengaluru – JP Nagar (Outlet 17),Bengaluru,South,SKU-PKG-008,Eco-Kraft Branded Cup (Carton),Packaging,C,950,620,1,950,25.0,OVERRIDE_MGR_01,712.5,92.5,12.98,UPI (GooglePay/PhonePe),1,Loyal Customer,1420
TXN-IN-10793,2026-07-20,20,0,DEL-002,Delhi – Cyber Hub Gurugram,Delhi NCR,North,SKU-BAKE-004,Butter Flaky Croissant,Artisanal Bakery,B,180,55,1,180,0.0,NONE,180.0,125.0,69.44,UPI (GooglePay/PhonePe),1,Loyal Customer,1039
TXN-IN-10794,2026-08-04,10,0,MUM-001,Mumbai – Bandra West Linking Rd,Mumbai,West,SKU-BEV-003,Nitro Cold Brew Infusion,Specialty Beverages,A,310,90,1,310,0.0,NONE,310.0,220.0,70.97,UPI (GooglePay/PhonePe),5,At Risk,1721
TXN-IN-10795,2026-08-29,16,1,DEL-001,Delhi – Connaught Place Inner Circle,Delhi,North,SKU-SNK-005,Truffle Cheese Mushroom Panini,Gourmet Food,A,340,120,1,340,0.0,NONE,340.0,220.0,64.71,UPI (GooglePay/PhonePe),4,Loyal Customer,2005
TXN-IN-10796,2026-07-24,18,0,HYD-001,Hyderabad – Hitec City Cyber Towers,Hyderabad,South,SKU-BEV-002,Monsoon Cinnamon Latte,Specialty Beverages,A,280,80,2,560,5.0,CAMPAIGN_CODE_PROMO,532.0,372.0,69.92,UPI (GooglePay/PhonePe),5,At Risk,1487
TXN-IN-10797,2026-07-24,16,0,BLR-002,Bengaluru – Koramangala 5th Block,Bengaluru,South,SKU-BEV-001,Artisanal Cold Brew (350ml),Specialty Beverages,A,240,65,3,720,0.0,NONE,720.0,525.0,72.92,Debit Card,5,Potential Loyalist,1343
TXN-IN-10798,2026-07-23,18,0,MUM-002,Mumbai – Lower Parel High Street,Mumbai,West,SKU-DES-007,Classic Tiramisu Cup,Desserts,B,260,85,1,260,0.0,NONE,260.0,175.0,67.31,Cash,4,Potential Loyalist,1016
TXN-IN-10799,2026-08-13,18,0,HYD-001,Hyderabad – Hitec City Cyber Towers,Hyderabad,South,SKU-DES-007,Classic Tiramisu Cup,Desserts,B,260,85,3,780,0.0,NONE,780.0,525.0,67.31,UPI (GooglePay/PhonePe),5,Loyal Customer,1359
TXN-IN-10800,2026-07-26,10,1,BLR-017,Bengaluru – JP Nagar (Outlet 17),Bengaluru,South,SKU-BEV-001,Artisanal Cold Brew (350ml),Specialty Beverages,A,240,65,2,480,0.0,NONE,480.0,350.0,72.92,Cash,5,Loyal Customer,1927
TXN-IN-10801,2026-08-15,11,1,HYD-001,Hyderabad – Hitec City Cyber Towers,Hyderabad,South,SKU-PKG-008,Eco-Kraft Branded Cup (Carton),Packaging,C,950,620,1,950,5.0,CAMPAIGN_CODE_PROMO,902.5,282.5,31.3,Credit Card,5,Loyal Customer,1962
TXN-IN-10802,2026-08-11,13,0,MUM-002,Mumbai – Lower Parel High Street,Mumbai,West,SKU-BEV-003,Nitro Cold Brew Infusion,Specialty Beverages,A,310,90,1,310,0.0,NONE,310.0,220.0,70.97,Credit Card,1,Loyal Customer,1068
TXN-IN-10803,2026-09-01,20,0,BLR-002,Bengaluru – Koramangala 5th Block,Bengaluru,South,SKU-BEV-001,Artisanal Cold Brew (350ml),Specialty Beverages,A,240,65,1,240,0.0,NONE,240.0,175.0,72.92,UPI (GooglePay/PhonePe),5,Champion,1251
TXN-IN-10804,2026-08-29,18,1,MUM-001,Mumbai – Bandra West Linking Rd,Mumbai,West,SKU-BEV-002,Monsoon Cinnamon Latte,Specialty Beverages,A,280,80,1,280,0.0,NONE,280.0,200.0,71.43,Debit Card,5,Loyal Customer,2295
TXN-IN-10805,2026-08-25,12,0,DEL-001,Delhi – Connaught Place Inner Circle,Delhi,North,SKU-SNK-005,Truffle Cheese Mushroom Panini,Gourmet Food,A,340,120,1,340,0.0,NONE,340.0,220.0,64.71,UPI (GooglePay/PhonePe),5,At Risk,1583
TXN-IN-10806,2026-08-03,13,0,MUM-001,Mumbai – Bandra West Linking Rd,Mumbai,West,SKU-PKG-008,Eco-Kraft Branded Cup (Carton),Packaging,C,950,620,2,1900,0.0,NONE,1900.0,660.0,34.74,Credit Card,4,Loyal Customer,1672
TXN-IN-10807,2026-07-31,14,0,BLR-001,Bengaluru – Indiranagar 100ft,Bengaluru,South,SKU-SNK-006,Smoked Paneer Tikka Sourdough,Gourmet Food,B,310,105,1,310,0.0,NONE,310.0,205.0,66.13,UPI (GooglePay/PhonePe),5,Champion,1219
TXN-IN-10808,2026-08-12,13,0,BLR-001,Bengaluru – Indiranagar 100ft,Bengaluru,South,SKU-BEV-001,Artisanal Cold Brew (350ml),Specialty Beverages,A,240,65,1,240,0.0,NONE,240.0,175.0,72.92,Credit Card,4,Loyal Customer,1211
TXN-IN-10809,2026-08-04,20,0,BLR-002,Bengaluru – Koramangala 5th Block,Bengaluru,South,SKU-BAKE-004,Butter Flaky Croissant,Artisanal Bakery,B,180,55,1,180,0.0,NONE,180.0,125.0,69.44,UPI (GooglePay/PhonePe),4,Champion,1367
TXN-IN-10810,2026-07-27,13,0,DEL-001,Delhi – Connaught Place Inner Circle,Delhi,North,SKU-BAKE-004,Butter Flaky Croissant,Artisanal Bakery,B,180,55,1,180,0.0,NONE,180.0,125.0,69.44,UPI (GooglePay/PhonePe),2,Hibernating,1579
TXN-IN-10811,2026-08-16,21,1,BLR-017,Bengaluru – JP Nagar (Outlet 17),Bengaluru,South,SKU-BEV-002,Monsoon Cinnamon Latte,Specialty Beverages,A,280,80,1,280,0.0,NONE,280.0,200.0,71.43,Debit Card,4,Loyal Customer,1946
TXN-IN-10812,2026-08-29,18,1,MUM-001,Mumbai – Bandra West Linking Rd,Mumbai,West,SKU-BEV-001,Artisanal Cold Brew (350ml),Specialty Beverages,A,240,65,2,480,0.0,NONE,480.0,350.0,72.92,Credit Card,4,Loyal Customer,2160
TXN-IN-10813,2026-08-29,21,1,MUM-002,Mumbai – Lower Parel High Street,Mumbai,West,SKU-BEV-003,Nitro Cold Brew Infusion,Specialty Beverages,A,310,90,3,930,0.0,NONE,930.0,660.0,70.97,UPI (GooglePay/PhonePe),4,Potential Loyalist,1412
TXN-IN-10814,2026-08-28,19,0,BLR-017,Bengaluru – JP Nagar (Outlet 17),Bengaluru,South,SKU-BEV-003,Nitro Cold Brew Infusion,Specialty Beverages,A,310,90,1,310,0.0,NONE,310.0,220.0,70.97,Debit Card,5,Champion,1522
TXN-IN-10815,2026-08-12,17,0,CHN-001,Chennai – Anna Nagar 2nd Avenue,Chennai,South,SKU-PKG-008,Eco-Kraft Branded Cup (Carton),Packaging,C,950,620,2,1900,0.0,NONE,1900.0,660.0,34.74,Debit Card,4,Potential Loyalist,1006
TXN-IN-10816,2026-07-22,16,0,MUM-001,Mumbai – Bandra West Linking Rd,Mumbai,West,SKU-BAKE-004,Butter Flaky Croissant,Artisanal Bakery,B,180,55,3,540,0.0,NONE,540.0,375.0,69.44,UPI (GooglePay/PhonePe),5,At Risk,1716
TXN-IN-10817,2026-07-30,11,0,DEL-001,Delhi – Connaught Place Inner Circle,Delhi,North,SKU-SNK-005,Truffle Cheese Mushroom Panini,Gourmet Food,A,340,120,2,680,10.0,CAMPAIGN_CODE_PROMO,612.0,372.0,60.78,Cash,5,Loyal Customer,1539
TXN-IN-10818,2026-08-21,15,0,DEL-001,Delhi – Connaught Place Inner Circle,Delhi,North,SKU-DES-007,Classic Tiramisu Cup,Desserts,B,260,85,1,260,0.0,NONE,260.0,175.0,67.31,Debit Card,5,Loyal Customer,1465
TXN-IN-10819,2026-08-17,14,0,MUM-001,Mumbai – Bandra West Linking Rd,Mumbai,West,SKU-SNK-005,Truffle Cheese Mushroom Panini,Gourmet Food,A,340,120,2,680,15.0,CAMPAIGN_CODE_PROMO,578.0,338.0,58.48,Cash,5,Champion,1640
TXN-IN-10820,2026-08-03,9,0,BLR-017,Bengaluru – JP Nagar (Outlet 17),Bengaluru,South,SKU-BEV-002,Monsoon Cinnamon Latte,Specialty Beverages,A,280,80,1,280,25.0,OVERRIDE_MGR_01,210.0,130.0,61.9,UPI (GooglePay/PhonePe),5,Potential Loyalist,1536
TXN-IN-10821,2026-09-01,22,0,MUM-002,Mumbai – Lower Parel High Street,Mumbai,West,SKU-BAKE-004,Butter Flaky Croissant,Artisanal Bakery,B,180,55,2,360,0.0,NONE,360.0,250.0,69.44,Cash,3,Champion,976
TXN-IN-10822,2026-08-07,20,0,DEL-001,Delhi – Connaught Place Inner Circle,Delhi,North,SKU-DES-007,Classic Tiramisu Cup,Desserts,B,260,85,3,780,0.0,NONE,780.0,525.0,67.31,UPI (GooglePay/PhonePe),5,Loyal Customer,1614
TXN-IN-10823,2026-07-29,19,0,DEL-002,Delhi – Cyber Hub Gurugram,Delhi NCR,North,SKU-BAKE-004,Butter Flaky Croissant,Artisanal Bakery,B,180,55,1,180,0.0,NONE,180.0,125.0,69.44,Cash,5,Loyal Customer,1139
TXN-IN-10824,2026-08-18,12,0,DEL-001,Delhi – Connaught Place Inner Circle,Delhi,North,SKU-BEV-002,Monsoon Cinnamon Latte,Specialty Beverages,A,280,80,1,280,0.0,NONE,280.0,200.0,71.43,Debit Card,5,Loyal Customer,1562
TXN-IN-10825,2026-07-21,11,0,DEL-001,Delhi – Connaught Place Inner Circle,Delhi,North,SKU-BEV-003,Nitro Cold Brew Infusion,Specialty Beverages,A,310,90,2,620,0.0,NONE,620.0,440.0,70.97,UPI (GooglePay/PhonePe),5,Potential Loyalist,1510
TXN-IN-10826,2026-08-10,19,0,MUM-001,Mumbai – Bandra West Linking Rd,Mumbai,West,SKU-DES-007,Classic Tiramisu Cup,Desserts,B,260,85,1,260,0.0,NONE,260.0,175.0,67.31,Cash,5,Loyal Customer,1715
TXN-IN-10827,2026-07-22,22,0,BLR-002,Bengaluru – Koramangala 5th Block,Bengaluru,South,SKU-BEV-003,Nitro Cold Brew Infusion,Specialty Beverages,A,310,90,4,1240,0.0,NONE,1240.0,880.0,70.97,Cash,3,Loyal Customer,1300
TXN-IN-10828,2026-08-13,14,0,MUM-001,Mumbai – Bandra West Linking Rd,Mumbai,West,SKU-DES-007,Classic Tiramisu Cup,Desserts,B,260,85,1,260,0.0,NONE,260.0,175.0,67.31,Credit Card,5,Loyal Customer,1647
TXN-IN-10829,2026-07-25,12,1,BLR-002,Bengaluru – Koramangala 5th Block,Bengaluru,South,SKU-BEV-002,Monsoon Cinnamon Latte,Specialty Beverages,A,280,80,2,560,0.0,NONE,560.0,400.0,71.43,Cash,5,Champion,1665
TXN-IN-10830,2026-08-13,18,0,MUM-002,Mumbai – Lower Parel High Street,Mumbai,West,SKU-BAKE-004,Butter Flaky Croissant,Artisanal Bakery,B,180,55,1,180,5.0,CAMPAIGN_CODE_PROMO,171.0,116.0,67.84,Credit Card,5,Champion,1005
TXN-IN-10831,2026-08-14,15,0,BLR-002,Bengaluru – Koramangala 5th Block,Bengaluru,South,SKU-BEV-002,Monsoon Cinnamon Latte,Specialty Beverages,A,280,80,1,280,0.0,NONE,280.0,200.0,71.43,Debit Card,2,At Risk,1233
TXN-IN-10832,2026-08-02,18,1,MUM-002,Mumbai – Lower Parel High Street,Mumbai,West,SKU-DES-007,Classic Tiramisu Cup,Desserts,B,260,85,2,520,0.0,NONE,520.0,350.0,67.31,Cash,2,Loyal Customer,1371
TXN-IN-10833,2026-09-03,22,0,HYD-001,Hyderabad – Hitec City Cyber Towers,Hyderabad,South,SKU-SNK-005,Truffle Cheese Mushroom Panini,Gourmet Food,A,340,120,1,340,0.0,NONE,340.0,220.0,64.71,Debit Card,4,Champion,1394
TXN-IN-10834,2026-08-25,9,0,HYD-001,Hyderabad – Hitec City Cyber Towers,Hyderabad,South,SKU-PKG-008,Eco-Kraft Branded Cup (Carton),Packaging,C,950,620,1,950,15.0,CAMPAIGN_CODE_PROMO,807.5,187.5,23.22,Debit Card,5,At Risk,1386
TXN-IN-10835,2026-08-14,20,0,BLR-002,Bengaluru – Koramangala 5th Block,Bengaluru,South,SKU-DES-007,Classic Tiramisu Cup,Desserts,B,260,85,1,260,0.0,NONE,260.0,175.0,67.31,Debit Card,5,Potential Loyalist,1378
TXN-IN-10836,2026-08-25,9,0,BLR-017,Bengaluru – JP Nagar (Outlet 17),Bengaluru,South,SKU-DES-007,Classic Tiramisu Cup,Desserts,B,260,85,2,520,0.0,NONE,520.0,350.0,67.31,Cash,5,At Risk,1518
TXN-IN-10837,2026-08-02,17,1,HYD-001,Hyderabad – Hitec City Cyber Towers,Hyderabad,South,SKU-DES-007,Classic Tiramisu Cup,Desserts,B,260,85,4,1040,0.0,NONE,1040.0,700.0,67.31,UPI (GooglePay/PhonePe),4,Loyal Customer,1995
TXN-IN-10838,2026-08-09,12,1,DEL-002,Delhi – Cyber Hub Gurugram,Delhi NCR,North,SKU-PKG-008,Eco-Kraft Branded Cup (Carton),Packaging,C,950,620,1,950,5.0,CAMPAIGN_CODE_PROMO,902.5,282.5,31.3,UPI (GooglePay/PhonePe),4,Potential Loyalist,1523
TXN-IN-10839,2026-08-13,15,0,DEL-001,Delhi – Connaught Place Inner Circle,Delhi,North,SKU-DES-007,Classic Tiramisu Cup,Desserts,B,260,85,3,780,5.0,CAMPAIGN_CODE_PROMO,741.0,486.0,65.59,UPI (GooglePay/PhonePe),5,Potential Loyalist,1544
TXN-IN-10840,2026-08-18,13,0,BLR-017,Bengaluru – JP Nagar (Outlet 17),Bengaluru,South,SKU-BEV-002,Monsoon Cinnamon Latte,Specialty Beverages,A,280,80,1,280,10.0,CAMPAIGN_CODE_PROMO,252.0,172.0,68.25,UPI (GooglePay/PhonePe),5,Champion,1365
TXN-IN-10841,2026-07-31,15,0,MUM-002,Mumbai – Lower Parel High Street,Mumbai,West,SKU-BEV-002,Monsoon Cinnamon Latte,Specialty Beverages,A,280,80,1,280,5.0,CAMPAIGN_CODE_PROMO,266.0,186.0,69.92,Credit Card,5,Loyal Customer,955
TXN-IN-10842,2026-09-03,10,0,BLR-001,Bengaluru – Indiranagar 100ft,Bengaluru,South,SKU-BAKE-004,Butter Flaky Croissant,Artisanal Bakery,B,180,55,1,180,0.0,NONE,180.0,125.0,69.44,Cash,4,Potential Loyalist,1096
TXN-IN-10843,2026-08-13,8,0,MUM-002,Mumbai – Lower Parel High Street,Mumbai,West,SKU-PKG-008,Eco-Kraft Branded Cup (Carton),Packaging,C,950,620,1,950,0.0,NONE,950.0,330.0,34.74,UPI (GooglePay/PhonePe),3,Loyal Customer,961
TXN-IN-10844,2026-08-01,22,1,BLR-017,Bengaluru – JP Nagar (Outlet 17),Bengaluru,South,SKU-BEV-001,Artisanal Cold Brew (350ml),Specialty Beverages,A,240,65,1,240,25.0,OVERRIDE_MGR_01,180.0,115.0,63.89,UPI (GooglePay/PhonePe),5,Hibernating,1861
TXN-IN-10845,2026-08-31,17,0,BLR-002,Bengaluru – Koramangala 5th Block,Bengaluru,South,SKU-BEV-003,Nitro Cold Brew Infusion,Specialty Beverages,A,310,90,1,310,0.0,NONE,310.0,220.0,70.97,Credit Card,5,Champion,1253
TXN-IN-10846,2026-08-23,12,1,DEL-002,Delhi – Cyber Hub Gurugram,Delhi NCR,North,SKU-DES-007,Classic Tiramisu Cup,Desserts,B,260,85,1,260,0.0,NONE,260.0,175.0,67.31,UPI (GooglePay/PhonePe),5,Potential Loyalist,1408
TXN-IN-10847,2026-08-13,18,0,MUM-001,Mumbai – Bandra West Linking Rd,Mumbai,West,SKU-PKG-008,Eco-Kraft Branded Cup (Carton),Packaging,C,950,620,1,950,0.0,NONE,950.0,330.0,34.74,Cash,5,Champion,1625
TXN-IN-10848,2026-08-15,11,1,MUM-002,Mumbai – Lower Parel High Street,Mumbai,West,SKU-PKG-008,Eco-Kraft Branded Cup (Carton),Packaging,C,950,620,4,3800,0.0,NONE,3800.0,1320.0,34.74,Cash,5,Hibernating,1396
TXN-IN-10849,2026-08-09,18,1,DEL-002,Delhi – Cyber Hub Gurugram,Delhi NCR,North,SKU-BEV-003,Nitro Cold Brew Infusion,Specialty Beverages,A,310,90,1,310,0.0,NONE,310.0,220.0,70.97,Credit Card,1,Potential Loyalist,1422
TXN-IN-10850,2026-08-10,18,0,BLR-001,Bengaluru – Indiranagar 100ft,Bengaluru,South,SKU-PKG-008,Eco-Kraft Branded Cup (Carton),Packaging,C,950,620,1,950,0.0,NONE,950.0,330.0,34.74,Cash,4,Champion,1075
TXN-IN-10851,2026-08-28,15,0,BLR-017,Bengaluru – JP Nagar (Outlet 17),Bengaluru,South,SKU-SNK-005,Truffle Cheese Mushroom Panini,Gourmet Food,A,340,120,1,340,25.0,OVERRIDE_MGR_01,255.0,135.0,52.94,UPI (GooglePay/PhonePe),4,Loyal Customer,1378
TXN-IN-10852,2026-08-13,19,0,MUM-001,Mumbai – Bandra West Linking Rd,Mumbai,West,SKU-BEV-001,Artisanal Cold Brew (350ml),Specialty Beverages,A,240,65,1,240,0.0,NONE,240.0,175.0,72.92,Debit Card,4,Loyal Customer,1641
TXN-IN-10853,2026-08-09,13,1,BLR-001,Bengaluru – Indiranagar 100ft,Bengaluru,South,SKU-DES-007,Classic Tiramisu Cup,Desserts,B,260,85,2,520,15.0,CAMPAIGN_CODE_PROMO,442.0,272.0,61.54,Credit Card,5,Champion,1485
TXN-IN-10854,2026-08-31,14,0,MUM-001,Mumbai – Bandra West Linking Rd,Mumbai,West,SKU-BAKE-004,Butter Flaky Croissant,Artisanal Bakery,B,180,55,2,360,0.0,NONE,360.0,250.0,69.44,Debit Card,4,Champion,1695
TXN-IN-10855,2026-07-24,11,0,MUM-001,Mumbai – Bandra West Linking Rd,Mumbai,West,SKU-BEV-001,Artisanal Cold Brew (350ml),Specialty Beverages,A,240,65,2,480,0.0,NONE,480.0,350.0,72.92,UPI (GooglePay/PhonePe),5,Loyal Customer,1622
TXN-IN-10856,2026-08-04,16,0,CHN-001,Chennai – Anna Nagar 2nd Avenue,Chennai,South,SKU-BEV-002,Monsoon Cinnamon Latte,Specialty Beverages,A,280,80,1,280,0.0,NONE,280.0,200.0,71.43,UPI (GooglePay/PhonePe),5,Champion,903
TXN-IN-10857,2026-08-08,12,1,MUM-002,Mumbai – Lower Parel High Street,Mumbai,West,SKU-PKG-008,Eco-Kraft Branded Cup (Carton),Packaging,C,950,620,4,3800,0.0,NONE,3800.0,1320.0,34.74,Debit Card,5,Hibernating,1344
TXN-IN-10858,2026-08-13,17,0,BLR-002,Bengaluru – Koramangala 5th Block,Bengaluru,South,SKU-PKG-008,Eco-Kraft Branded Cup (Carton),Packaging,C,950,620,1,950,0.0,NONE,950.0,330.0,34.74,UPI (GooglePay/PhonePe),4,Potential Loyalist,1205
TXN-IN-10859,2026-08-13,21,0,DEL-002,Delhi – Cyber Hub Gurugram,Delhi NCR,North,SKU-BEV-002,Monsoon Cinnamon Latte,Specialty Beverages,A,280,80,2,560,0.0,NONE,560.0,400.0,71.43,UPI (GooglePay/PhonePe),5,Champion,1117
TXN-IN-10860,2026-08-18,17,0,MUM-002,Mumbai – Lower Parel High Street,Mumbai,West,SKU-PKG-008,Eco-Kraft Branded Cup (Carton),Packaging,C,950,620,1,950,0.0,NONE,950.0,330.0,34.74,Credit Card,5,Loyal Customer,939
TXN-IN-10861,2026-08-01,19,1,BLR-001,Bengaluru – Indiranagar 100ft,Bengaluru,South,SKU-BEV-001,Artisanal Cold Brew (350ml),Specialty Beverages,A,240,65,3,720,0.0,NONE,720.0,525.0,72.92,Debit Card,3,Hibernating,1662
TXN-IN-10862,2026-08-12,22,0,DEL-002,Delhi – Cyber Hub Gurugram,Delhi NCR,North,SKU-PKG-008,Eco-Kraft Branded Cup (Carton),Packaging,C,950,620,1,950,5.0,CAMPAIGN_CODE_PROMO,902.5,282.5,31.3,UPI (GooglePay/PhonePe),5,Loyal Customer,1069
TXN-IN-10863,2026-08-16,16,1,MUM-002,Mumbai – Lower Parel High Street,Mumbai,West,SKU-SNK-006,Smoked Paneer Tikka Sourdough,Gourmet Food,B,310,105,1,310,0.0,NONE,310.0,205.0,66.13,UPI (GooglePay/PhonePe),4,Hibernating,1431
TXN-IN-10864,2026-08-04,20,0,MUM-001,Mumbai – Bandra West Linking Rd,Mumbai,West,SKU-PKG-008,Eco-Kraft Branded Cup (Carton),Packaging,C,950,620,1,950,0.0,NONE,950.0,330.0,34.74,UPI (GooglePay/PhonePe),4,Potential Loyalist,1636
TXN-IN-10865,2026-08-27,18,0,HYD-001,Hyderabad – Hitec City Cyber Towers,Hyderabad,South,SKU-BEV-003,Nitro Cold Brew Infusion,Specialty Beverages,A,310,90,1,310,0.0,NONE,310.0,220.0,70.97,UPI (GooglePay/PhonePe),5,Potential Loyalist,1474
TXN-IN-10866,2026-09-03,22,0,DEL-002,Delhi – Cyber Hub Gurugram,Delhi NCR,North,SKU-DES-007,Classic Tiramisu Cup,Desserts,B,260,85,2,520,5.0,CAMPAIGN_CODE_PROMO,494.0,324.0,65.59,Debit Card,5,Loyal Customer,1197
TXN-IN-10867,2026-08-08,19,1,CHN-001,Chennai – Anna Nagar 2nd Avenue,Chennai,South,SKU-DES-007,Classic Tiramisu Cup,Desserts,B,260,85,2,520,0.0,NONE,520.0,350.0,67.31,UPI (GooglePay/PhonePe),5,Loyal Customer,1250
TXN-IN-10868,2026-07-29,15,0,MUM-002,Mumbai – Lower Parel High Street,Mumbai,West,SKU-BAKE-004,Butter Flaky Croissant,Artisanal Bakery,B,180,55,3,540,0.0,NONE,540.0,375.0,69.44,UPI (GooglePay/PhonePe),4,Champion,917
TXN-IN-10869,2026-09-02,19,0,DEL-002,Delhi – Cyber Hub Gurugram,Delhi NCR,North,SKU-DES-007,Classic Tiramisu Cup,Desserts,B,260,85,2,520,0.0,NONE,520.0,350.0,67.31,Credit Card,5,Champion,1144
TXN-IN-10870,2026-07-31,20,0,CHN-001,Chennai – Anna Nagar 2nd Avenue,Chennai,South,SKU-BEV-002,Monsoon Cinnamon Latte,Specialty Beverages,A,280,80,1,280,0.0,NONE,280.0,200.0,71.43,UPI (GooglePay/PhonePe),4,At Risk,889
TXN-IN-10871,2026-08-05,18,0,DEL-002,Delhi – Cyber Hub Gurugram,Delhi NCR,North,SKU-PKG-008,Eco-Kraft Branded Cup (Carton),Packaging,C,950,620,2,1900,0.0,NONE,1900.0,660.0,34.74,UPI (GooglePay/PhonePe),5,Champion,1051
TXN-IN-10872,2026-08-06,13,0,BLR-017,Bengaluru – JP Nagar (Outlet 17),Bengaluru,South,SKU-SNK-006,Smoked Paneer Tikka Sourdough,Gourmet Food,B,310,105,1,310,0.0,NONE,310.0,205.0,66.13,UPI (GooglePay/PhonePe),5,Potential Loyalist,1341
TXN-IN-10873,2026-08-31,19,0,BLR-001,Bengaluru – Indiranagar 100ft,Bengaluru,South,SKU-BEV-002,Monsoon Cinnamon Latte,Specialty Beverages,A,280,80,1,280,0.0,NONE,280.0,200.0,71.43,Cash,1,Potential Loyalist,1194
TXN-IN-10874,2026-08-19,19,0,DEL-001,Delhi – Connaught Place Inner Circle,Delhi,North,SKU-DES-007,Classic Tiramisu Cup,Desserts,B,260,85,1,260,0.0,NONE,260.0,175.0,67.31,Credit Card,4,Hibernating,1590
TXN-IN-10875,2026-08-14,20,0,DEL-002,Delhi – Cyber Hub Gurugram,Delhi NCR,North,SKU-BEV-001,Artisanal Cold Brew (350ml),Specialty Beverages,A,240,65,4,960,0.0,NONE,960.0,700.0,72.92,UPI (GooglePay/PhonePe),5,Potential Loyalist,1205
TXN-IN-10876,2026-07-28,13,0,BLR-001,Bengaluru – Indiranagar 100ft,Bengaluru,South,SKU-BEV-002,Monsoon Cinnamon Latte,Specialty Beverages,A,280,80,3,840,0.0,NONE,840.0,600.0,71.43,UPI (GooglePay/PhonePe),5,Potential Loyalist,1238
TXN-IN-10877,2026-08-19,8,0,CHN-001,Chennai – Anna Nagar 2nd Avenue,Chennai,South,SKU-DES-007,Classic Tiramisu Cup,Desserts,B,260,85,2,520,0.0,NONE,520.0,350.0,67.31,Credit Card,5,Loyal Customer,851
TXN-IN-10878,2026-08-09,15,1,HYD-001,Hyderabad – Hitec City Cyber Towers,Hyderabad,South,SKU-BAKE-004,Butter Flaky Croissant,Artisanal Bakery,B,180,55,2,360,0.0,NONE,360.0,250.0,69.44,UPI (GooglePay/PhonePe),5,Hibernating,1917
TXN-IN-10879,2026-08-31,12,0,BLR-017,Bengaluru – JP Nagar (Outlet 17),Bengaluru,South,SKU-DES-007,Classic Tiramisu Cup,Desserts,B,260,85,1,260,25.0,OVERRIDE_MGR_01,195.0,110.0,56.41,Cash,2,Potential Loyalist,1348
TXN-IN-10880,2026-07-28,18,0,HYD-001,Hyderabad – Hitec City Cyber Towers,Hyderabad,South,SKU-BEV-002,Monsoon Cinnamon Latte,Specialty Beverages,A,280,80,1,280,0.0,NONE,280.0,200.0,71.43,Debit Card,5,Loyal Customer,1339
TXN-IN-10881,2026-08-19,12,0,CHN-001,Chennai – Anna Nagar 2nd Avenue,Chennai,South,SKU-BAKE-004,Butter Flaky Croissant,Artisanal Bakery,B,180,55,1,180,0.0,NONE,180.0,125.0,69.44,UPI (GooglePay/PhonePe),5,Hibernating,847
TXN-IN-10882,2026-07-30,12,0,DEL-001,Delhi – Connaught Place Inner Circle,Delhi,North,SKU-DES-007,Classic Tiramisu Cup,Desserts,B,260,85,2,520,0.0,NONE,520.0,350.0,67.31,Debit Card,2,Potential Loyalist,1590
TXN-IN-10883,2026-07-28,19,0,CHN-001,Chennai – Anna Nagar 2nd Avenue,Chennai,South,SKU-PKG-008,Eco-Kraft Branded Cup (Carton),Packaging,C,950,620,1,950,0.0,NONE,950.0,330.0,34.74,Cash,4,Potential Loyalist,1004
TXN-IN-10884,2026-08-10,19,0,DEL-002,Delhi – Cyber Hub Gurugram,Delhi NCR,North,SKU-DES-007,Classic Tiramisu Cup,Desserts,B,260,85,2,520,0.0,NONE,520.0,350.0,67.31,Debit Card,4,Champion,1049
TXN-IN-10885,2026-08-07,19,0,BLR-017,Bengaluru – JP Nagar (Outlet 17),Bengaluru,South,SKU-BEV-002,Monsoon Cinnamon Latte,Specialty Beverages,A,280,80,1,280,0.0,NONE,280.0,200.0,71.43,UPI (GooglePay/PhonePe),5,Champion,1420
TXN-IN-10886,2026-08-13,17,0,BLR-001,Bengaluru – Indiranagar 100ft,Bengaluru,South,SKU-SNK-005,Truffle Cheese Mushroom Panini,Gourmet Food,A,340,120,1,340,0.0,NONE,340.0,220.0,64.71,Debit Card,5,Loyal Customer,1243
TXN-IN-10887,2026-07-28,8,0,CHN-001,Chennai – Anna Nagar 2nd Avenue,Chennai,South,SKU-BAKE-004,Butter Flaky Croissant,Artisanal Bakery,B,180,55,1,180,0.0,NONE,180.0,125.0,69.44,Credit Card,5,Hibernating,896
TXN-IN-10888,2026-08-20,12,0,HYD-001,Hyderabad – Hitec City Cyber Towers,Hyderabad,South,SKU-BEV-003,Nitro Cold Brew Infusion,Specialty Beverages,A,310,90,2,620,0.0,NONE,620.0,440.0,70.97,UPI (GooglePay/PhonePe),5,Loyal Customer,1486
TXN-IN-10889,2026-07-27,12,0,MUM-002,Mumbai – Lower Parel High Street,Mumbai,West,SKU-PKG-008,Eco-Kraft Branded Cup (Carton),Packaging,C,950,620,2,1900,0.0,NONE,1900.0,660.0,34.74,Debit Card,5,At Risk,939
TXN-IN-10890,2026-09-03,10,0,MUM-001,Mumbai – Bandra West Linking Rd,Mumbai,West,SKU-BAKE-004,Butter Flaky Croissant,Artisanal Bakery,B,180,55,2,360,0.0,NONE,360.0,250.0,69.44,UPI (GooglePay/PhonePe),3,Potential Loyalist,1646
TXN-IN-10891,2026-08-31,14,0,BLR-002,Bengaluru – Koramangala 5th Block,Bengaluru,South,SKU-BEV-001,Artisanal Cold Brew (350ml),Specialty Beverages,A,240,65,1,240,0.0,NONE,240.0,175.0,72.92,Credit Card,4,Loyal Customer,1335
TXN-IN-10892,2026-08-07,17,0,MUM-002,Mumbai – Lower Parel High Street,Mumbai,West,SKU-BAKE-004,Butter Flaky Croissant,Artisanal Bakery,B,180,55,2,360,10.0,CAMPAIGN_CODE_PROMO,324.0,214.0,66.05,Cash,3,Champion,1081
TXN-IN-10893,2026-08-08,16,1,HYD-001,Hyderabad – Hitec City Cyber Towers,Hyderabad,South,SKU-BEV-003,Nitro Cold Brew Infusion,Specialty Beverages,A,310,90,2,620,0.0,NONE,620.0,440.0,70.97,UPI (GooglePay/PhonePe),5,At Risk,1846
TXN-IN-10894,2026-08-30,18,1,BLR-001,Bengaluru – Indiranagar 100ft,Bengaluru,South,SKU-SNK-006,Smoked Paneer Tikka Sourdough,Gourmet Food,B,310,105,2,620,0.0,NONE,620.0,410.0,66.13,UPI (GooglePay/PhonePe),5,Hibernating,1645
TXN-IN-10895,2026-07-30,16,0,BLR-001,Bengaluru – Indiranagar 100ft,Bengaluru,South,SKU-BEV-002,Monsoon Cinnamon Latte,Specialty Beverages,A,280,80,1,280,0.0,NONE,280.0,200.0,71.43,UPI (GooglePay/PhonePe),1,Potential Loyalist,1221
TXN-IN-10896,2026-08-16,11,1,BLR-002,Bengaluru – Koramangala 5th Block,Bengaluru,South,SKU-DES-007,Classic Tiramisu Cup,Desserts,B,260,85,1,260,0.0,NONE,260.0,175.0,67.31,Credit Card,4,Hibernating,1815
TXN-IN-10897,2026-08-13,18,0,BLR-017,Bengaluru – JP Nagar (Outlet 17),Bengaluru,South,SKU-PKG-008,Eco-Kraft Branded Cup (Carton),Packaging,C,950,620,3,2850,25.0,OVERRIDE_MGR_01,2137.5,277.5,12.98,Debit Card,5,Champion,1465
TXN-IN-10898,2026-08-30,18,1,CHN-001,Chennai – Anna Nagar 2nd Avenue,Chennai,South,SKU-BAKE-004,Butter Flaky Croissant,Artisanal Bakery,B,180,55,1,180,0.0,NONE,180.0,125.0,69.44,Credit Card,4,Champion,1313
TXN-IN-10899,2026-07-31,19,0,DEL-002,Delhi – Cyber Hub Gurugram,Delhi NCR,North,SKU-PKG-008,Eco-Kraft Branded Cup (Carton),Packaging,C,950,620,4,3800,0.0,NONE,3800.0,1320.0,34.74,UPI (GooglePay/PhonePe),5,Champion,1157
TXN-IN-10900,2026-07-31,20,0,DEL-002,Delhi – Cyber Hub Gurugram,Delhi NCR,North,SKU-BEV-001,Artisanal Cold Brew (350ml),Specialty Beverages,A,240,65,1,240,0.0,NONE,240.0,175.0,72.92,Cash,5,Loyal Customer,1169
TXN-IN-10901,2026-08-23,20,1,BLR-017,Bengaluru – JP Nagar (Outlet 17),Bengaluru,South,SKU-BAKE-004,Butter Flaky Croissant,Artisanal Bakery,B,180,55,4,720,25.0,OVERRIDE_MGR_01,540.0,320.0,59.26,Cash,5,Loyal Customer,1917
TXN-IN-10902,2026-07-27,18,0,BLR-001,Bengaluru – Indiranagar 100ft,Bengaluru,South,SKU-BEV-003,Nitro Cold Brew Infusion,Specialty Beverages,A,310,90,2,620,10.0,CAMPAIGN_CODE_PROMO,558.0,378.0,67.74,UPI (GooglePay/PhonePe),5,Champion,1146
TXN-IN-10903,2026-08-12,21,0,CHN-001,Chennai – Anna Nagar 2nd Avenue,Chennai,South,SKU-BEV-003,Nitro Cold Brew Infusion,Specialty Beverages,A,310,90,1,310,10.0,CAMPAIGN_CODE_PROMO,279.0,189.0,67.74,UPI (GooglePay/PhonePe),2,Loyal Customer,1040
TXN-IN-10904,2026-08-07,17,0,CHN-001,Chennai – Anna Nagar 2nd Avenue,Chennai,South,SKU-PKG-008,Eco-Kraft Branded Cup (Carton),Packaging,C,950,620,1,950,0.0,NONE,950.0,330.0,34.74,Credit Card,4,Loyal Customer,1016
TXN-IN-10905,2026-07-26,11,1,BLR-001,Bengaluru – Indiranagar 100ft,Bengaluru,South,SKU-BAKE-004,Butter Flaky Croissant,Artisanal Bakery,B,180,55,1,180,0.0,NONE,180.0,125.0,69.44,UPI (GooglePay/PhonePe),2,Potential Loyalist,1527
TXN-IN-10906,2026-08-26,18,0,DEL-001,Delhi – Connaught Place Inner Circle,Delhi,North,SKU-SNK-005,Truffle Cheese Mushroom Panini,Gourmet Food,A,340,120,1,340,10.0,CAMPAIGN_CODE_PROMO,306.0,186.0,60.78,Credit Card,5,At Risk,1522
TXN-IN-10907,2026-08-18,21,0,BLR-017,Bengaluru – JP Nagar (Outlet 17),Bengaluru,South,SKU-SNK-005,Truffle Cheese Mushroom Panini,Gourmet Food,A,340,120,2,680,25.0,OVERRIDE_MGR_01,510.0,270.0,52.94,UPI (GooglePay/PhonePe),3,Hibernating,1518
TXN-IN-10908,2026-08-30,18,1,MUM-001,Mumbai – Bandra West Linking Rd,Mumbai,West,SKU-SNK-006,Smoked Paneer Tikka Sourdough,Gourmet Food,B,310,105,2,620,0.0,NONE,620.0,410.0,66.13,UPI (GooglePay/PhonePe),5,Champion,2258
TXN-IN-10909,2026-08-13,11,0,BLR-001,Bengaluru – Indiranagar 100ft,Bengaluru,South,SKU-BAKE-004,Butter Flaky Croissant,Artisanal Bakery,B,180,55,1,180,15.0,CAMPAIGN_CODE_PROMO,153.0,98.0,64.05,Debit Card,5,Potential Loyalist,1162
TXN-IN-10910,2026-08-10,13,0,MUM-002,Mumbai – Lower Parel High Street,Mumbai,West,SKU-BEV-003,Nitro Cold Brew Infusion,Specialty Beverages,A,310,90,3,930,10.0,CAMPAIGN_CODE_PROMO,837.0,567.0,67.74,UPI (GooglePay/PhonePe),5,Champion,931
TXN-IN-10911,2026-07-31,20,0,CHN-001,Chennai – Anna Nagar 2nd Avenue,Chennai,South,SKU-SNK-005,Truffle Cheese Mushroom Panini,Gourmet Food,A,340,120,2,680,10.0,CAMPAIGN_CODE_PROMO,612.0,372.0,60.78,Cash,3,Loyal Customer,995
TXN-IN-10912,2026-07-26,19,1,BLR-001,Bengaluru – Indiranagar 100ft,Bengaluru,South,SKU-BEV-003,Nitro Cold Brew Infusion,Specialty Beverages,A,310,90,1,310,0.0,NONE,310.0,220.0,70.97,Cash,5,At Risk,1575
TXN-IN-10913,2026-08-19,17,0,BLR-002,Bengaluru – Koramangala 5th Block,Bengaluru,South,SKU-SNK-005,Truffle Cheese Mushroom Panini,Gourmet Food,A,340,120,1,340,0.0,NONE,340.0,220.0,64.71,UPI (GooglePay/PhonePe),5,Loyal Customer,1268
TXN-IN-10914,2026-07-23,15,0,DEL-001,Delhi – Connaught Place Inner Circle,Delhi,North,SKU-BAKE-004,Butter Flaky Croissant,Artisanal Bakery,B,180,55,2,360,0.0,NONE,360.0,250.0,69.44,Debit Card,1,Potential Loyalist,1548
TXN-IN-10915,2026-08-07,19,0,MUM-002,Mumbai – Lower Parel High Street,Mumbai,West,SKU-DES-007,Classic Tiramisu Cup,Desserts,B,260,85,1,260,0.0,NONE,260.0,175.0,67.31,UPI (GooglePay/PhonePe),5,At Risk,978
TXN-IN-10916,2026-08-15,10,1,DEL-001,Delhi – Connaught Place Inner Circle,Delhi,North,SKU-BEV-002,Monsoon Cinnamon Latte,Specialty Beverages,A,280,80,2,560,0.0,NONE,560.0,400.0,71.43,UPI (GooglePay/PhonePe),5,Champion,2135
TXN-IN-10917,2026-08-07,8,0,CHN-001,Chennai – Anna Nagar 2nd Avenue,Chennai,South,SKU-PKG-008,Eco-Kraft Branded Cup (Carton),Packaging,C,950,620,2,1900,0.0,NONE,1900.0,660.0,34.74,Cash,2,Champion,967
TXN-IN-10918,2026-08-21,18,0,CHN-001,Chennai – Anna Nagar 2nd Avenue,Chennai,South,SKU-BEV-002,Monsoon Cinnamon Latte,Specialty Beverages,A,280,80,1,280,0.0,NONE,280.0,200.0,71.43,UPI (GooglePay/PhonePe),4,Potential Loyalist,1031
TXN-IN-10919,2026-08-11,21,0,MUM-001,Mumbai – Bandra West Linking Rd,Mumbai,West,SKU-BEV-001,Artisanal Cold Brew (350ml),Specialty Beverages,A,240,65,2,480,0.0,NONE,480.0,350.0,72.92,Cash,3,Champion,1663
TXN-IN-10920,2026-07-28,15,0,CHN-001,Chennai – Anna Nagar 2nd Avenue,Chennai,South,SKU-SNK-006,Smoked Paneer Tikka Sourdough,Gourmet Food,B,310,105,4,1240,0.0,NONE,1240.0,820.0,66.13,Credit Card,2,Loyal Customer,1013
TXN-IN-10921,2026-08-04,16,0,CHN-001,Chennai – Anna Nagar 2nd Avenue,Chennai,South,SKU-BEV-002,Monsoon Cinnamon Latte,Specialty Beverages,A,280,80,1,280,0.0,NONE,280.0,200.0,71.43,UPI (GooglePay/PhonePe),4,Loyal Customer,895
TXN-IN-10922,2026-08-08,20,1,CHN-001,Chennai – Anna Nagar 2nd Avenue,Chennai,South,SKU-BEV-001,Artisanal Cold Brew (350ml),Specialty Beverages,A,240,65,3,720,0.0,NONE,720.0,525.0,72.92,UPI (GooglePay/PhonePe),5,Potential Loyalist,1246
TXN-IN-10923,2026-08-08,20,1,DEL-001,Delhi – Connaught Place Inner Circle,Delhi,North,SKU-BEV-002,Monsoon Cinnamon Latte,Specialty Beverages,A,280,80,1,280,0.0,NONE,280.0,200.0,71.43,Credit Card,5,Loyal Customer,1995
TXN-IN-10924,2026-07-25,21,1,CHN-001,Chennai – Anna Nagar 2nd Avenue,Chennai,South,SKU-BEV-003,Nitro Cold Brew Infusion,Specialty Beverages,A,310,90,1,310,15.0,CAMPAIGN_CODE_PROMO,263.5,173.5,65.84,Credit Card,5,Loyal Customer,1238
TXN-IN-10925,2026-08-12,13,0,DEL-002,Delhi – Cyber Hub Gurugram,Delhi NCR,North,SKU-BEV-003,Nitro Cold Brew Infusion,Specialty Beverages,A,310,90,1,310,0.0,NONE,310.0,220.0,70.97,Debit Card,5,Loyal Customer,1131
TXN-IN-10926,2026-07-20,13,0,DEL-001,Delhi – Connaught Place Inner Circle,Delhi,North,SKU-BAKE-004,Butter Flaky Croissant,Artisanal Bakery,B,180,55,1,180,10.0,CAMPAIGN_CODE_PROMO,162.0,107.0,66.05,Credit Card,3,Champion,1470
TXN-IN-10927,2026-08-19,17,0,MUM-002,Mumbai – Lower Parel High Street,Mumbai,West,SKU-BEV-002,Monsoon Cinnamon Latte,Specialty Beverages,A,280,80,1,280,0.0,NONE,280.0,200.0,71.43,UPI (GooglePay/PhonePe),5,Potential Loyalist,1002
TXN-IN-10928,2026-08-21,11,0,DEL-002,Delhi – Cyber Hub Gurugram,Delhi NCR,North,SKU-BEV-003,Nitro Cold Brew Infusion,Specialty Beverages,A,310,90,1,310,5.0,CAMPAIGN_CODE_PROMO,294.5,204.5,69.44,Credit Card,5,Potential Loyalist,1080
TXN-IN-10929,2026-07-23,19,0,DEL-001,Delhi – Connaught Place Inner Circle,Delhi,North,SKU-DES-007,Classic Tiramisu Cup,Desserts,B,260,85,4,1040,0.0,NONE,1040.0,700.0,67.31,Credit Card,5,Champion,1529
TXN-IN-10930,2026-08-04,19,0,BLR-002,Bengaluru – Koramangala 5th Block,Bengaluru,South,SKU-BEV-003,Nitro Cold Brew Infusion,Specialty Beverages,A,310,90,1,310,0.0,NONE,310.0,220.0,70.97,UPI (GooglePay/PhonePe),4,Loyal Customer,1321
TXN-IN-10931,2026-09-03,20,0,BLR-017,Bengaluru – JP Nagar (Outlet 17),Bengaluru,South,SKU-BEV-003,Nitro Cold Brew Infusion,Specialty Beverages,A,310,90,1,310,5.0,CAMPAIGN_CODE_PROMO,294.5,204.5,69.44,UPI (GooglePay/PhonePe),5,Loyal Customer,1389
TXN-IN-10932,2026-07-29,11,0,DEL-002,Delhi – Cyber Hub Gurugram,Delhi NCR,North,SKU-BEV-001,Artisanal Cold Brew (350ml),Specialty Beverages,A,240,65,2,480,10.0,CAMPAIGN_CODE_PROMO,432.0,302.0,69.91,Cash,5,Potential Loyalist,1079
TXN-IN-10933,2026-08-03,17,0,DEL-001,Delhi – Connaught Place Inner Circle,Delhi,North,SKU-DES-007,Classic Tiramisu Cup,Desserts,B,260,85,1,260,0.0,NONE,260.0,175.0,67.31,Credit Card,5,Loyal Customer,1509
TXN-IN-10934,2026-09-03,9,0,DEL-002,Delhi – Cyber Hub Gurugram,Delhi NCR,North,SKU-BAKE-004,Butter Flaky Croissant,Artisanal Bakery,B,180,55,1,180,5.0,CAMPAIGN_CODE_PROMO,171.0,116.0,67.84,Credit Card,5,Loyal Customer,1175
TXN-IN-10935,2026-07-26,17,1,DEL-002,Delhi – Cyber Hub Gurugram,Delhi NCR,North,SKU-BEV-003,Nitro Cold Brew Infusion,Specialty Beverages,A,310,90,1,310,0.0,NONE,310.0,220.0,70.97,UPI (GooglePay/PhonePe),5,Champion,1546
TXN-IN-10936,2026-07-28,14,0,DEL-001,Delhi – Connaught Place Inner Circle,Delhi,North,SKU-SNK-006,Smoked Paneer Tikka Sourdough,Gourmet Food,B,310,105,2,620,0.0,NONE,620.0,410.0,66.13,Cash,4,Champion,1490
TXN-IN-10937,2026-08-02,11,1,DEL-002,Delhi – Cyber Hub Gurugram,Delhi NCR,North,SKU-BEV-002,Monsoon Cinnamon Latte,Specialty Beverages,A,280,80,3,840,0.0,NONE,840.0,600.0,71.43,UPI (GooglePay/PhonePe),5,Hibernating,1572
TXN-IN-10938,2026-08-01,10,1,MUM-001,Mumbai – Bandra West Linking Rd,Mumbai,West,SKU-PKG-008,Eco-Kraft Branded Cup (Carton),Packaging,C,950,620,3,2850,0.0,NONE,2850.0,990.0,34.74,Credit Card,5,Loyal Customer,2341
TXN-IN-10939,2026-08-01,12,1,CHN-001,Chennai – Anna Nagar 2nd Avenue,Chennai,South,SKU-BEV-003,Nitro Cold Brew Infusion,Specialty Beverages,A,310,90,1,310,0.0,NONE,310.0,220.0,70.97,Credit Card,3,Potential Loyalist,1305
TXN-IN-10940,2026-08-11,11,0,DEL-001,Delhi – Connaught Place Inner Circle,Delhi,North,SKU-PKG-008,Eco-Kraft Branded Cup (Carton),Packaging,C,950,620,2,1900,0.0,NONE,1900.0,660.0,34.74,Debit Card,5,Hibernating,1548
TXN-IN-10941,2026-07-21,11,0,BLR-002,Bengaluru – Koramangala 5th Block,Bengaluru,South,SKU-SNK-005,Truffle Cheese Mushroom Panini,Gourmet Food,A,340,120,2,680,15.0,CAMPAIGN_CODE_PROMO,578.0,338.0,58.48,UPI (GooglePay/PhonePe),4,Potential Loyalist,1389
TXN-IN-10942,2026-08-14,19,0,HYD-001,Hyderabad – Hitec City Cyber Towers,Hyderabad,South,SKU-BEV-002,Monsoon Cinnamon Latte,Specialty Beverages,A,280,80,1,280,0.0,NONE,280.0,200.0,71.43,Debit Card,5,Loyal Customer,1357
TXN-IN-10943,2026-07-20,8,0,BLR-002,Bengaluru – Koramangala 5th Block,Bengaluru,South,SKU-BAKE-004,Butter Flaky Croissant,Artisanal Bakery,B,180,55,2,360,0.0,NONE,360.0,250.0,69.44,Cash,5,Potential Loyalist,1334
TXN-IN-10944,2026-08-05,13,0,MUM-002,Mumbai – Lower Parel High Street,Mumbai,West,SKU-BAKE-004,Butter Flaky Croissant,Artisanal Bakery,B,180,55,1,180,5.0,CAMPAIGN_CODE_PROMO,171.0,116.0,67.84,UPI (GooglePay/PhonePe),5,Loyal Customer,1063
TXN-IN-10945,2026-07-29,19,0,MUM-002,Mumbai – Lower Parel High Street,Mumbai,West,SKU-BEV-003,Nitro Cold Brew Infusion,Specialty Beverages,A,310,90,1,310,0.0,NONE,310.0,220.0,70.97,UPI (GooglePay/PhonePe),1,Champion,929
TXN-IN-10946,2026-07-20,21,0,DEL-001,Delhi – Connaught Place Inner Circle,Delhi,North,SKU-SNK-006,Smoked Paneer Tikka Sourdough,Gourmet Food,B,310,105,1,310,0.0,NONE,310.0,205.0,66.13,Credit Card,4,Loyal Customer,1576
TXN-IN-10947,2026-08-07,8,0,DEL-001,Delhi – Connaught Place Inner Circle,Delhi,North,SKU-BEV-001,Artisanal Cold Brew (350ml),Specialty Beverages,A,240,65,2,480,0.0,NONE,480.0,350.0,72.92,Credit Card,5,Hibernating,1557
TXN-IN-10948,2026-08-31,13,0,BLR-017,Bengaluru – JP Nagar (Outlet 17),Bengaluru,South,SKU-DES-007,Classic Tiramisu Cup,Desserts,B,260,85,3,780,0.0,NONE,780.0,525.0,67.31,UPI (GooglePay/PhonePe),4,Champion,1408
TXN-IN-10949,2026-08-02,19,1,DEL-002,Delhi – Cyber Hub Gurugram,Delhi NCR,North,SKU-BEV-003,Nitro Cold Brew Infusion,Specialty Beverages,A,310,90,1,310,0.0,NONE,310.0,220.0,70.97,UPI (GooglePay/PhonePe),3,Champion,1451
TXN-IN-10950,2026-08-18,17,0,BLR-002,Bengaluru – Koramangala 5th Block,Bengaluru,South,SKU-BEV-003,Nitro Cold Brew Infusion,Specialty Beverages,A,310,90,1,310,0.0,NONE,310.0,220.0,70.97,Credit Card,5,Champion,1245
TXN-IN-10951,2026-08-14,15,0,MUM-001,Mumbai – Bandra West Linking Rd,Mumbai,West,SKU-BEV-002,Monsoon Cinnamon Latte,Specialty Beverages,A,280,80,1,280,0.0,NONE,280.0,200.0,71.43,Debit Card,5,Loyal Customer,1756
TXN-IN-10952,2026-07-20,11,0,BLR-017,Bengaluru – JP Nagar (Outlet 17),Bengaluru,South,SKU-DES-007,Classic Tiramisu Cup,Desserts,B,260,85,1,260,25.0,OVERRIDE_MGR_01,195.0,110.0,56.41,UPI (GooglePay/PhonePe),2,Loyal Customer,1500
TXN-IN-10953,2026-08-27,11,0,BLR-001,Bengaluru – Indiranagar 100ft,Bengaluru,South,SKU-BEV-001,Artisanal Cold Brew (350ml),Specialty Beverages,A,240,65,4,960,0.0,NONE,960.0,700.0,72.92,Credit Card,3,Champion,1105
TXN-IN-10954,2026-08-19,16,0,HYD-001,Hyderabad – Hitec City Cyber Towers,Hyderabad,South,SKU-BEV-003,Nitro Cold Brew Infusion,Specialty Beverages,A,310,90,1,310,0.0,NONE,310.0,220.0,70.97,Cash,4,Potential Loyalist,1341
TXN-IN-10955,2026-07-21,11,0,BLR-001,Bengaluru – Indiranagar 100ft,Bengaluru,South,SKU-BEV-002,Monsoon Cinnamon Latte,Specialty Beverages,A,280,80,1,280,0.0,NONE,280.0,200.0,71.43,Debit Card,5,At Risk,1076
TXN-IN-10956,2026-08-03,18,0,DEL-002,Delhi – Cyber Hub Gurugram,Delhi NCR,North,SKU-DES-007,Classic Tiramisu Cup,Desserts,B,260,85,1,260,0.0,NONE,260.0,175.0,67.31,Debit Card,4,Potential Loyalist,1048
TXN-IN-10957,2026-08-20,21,0,BLR-002,Bengaluru – Koramangala 5th Block,Bengaluru,South,SKU-BEV-002,Monsoon Cinnamon Latte,Specialty Beverages,A,280,80,1,280,0.0,NONE,280.0,200.0,71.43,UPI (GooglePay/PhonePe),4,Champion,1221
TXN-IN-10958,2026-07-22,14,0,BLR-002,Bengaluru – Koramangala 5th Block,Bengaluru,South,SKU-BEV-003,Nitro Cold Brew Infusion,Specialty Beverages,A,310,90,1,310,0.0,NONE,310.0,220.0,70.97,Debit Card,5,Potential Loyalist,1277
TXN-IN-10959,2026-08-28,13,0,MUM-002,Mumbai – Lower Parel High Street,Mumbai,West,SKU-SNK-006,Smoked Paneer Tikka Sourdough,Gourmet Food,B,310,105,3,930,0.0,NONE,930.0,615.0,66.13,Credit Card,2,At Risk,1082
TXN-IN-10960,2026-07-24,12,0,BLR-001,Bengaluru – Indiranagar 100ft,Bengaluru,South,SKU-BEV-003,Nitro Cold Brew Infusion,Specialty Beverages,A,310,90,2,620,10.0,CAMPAIGN_CODE_PROMO,558.0,378.0,67.74,Debit Card,4,Champion,1179
TXN-IN-10961,2026-08-06,11,0,BLR-002,Bengaluru – Koramangala 5th Block,Bengaluru,South,SKU-BEV-002,Monsoon Cinnamon Latte,Specialty Beverages,A,280,80,1,280,0.0,NONE,280.0,200.0,71.43,Credit Card,5,Loyal Customer,1377
TXN-IN-10962,2026-08-15,18,1,DEL-001,Delhi – Connaught Place Inner Circle,Delhi,North,SKU-BEV-003,Nitro Cold Brew Infusion,Specialty Beverages,A,310,90,2,620,0.0,NONE,620.0,440.0,70.97,Debit Card,5,Loyal Customer,2071
TXN-IN-10963,2026-08-23,18,1,CHN-001,Chennai – Anna Nagar 2nd Avenue,Chennai,South,SKU-BAKE-004,Butter Flaky Croissant,Artisanal Bakery,B,180,55,1,180,0.0,NONE,180.0,125.0,69.44,Cash,4,At Risk,1218
TXN-IN-10964,2026-09-02,12,0,BLR-017,Bengaluru – JP Nagar (Outlet 17),Bengaluru,South,SKU-BAKE-004,Butter Flaky Croissant,Artisanal Bakery,B,180,55,1,180,0.0,NONE,180.0,125.0,69.44,Debit Card,2,Hibernating,1355
TXN-IN-10965,2026-08-11,12,0,DEL-001,Delhi – Connaught Place Inner Circle,Delhi,North,SKU-BEV-003,Nitro Cold Brew Infusion,Specialty Beverages,A,310,90,1,310,0.0,NONE,310.0,220.0,70.97,Debit Card,5,At Risk,1434
TXN-IN-10966,2026-07-28,9,0,BLR-017,Bengaluru – JP Nagar (Outlet 17),Bengaluru,South,SKU-BEV-003,Nitro Cold Brew Infusion,Specialty Beverages,A,310,90,1,310,0.0,NONE,310.0,220.0,70.97,UPI (GooglePay/PhonePe),4,Champion,1492
TXN-IN-10967,2026-07-30,10,0,BLR-001,Bengaluru – Indiranagar 100ft,Bengaluru,South,SKU-BEV-003,Nitro Cold Brew Infusion,Specialty Beverages,A,310,90,1,310,15.0,CAMPAIGN_CODE_PROMO,263.5,173.5,65.84,Debit Card,5,Champion,1260
TXN-IN-10968,2026-07-28,19,0,CHN-001,Chennai – Anna Nagar 2nd Avenue,Chennai,South,SKU-SNK-005,Truffle Cheese Mushroom Panini,Gourmet Food,A,340,120,1,340,0.0,NONE,340.0,220.0,64.71,UPI (GooglePay/PhonePe),5,Champion,1004
TXN-IN-10969,2026-07-22,20,0,BLR-002,Bengaluru – Koramangala 5th Block,Bengaluru,South,SKU-BEV-003,Nitro Cold Brew Infusion,Specialty Beverages,A,310,90,1,310,0.0,NONE,310.0,220.0,70.97,Debit Card,5,At Risk,1346
TXN-IN-10970,2026-08-21,12,0,MUM-002,Mumbai – Lower Parel High Street,Mumbai,West,SKU-BAKE-004,Butter Flaky Croissant,Artisanal Bakery,B,180,55,1,180,0.0,NONE,180.0,125.0,69.44,Cash,5,Hibernating,1090
TXN-IN-10971,2026-08-02,12,1,DEL-002,Delhi – Cyber Hub Gurugram,Delhi NCR,North,SKU-BEV-001,Artisanal Cold Brew (350ml),Specialty Beverages,A,240,65,1,240,0.0,NONE,240.0,175.0,72.92,Cash,4,Champion,1582
TXN-IN-10972,2026-08-18,15,0,HYD-001,Hyderabad – Hitec City Cyber Towers,Hyderabad,South,SKU-SNK-006,Smoked Paneer Tikka Sourdough,Gourmet Food,B,310,105,2,620,0.0,NONE,620.0,410.0,66.13,UPI (GooglePay/PhonePe),4,Potential Loyalist,1359
TXN-IN-10973,2026-08-06,18,0,BLR-017,Bengaluru – JP Nagar (Outlet 17),Bengaluru,South,SKU-BEV-002,Monsoon Cinnamon Latte,Specialty Beverages,A,280,80,1,280,10.0,CAMPAIGN_CODE_PROMO,252.0,172.0,68.25,UPI (GooglePay/PhonePe),5,Champion,1492
TXN-IN-10974,2026-07-20,18,0,MUM-002,Mumbai – Lower Parel High Street,Mumbai,West,SKU-BAKE-004,Butter Flaky Croissant,Artisanal Bakery,B,180,55,2,360,10.0,CAMPAIGN_CODE_PROMO,324.0,214.0,66.05,UPI (GooglePay/PhonePe),1,Loyal Customer,1044
TXN-IN-10975,2026-08-19,21,0,BLR-001,Bengaluru – Indiranagar 100ft,Bengaluru,South,SKU-BEV-001,Artisanal Cold Brew (350ml),Specialty Beverages,A,240,65,1,240,10.0,CAMPAIGN_CODE_PROMO,216.0,151.0,69.91,Credit Card,2,Loyal Customer,1150
TXN-IN-10976,2026-08-14,11,0,DEL-001,Delhi – Connaught Place Inner Circle,Delhi,North,SKU-BEV-003,Nitro Cold Brew Infusion,Specialty Beverages,A,310,90,2,620,0.0,NONE,620.0,440.0,70.97,Cash,5,At Risk,1458
TXN-IN-10977,2026-07-21,20,0,DEL-002,Delhi – Cyber Hub Gurugram,Delhi NCR,North,SKU-PKG-008,Eco-Kraft Branded Cup (Carton),Packaging,C,950,620,2,1900,0.0,NONE,1900.0,660.0,34.74,UPI (GooglePay/PhonePe),4,Champion,1180
TXN-IN-10978,2026-07-25,18,1,MUM-001,Mumbai – Bandra West Linking Rd,Mumbai,West,SKU-BAKE-004,Butter Flaky Croissant,Artisanal Bakery,B,180,55,2,360,0.0,NONE,360.0,250.0,69.44,UPI (GooglePay/PhonePe),1,Loyal Customer,2333
TXN-IN-10979,2026-08-27,11,0,CHN-001,Chennai – Anna Nagar 2nd Avenue,Chennai,South,SKU-SNK-006,Smoked Paneer Tikka Sourdough,Gourmet Food,B,310,105,1,310,0.0,NONE,310.0,205.0,66.13,Cash,3,Loyal Customer,1022
TXN-IN-10980,2026-09-01,18,0,DEL-002,Delhi – Cyber Hub Gurugram,Delhi NCR,North,SKU-BAKE-004,Butter Flaky Croissant,Artisanal Bakery,B,180,55,1,180,5.0,CAMPAIGN_CODE_PROMO,171.0,116.0,67.84,Cash,4,Loyal Customer,1023
TXN-IN-10981,2026-07-29,16,0,MUM-002,Mumbai – Lower Parel High Street,Mumbai,West,SKU-BEV-002,Monsoon Cinnamon Latte,Specialty Beverages,A,280,80,1,280,0.0,NONE,280.0,200.0,71.43,Credit Card,5,Loyal Customer,993
TXN-IN-10982,2026-08-11,19,0,BLR-017,Bengaluru – JP Nagar (Outlet 17),Bengaluru,South,SKU-BEV-002,Monsoon Cinnamon Latte,Specialty Beverages,A,280,80,1,280,25.0,OVERRIDE_MGR_01,210.0,130.0,61.9,Debit Card,2,Loyal Customer,1375
TXN-IN-10983,2026-07-27,13,0,HYD-001,Hyderabad – Hitec City Cyber Towers,Hyderabad,South,SKU-BEV-001,Artisanal Cold Brew (350ml),Specialty Beverages,A,240,65,1,240,0.0,NONE,240.0,175.0,72.92,Cash,3,Champion,1403
TXN-IN-10984,2026-08-21,15,0,DEL-001,Delhi – Connaught Place Inner Circle,Delhi,North,SKU-SNK-006,Smoked Paneer Tikka Sourdough,Gourmet Food,B,310,105,1,310,0.0,NONE,310.0,205.0,66.13,UPI (GooglePay/PhonePe),4,Potential Loyalist,1609
TXN-IN-10985,2026-08-04,11,0,CHN-001,Chennai – Anna Nagar 2nd Avenue,Chennai,South,SKU-BEV-001,Artisanal Cold Brew (350ml),Specialty Beverages,A,240,65,1,240,0.0,NONE,240.0,175.0,72.92,Cash,5,Champion,939
TXN-IN-10986,2026-08-18,18,0,BLR-017,Bengaluru – JP Nagar (Outlet 17),Bengaluru,South,SKU-SNK-006,Smoked Paneer Tikka Sourdough,Gourmet Food,B,310,105,1,310,0.0,NONE,310.0,205.0,66.13,UPI (GooglePay/PhonePe),5,Champion,1441
TXN-IN-10987,2026-08-16,13,1,MUM-001,Mumbai – Bandra West Linking Rd,Mumbai,West,SKU-DES-007,Classic Tiramisu Cup,Desserts,B,260,85,1,260,0.0,NONE,260.0,175.0,67.31,Debit Card,5,Potential Loyalist,2176
TXN-IN-10988,2026-08-06,21,0,HYD-001,Hyderabad – Hitec City Cyber Towers,Hyderabad,South,SKU-BEV-001,Artisanal Cold Brew (350ml),Specialty Beverages,A,240,65,1,240,5.0,CAMPAIGN_CODE_PROMO,228.0,163.0,71.49,Credit Card,5,Hibernating,1508
TXN-IN-10989,2026-08-13,22,0,BLR-001,Bengaluru – Indiranagar 100ft,Bengaluru,South,SKU-SNK-006,Smoked Paneer Tikka Sourdough,Gourmet Food,B,310,105,2,620,0.0,NONE,620.0,410.0,66.13,UPI (GooglePay/PhonePe),3,Hibernating,1245
TXN-IN-10990,2026-08-16,10,1,MUM-002,Mumbai – Lower Parel High Street,Mumbai,West,SKU-SNK-005,Truffle Cheese Mushroom Panini,Gourmet Food,A,340,120,2,680,10.0,CAMPAIGN_CODE_PROMO,612.0,372.0,60.78,UPI (GooglePay/PhonePe),5,Potential Loyalist,1350
TXN-IN-10991,2026-08-22,10,1,MUM-001,Mumbai – Bandra West Linking Rd,Mumbai,West,SKU-SNK-005,Truffle Cheese Mushroom Panini,Gourmet Food,A,340,120,1,340,0.0,NONE,340.0,220.0,64.71,Debit Card,5,Potential Loyalist,2189
TXN-IN-10992,2026-08-01,17,1,DEL-001,Delhi – Connaught Place Inner Circle,Delhi,North,SKU-DES-007,Classic Tiramisu Cup,Desserts,B,260,85,1,260,0.0,NONE,260.0,175.0,67.31,Debit Card,5,Potential Loyalist,2044
TXN-IN-10993,2026-07-20,18,0,CHN-001,Chennai – Anna Nagar 2nd Avenue,Chennai,South,SKU-BAKE-004,Butter Flaky Croissant,Artisanal Bakery,B,180,55,1,180,0.0,NONE,180.0,125.0,69.44,Credit Card,4,At Risk,1027
TXN-IN-10994,2026-08-09,21,1,BLR-001,Bengaluru – Indiranagar 100ft,Bengaluru,South,SKU-BEV-003,Nitro Cold Brew Infusion,Specialty Beverages,A,310,90,3,930,0.0,NONE,930.0,660.0,70.97,Credit Card,5,Hibernating,1576
TXN-IN-10995,2026-08-05,21,0,CHN-001,Chennai – Anna Nagar 2nd Avenue,Chennai,South,SKU-BEV-001,Artisanal Cold Brew (350ml),Specialty Beverages,A,240,65,4,960,0.0,NONE,960.0,700.0,72.92,Debit Card,4,Loyal Customer,849
TXN-IN-10996,2026-08-02,19,1,MUM-001,Mumbai – Bandra West Linking Rd,Mumbai,West,SKU-DES-007,Classic Tiramisu Cup,Desserts,B,260,85,2,520,0.0,NONE,520.0,350.0,67.31,UPI (GooglePay/PhonePe),5,Hibernating,2320
TXN-IN-10997,2026-08-25,8,0,BLR-001,Bengaluru – Indiranagar 100ft,Bengaluru,South,SKU-SNK-006,Smoked Paneer Tikka Sourdough,Gourmet Food,B,310,105,2,620,0.0,NONE,620.0,410.0,66.13,Cash,4,Champion,1197
TXN-IN-10998,2026-08-30,14,1,HYD-001,Hyderabad – Hitec City Cyber Towers,Hyderabad,South,SKU-DES-007,Classic Tiramisu Cup,Desserts,B,260,85,1,260,0.0,NONE,260.0,175.0,67.31,Cash,1,Loyal Customer,1841
TXN-IN-10999,2026-08-18,18,0,DEL-002,Delhi – Cyber Hub Gurugram,Delhi NCR,North,SKU-SNK-006,Smoked Paneer Tikka Sourdough,Gourmet Food,B,310,105,1,310,0.0,NONE,310.0,205.0,66.13,Debit Card,5,Potential Loyalist,1194
TXN-IN-11000,2026-08-16,20,1,MUM-002,Mumbai – Lower Parel High Street,Mumbai,West,SKU-BEV-002,Monsoon Cinnamon Latte,Specialty Beverages,A,280,80,4,1120,15.0,CAMPAIGN_CODE_PROMO,952.0,632.0,66.39,UPI (GooglePay/PhonePe),4,Loyal Customer,1370
TXN-IN-11001,2026-08-28,17,0,CHN-001,Chennai – Anna Nagar 2nd Avenue,Chennai,South,SKU-BEV-002,Monsoon Cinnamon Latte,Specialty Beverages,A,280,80,2,560,0.0,NONE,560.0,400.0,71.43,Credit Card,3,Champion,1038
TXN-IN-11002,2026-08-18,20,0,CHN-001,Chennai – Anna Nagar 2nd Avenue,Chennai,South,SKU-DES-007,Classic Tiramisu Cup,Desserts,B,260,85,1,260,0.0,NONE,260.0,175.0,67.31,Credit Card,2,At Risk,945
TXN-IN-11003,2026-08-30,19,1,DEL-002,Delhi – Cyber Hub Gurugram,Delhi NCR,North,SKU-BEV-001,Artisanal Cold Brew (350ml),Specialty Beverages,A,240,65,3,720,0.0,NONE,720.0,525.0,72.92,Credit Card,3,Loyal Customer,1511
TXN-IN-11004,2026-09-01,15,0,MUM-001,Mumbai – Bandra West Linking Rd,Mumbai,West,SKU-BEV-001,Artisanal Cold Brew (350ml),Specialty Beverages,A,240,65,3,720,5.0,CAMPAIGN_CODE_PROMO,684.0,489.0,71.49,Credit Card,4,Loyal Customer,1759
TXN-IN-11005,2026-08-27,18,0,DEL-001,Delhi – Connaught Place Inner Circle,Delhi,North,SKU-SNK-006,Smoked Paneer Tikka Sourdough,Gourmet Food,B,310,105,1,310,0.0,NONE,310.0,205.0,66.13,Cash,1,Champion,1584
TXN-IN-11006,2026-08-14,18,0,BLR-001,Bengaluru – Indiranagar 100ft,Bengaluru,South,SKU-DES-007,Classic Tiramisu Cup,Desserts,B,260,85,1,260,0.0,NONE,260.0,175.0,67.31,UPI (GooglePay/PhonePe),5,Loyal Customer,1110
TXN-IN-11007,2026-08-16,11,1,MUM-001,Mumbai – Bandra West Linking Rd,Mumbai,West,SKU-BEV-002,Monsoon Cinnamon Latte,Specialty Beverages,A,280,80,2,560,15.0,CAMPAIGN_CODE_PROMO,476.0,316.0,66.39,Debit Card,4,Potential Loyalist,2213
TXN-IN-11008,2026-08-24,11,0,BLR-002,Bengaluru – Koramangala 5th Block,Bengaluru,South,SKU-SNK-006,Smoked Paneer Tikka Sourdough,Gourmet Food,B,310,105,1,310,0.0,NONE,310.0,205.0,66.13,Cash,5,Potential Loyalist,1339
TXN-IN-11009,2026-07-25,11,1,DEL-002,Delhi – Cyber Hub Gurugram,Delhi NCR,North,SKU-BEV-001,Artisanal Cold Brew (350ml),Specialty Beverages,A,240,65,2,480,0.0,NONE,480.0,350.0,72.92,Credit Card,5,Potential Loyalist,1461
TXN-IN-11010,2026-08-08,20,1,MUM-001,Mumbai – Bandra West Linking Rd,Mumbai,West,SKU-BAKE-004,Butter Flaky Croissant,Artisanal Bakery,B,180,55,2,360,0.0,NONE,360.0,250.0,69.44,Credit Card,4,Loyal Customer,2183
TXN-IN-11011,2026-08-29,21,1,BLR-001,Bengaluru – Indiranagar 100ft,Bengaluru,South,SKU-BEV-002,Monsoon Cinnamon Latte,Specialty Beverages,A,280,80,1,280,5.0,CAMPAIGN_CODE_PROMO,266.0,186.0,69.92,Credit Card,5,Champion,1491
TXN-IN-11012,2026-08-20,17,0,DEL-001,Delhi – Connaught Place Inner Circle,Delhi,North,SKU-BAKE-004,Butter Flaky Croissant,Artisanal Bakery,B,180,55,1,180,5.0,CAMPAIGN_CODE_PROMO,171.0,116.0,67.84,Debit Card,2,Champion,1595
TXN-IN-11013,2026-08-15,16,1,DEL-002,Delhi – Cyber Hub Gurugram,Delhi NCR,North,SKU-SNK-006,Smoked Paneer Tikka Sourdough,Gourmet Food,B,310,105,2,620,0.0,NONE,620.0,410.0,66.13,Credit Card,5,Champion,1550
TXN-IN-11014,2026-08-29,22,1,BLR-001,Bengaluru – Indiranagar 100ft,Bengaluru,South,SKU-BEV-002,Monsoon Cinnamon Latte,Specialty Beverages,A,280,80,4,1120,0.0,NONE,1120.0,800.0,71.43,Cash,5,Champion,1605
TXN-IN-11015,2026-08-05,17,0,BLR-017,Bengaluru – JP Nagar (Outlet 17),Bengaluru,South,SKU-BAKE-004,Butter Flaky Croissant,Artisanal Bakery,B,180,55,2,360,0.0,NONE,360.0,250.0,69.44,UPI (GooglePay/PhonePe),3,Champion,1395
TXN-IN-11016,2026-07-21,19,0,DEL-001,Delhi – Connaught Place Inner Circle,Delhi,North,SKU-BEV-003,Nitro Cold Brew Infusion,Specialty Beverages,A,310,90,1,310,0.0,NONE,310.0,220.0,70.97,Credit Card,5,Champion,1443
TXN-IN-11017,2026-08-11,20,0,CHN-001,Chennai – Anna Nagar 2nd Avenue,Chennai,South,SKU-SNK-005,Truffle Cheese Mushroom Panini,Gourmet Food,A,340,120,1,340,0.0,NONE,340.0,220.0,64.71,Debit Card,3,Loyal Customer,890
TXN-IN-11018,2026-09-01,19,0,MUM-002,Mumbai – Lower Parel High Street,Mumbai,West,SKU-DES-007,Classic Tiramisu Cup,Desserts,B,260,85,1,260,0.0,NONE,260.0,175.0,67.31,UPI (GooglePay/PhonePe),4,Hibernating,1024
TXN-IN-11019,2026-08-16,13,1,HYD-001,Hyderabad – Hitec City Cyber Towers,Hyderabad,South,SKU-DES-007,Classic Tiramisu Cup,Desserts,B,260,85,2,520,0.0,NONE,520.0,350.0,67.31,UPI (GooglePay/PhonePe),4,Loyal Customer,1941
TXN-IN-11020,2026-08-11,20,0,DEL-001,Delhi – Connaught Place Inner Circle,Delhi,North,SKU-BEV-002,Monsoon Cinnamon Latte,Specialty Beverages,A,280,80,1,280,0.0,NONE,280.0,200.0,71.43,Credit Card,5,Loyal Customer,1585
TXN-IN-11021,2026-08-22,12,1,DEL-001,Delhi – Connaught Place Inner Circle,Delhi,North,SKU-DES-007,Classic Tiramisu Cup,Desserts,B,260,85,1,260,0.0,NONE,260.0,175.0,67.31,UPI (GooglePay/PhonePe),5,Champion,2113
TXN-IN-11022,2026-08-12,11,0,DEL-001,Delhi – Connaught Place Inner Circle,Delhi,North,SKU-BEV-003,Nitro Cold Brew Infusion,Specialty Beverages,A,310,90,2,620,0.0,NONE,620.0,440.0,70.97,UPI (GooglePay/PhonePe),4,Champion,1565
TXN-IN-11023,2026-08-09,18,1,MUM-001,Mumbai – Bandra West Linking Rd,Mumbai,West,SKU-BEV-002,Monsoon Cinnamon Latte,Specialty Beverages,A,280,80,1,280,0.0,NONE,280.0,200.0,71.43,UPI (GooglePay/PhonePe),5,Potential Loyalist,2318
TXN-IN-11024,2026-07-24,14,0,DEL-002,Delhi – Cyber Hub Gurugram,Delhi NCR,North,SKU-DES-007,Classic Tiramisu Cup,Desserts,B,260,85,1,260,0.0,NONE,260.0,175.0,67.31,Debit Card,5,Hibernating,1127
TXN-IN-11025,2026-07-27,14,0,BLR-017,Bengaluru – JP Nagar (Outlet 17),Bengaluru,South,SKU-PKG-008,Eco-Kraft Branded Cup (Carton),Packaging,C,950,620,1,950,25.0,OVERRIDE_MGR_01,712.5,92.5,12.98,Cash,5,Potential Loyalist,1487
TXN-IN-11026,2026-07-20,21,0,HYD-001,Hyderabad – Hitec City Cyber Towers,Hyderabad,South,SKU-SNK-005,Truffle Cheese Mushroom Panini,Gourmet Food,A,340,120,1,340,15.0,CAMPAIGN_CODE_PROMO,289.0,169.0,58.48,Cash,5,Potential Loyalist,1327
TXN-IN-11027,2026-08-19,13,0,BLR-017,Bengaluru – JP Nagar (Outlet 17),Bengaluru,South,SKU-DES-007,Classic Tiramisu Cup,Desserts,B,260,85,2,520,0.0,NONE,520.0,350.0,67.31,Cash,4,Loyal Customer,1352
TXN-IN-11028,2026-08-14,18,0,MUM-002,Mumbai – Lower Parel High Street,Mumbai,West,SKU-PKG-008,Eco-Kraft Branded Cup (Carton),Packaging,C,950,620,1,950,0.0,NONE,950.0,330.0,34.74,Credit Card,2,Champion,957
TXN-IN-11029,2026-07-23,14,0,BLR-001,Bengaluru – Indiranagar 100ft,Bengaluru,South,SKU-BEV-003,Nitro Cold Brew Infusion,Specialty Beverages,A,310,90,1,310,0.0,NONE,310.0,220.0,70.97,Debit Card,5,Champion,1255
TXN-IN-11030,2026-08-12,20,0,CHN-001,Chennai – Anna Nagar 2nd Avenue,Chennai,South,SKU-BEV-001,Artisanal Cold Brew (350ml),Specialty Beverages,A,240,65,3,720,0.0,NONE,720.0,525.0,72.92,UPI (GooglePay/PhonePe),5,Hibernating,859
TXN-IN-11031,2026-08-05,12,0,DEL-001,Delhi – Connaught Place Inner Circle,Delhi,North,SKU-DES-007,Classic Tiramisu Cup,Desserts,B,260,85,1,260,10.0,CAMPAIGN_CODE_PROMO,234.0,149.0,63.68,UPI (GooglePay/PhonePe),5,At Risk,1612
TXN-IN-11032,2026-08-26,17,0,DEL-002,Delhi – Cyber Hub Gurugram,Delhi NCR,North,SKU-PKG-008,Eco-Kraft Branded Cup (Carton),Packaging,C,950,620,2,1900,0.0,NONE,1900.0,660.0,34.74,Debit Card,4,Hibernating,1102
TXN-IN-11033,2026-08-19,13,0,MUM-001,Mumbai – Bandra West Linking Rd,Mumbai,West,SKU-BEV-002,Monsoon Cinnamon Latte,Specialty Beverages,A,280,80,1,280,15.0,CAMPAIGN_CODE_PROMO,238.0,158.0,66.39,UPI (GooglePay/PhonePe),4,Potential Loyalist,1622
TXN-IN-11034,2026-09-02,10,0,BLR-017,Bengaluru – JP Nagar (Outlet 17),Bengaluru,South,SKU-BEV-002,Monsoon Cinnamon Latte,Specialty Beverages,A,280,80,4,1120,25.0,OVERRIDE_MGR_01,840.0,520.0,61.9,UPI (GooglePay/PhonePe),4,Loyal Customer,1427
TXN-IN-11035,2026-08-02,13,1,CHN-001,Chennai – Anna Nagar 2nd Avenue,Chennai,South,SKU-SNK-006,Smoked Paneer Tikka Sourdough,Gourmet Food,B,310,105,2,620,0.0,NONE,620.0,410.0,66.13,UPI (GooglePay/PhonePe),4,Champion,1195
TXN-IN-11036,2026-08-03,20,0,DEL-001,Delhi – Connaught Place Inner Circle,Delhi,North,SKU-DES-007,Classic Tiramisu Cup,Desserts,B,260,85,4,1040,0.0,NONE,1040.0,700.0,67.31,Debit Card,5,Loyal Customer,1462
TXN-IN-11037,2026-09-01,20,0,MUM-002,Mumbai – Lower Parel High Street,Mumbai,West,SKU-BEV-002,Monsoon Cinnamon Latte,Specialty Beverages,A,280,80,1,280,0.0,NONE,280.0,200.0,71.43,UPI (GooglePay/PhonePe),5,Loyal Customer,968
TXN-IN-11038,2026-07-21,11,0,HYD-001,Hyderabad – Hitec City Cyber Towers,Hyderabad,South,SKU-PKG-008,Eco-Kraft Branded Cup (Carton),Packaging,C,950,620,1,950,0.0,NONE,950.0,330.0,34.74,Credit Card,5,Champion,1438
TXN-IN-11039,2026-08-16,13,1,CHN-001,Chennai – Anna Nagar 2nd Avenue,Chennai,South,SKU-SNK-006,Smoked Paneer Tikka Sourdough,Gourmet Food,B,310,105,1,310,15.0,CAMPAIGN_CODE_PROMO,263.5,158.5,60.15,Debit Card,4,Loyal Customer,1237
TXN-IN-11040,2026-08-01,17,1,DEL-002,Delhi – Cyber Hub Gurugram,Delhi NCR,North,SKU-BEV-003,Nitro Cold Brew Infusion,Specialty Beverages,A,310,90,2,620,0.0,NONE,620.0,440.0,70.97,Debit Card,5,Champion,1468
TXN-IN-11041,2026-07-27,9,0,MUM-001,Mumbai – Bandra West Linking Rd,Mumbai,West,SKU-BEV-002,Monsoon Cinnamon Latte,Specialty Beverages,A,280,80,1,280,0.0,NONE,280.0,200.0,71.43,UPI (GooglePay/PhonePe),5,Loyal Customer,1728
TXN-IN-11042,2026-09-02,12,0,DEL-002,Delhi – Cyber Hub Gurugram,Delhi NCR,North,SKU-DES-007,Classic Tiramisu Cup,Desserts,B,260,85,1,260,0.0,NONE,260.0,175.0,67.31,Credit Card,5,Champion,1072
TXN-IN-11043,2026-08-11,11,0,MUM-002,Mumbai – Lower Parel High Street,Mumbai,West,SKU-SNK-005,Truffle Cheese Mushroom Panini,Gourmet Food,A,340,120,2,680,0.0,NONE,680.0,440.0,64.71,Cash,5,Loyal Customer,1076
TXN-IN-11044,2026-08-04,12,0,BLR-002,Bengaluru – Koramangala 5th Block,Bengaluru,South,SKU-SNK-006,Smoked Paneer Tikka Sourdough,Gourmet Food,B,310,105,2,620,0.0,NONE,620.0,410.0,66.13,Debit Card,5,Champion,1321
TXN-IN-11045,2026-08-16,13,1,DEL-001,Delhi – Connaught Place Inner Circle,Delhi,North,SKU-BEV-001,Artisanal Cold Brew (350ml),Specialty Beverages,A,240,65,1,240,15.0,CAMPAIGN_CODE_PROMO,204.0,139.0,68.14,UPI (GooglePay/PhonePe),5,Hibernating,2094
TXN-IN-11046,2026-07-20,9,0,HYD-001,Hyderabad – Hitec City Cyber Towers,Hyderabad,South,SKU-BAKE-004,Butter Flaky Croissant,Artisanal Bakery,B,180,55,1,180,15.0,CAMPAIGN_CODE_PROMO,153.0,98.0,64.05,Credit Card,4,Loyal Customer,1352
TXN-IN-11047,2026-07-29,19,0,BLR-017,Bengaluru – JP Nagar (Outlet 17),Bengaluru,South,SKU-BEV-002,Monsoon Cinnamon Latte,Specialty Beverages,A,280,80,1,280,0.0,NONE,280.0,200.0,71.43,Cash,5,Loyal Customer,1433
TXN-IN-11048,2026-08-18,14,0,BLR-001,Bengaluru – Indiranagar 100ft,Bengaluru,South,SKU-SNK-006,Smoked Paneer Tikka Sourdough,Gourmet Food,B,310,105,1,310,0.0,NONE,310.0,205.0,66.13,Cash,5,Loyal Customer,1202
TXN-IN-11049,2026-08-29,20,1,BLR-001,Bengaluru – Indiranagar 100ft,Bengaluru,South,SKU-BEV-003,Nitro Cold Brew Infusion,Specialty Beverages,A,310,90,4,1240,0.0,NONE,1240.0,880.0,70.97,UPI (GooglePay/PhonePe),5,Champion,1619
TXN-IN-11050,2026-09-02,11,0,DEL-002,Delhi – Cyber Hub Gurugram,Delhi NCR,North,SKU-SNK-006,Smoked Paneer Tikka Sourdough,Gourmet Food,B,310,105,1,310,0.0,NONE,310.0,205.0,66.13,Debit Card,4,Hibernating,1180
TXN-IN-11051,2026-09-01,20,0,CHN-001,Chennai – Anna Nagar 2nd Avenue,Chennai,South,SKU-PKG-008,Eco-Kraft Branded Cup (Carton),Packaging,C,950,620,4,3800,0.0,NONE,3800.0,1320.0,34.74,Credit Card,3,Loyal Customer,946
TXN-IN-11052,2026-08-06,17,0,MUM-002,Mumbai – Lower Parel High Street,Mumbai,West,SKU-BAKE-004,Butter Flaky Croissant,Artisanal Bakery,B,180,55,1,180,0.0,NONE,180.0,125.0,69.44,Cash,5,Potential Loyalist,1045
TXN-IN-11053,2026-08-11,17,0,MUM-002,Mumbai – Lower Parel High Street,Mumbai,West,SKU-BEV-002,Monsoon Cinnamon Latte,Specialty Beverages,A,280,80,4,1120,0.0,NONE,1120.0,800.0,71.43,Debit Card,4,Loyal Customer,974
TXN-IN-11054,2026-08-28,13,0,CHN-001,Chennai – Anna Nagar 2nd Avenue,Chennai,South,SKU-BEV-003,Nitro Cold Brew Infusion,Specialty Beverages,A,310,90,1,310,0.0,NONE,310.0,220.0,70.97,UPI (GooglePay/PhonePe),5,Champion,991
TXN-IN-11055,2026-07-27,15,0,BLR-001,Bengaluru – Indiranagar 100ft,Bengaluru,South,SKU-PKG-008,Eco-Kraft Branded Cup (Carton),Packaging,C,950,620,1,950,0.0,NONE,950.0,330.0,34.74,UPI (GooglePay/PhonePe),5,Champion,1142
TXN-IN-11056,2026-08-21,19,0,CHN-001,Chennai – Anna Nagar 2nd Avenue,Chennai,South,SKU-BEV-003,Nitro Cold Brew Infusion,Specialty Beverages,A,310,90,4,1240,15.0,CAMPAIGN_CODE_PROMO,1054.0,694.0,65.84,UPI (GooglePay/PhonePe),5,At Risk,914
TXN-IN-11057,2026-08-03,13,0,BLR-001,Bengaluru – Indiranagar 100ft,Bengaluru,South,SKU-PKG-008,Eco-Kraft Branded Cup (Carton),Packaging,C,950,620,3,2850,0.0,NONE,2850.0,990.0,34.74,Debit Card,5,Hibernating,1095
TXN-IN-11058,2026-08-05,16,0,MUM-002,Mumbai – Lower Parel High Street,Mumbai,West,SKU-SNK-005,Truffle Cheese Mushroom Panini,Gourmet Food,A,340,120,1,340,0.0,NONE,340.0,220.0,64.71,Cash,5,Potential Loyalist,964
TXN-IN-11059,2026-07-28,10,0,DEL-002,Delhi – Cyber Hub Gurugram,Delhi NCR,North,SKU-BAKE-004,Butter Flaky Croissant,Artisanal Bakery,B,180,55,1,180,0.0,NONE,180.0,125.0,69.44,Debit Card,5,Loyal Customer,1131
TXN-IN-11060,2026-07-26,17,1,BLR-002,Bengaluru – Koramangala 5th Block,Bengaluru,South,SKU-PKG-008,Eco-Kraft Branded Cup (Carton),Packaging,C,950,620,2,1900,0.0,NONE,1900.0,660.0,34.74,Credit Card,5,Loyal Customer,1755
TXN-IN-11061,2026-08-15,9,1,HYD-001,Hyderabad – Hitec City Cyber Towers,Hyderabad,South,SKU-BEV-001,Artisanal Cold Brew (350ml),Specialty Beverages,A,240,65,3,720,0.0,NONE,720.0,525.0,72.92,UPI (GooglePay/PhonePe),4,Potential Loyalist,1873
TXN-IN-11062,2026-08-04,17,0,CHN-001,Chennai – Anna Nagar 2nd Avenue,Chennai,South,SKU-SNK-006,Smoked Paneer Tikka Sourdough,Gourmet Food,B,310,105,1,310,0.0,NONE,310.0,205.0,66.13,Credit Card,5,At Risk,872
TXN-IN-11063,2026-08-14,20,0,BLR-001,Bengaluru – Indiranagar 100ft,Bengaluru,South,SKU-PKG-008,Eco-Kraft Branded Cup (Carton),Packaging,C,950,620,2,1900,0.0,NONE,1900.0,660.0,34.74,UPI (GooglePay/PhonePe),5,Loyal Customer,1236
TXN-IN-11064,2026-07-26,17,1,DEL-001,Delhi – Connaught Place Inner Circle,Delhi,North,SKU-BEV-002,Monsoon Cinnamon Latte,Specialty Beverages,A,280,80,2,560,0.0,NONE,560.0,400.0,71.43,UPI (GooglePay/PhonePe),5,Loyal Customer,2075
TXN-IN-11065,2026-09-03,17,0,BLR-001,Bengaluru – Indiranagar 100ft,Bengaluru,South,SKU-BAKE-004,Butter Flaky Croissant,Artisanal Bakery,B,180,55,1,180,0.0,NONE,180.0,125.0,69.44,UPI (GooglePay/PhonePe),5,Potential Loyalist,1109
TXN-IN-11066,2026-08-08,18,1,MUM-002,Mumbai – Lower Parel High Street,Mumbai,West,SKU-BEV-001,Artisanal Cold Brew (350ml),Specialty Beverages,A,240,65,2,480,0.0,NONE,480.0,350.0,72.92,UPI (GooglePay/PhonePe),5,Potential Loyalist,1273
TXN-IN-11067,2026-08-22,16,1,BLR-017,Bengaluru – JP Nagar (Outlet 17),Bengaluru,South,SKU-BAKE-004,Butter Flaky Croissant,Artisanal Bakery,B,180,55,1,180,0.0,NONE,180.0,125.0,69.44,UPI (GooglePay/PhonePe),3,Loyal Customer,1960
TXN-IN-11068,2026-07-31,19,0,MUM-001,Mumbai – Bandra West Linking Rd,Mumbai,West,SKU-SNK-005,Truffle Cheese Mushroom Panini,Gourmet Food,A,340,120,2,680,0.0,NONE,680.0,440.0,64.71,Cash,5,Champion,1575
TXN-IN-11069,2026-07-31,19,0,BLR-002,Bengaluru – Koramangala 5th Block,Bengaluru,South,SKU-BAKE-004,Butter Flaky Croissant,Artisanal Bakery,B,180,55,1,180,0.0,NONE,180.0,125.0,69.44,Debit Card,5,Loyal Customer,1225
TXN-IN-11070,2026-08-26,15,0,HYD-001,Hyderabad – Hitec City Cyber Towers,Hyderabad,South,SKU-SNK-006,Smoked Paneer Tikka Sourdough,Gourmet Food,B,310,105,2,620,0.0,NONE,620.0,410.0,66.13,UPI (GooglePay/PhonePe),5,At Risk,1347
TXN-IN-11071,2026-07-21,15,0,MUM-002,Mumbai – Lower Parel High Street,Mumbai,West,SKU-PKG-008,Eco-Kraft Branded Cup (Carton),Packaging,C,950,620,1,950,0.0,NONE,950.0,330.0,34.74,UPI (GooglePay/PhonePe),4,At Risk,1058
TXN-IN-11072,2026-08-17,16,0,BLR-001,Bengaluru – Indiranagar 100ft,Bengaluru,South,SKU-SNK-006,Smoked Paneer Tikka Sourdough,Gourmet Food,B,310,105,4,1240,0.0,NONE,1240.0,820.0,66.13,Credit Card,5,Champion,1198
TXN-IN-11073,2026-08-21,17,0,MUM-001,Mumbai – Bandra West Linking Rd,Mumbai,West,SKU-SNK-006,Smoked Paneer Tikka Sourdough,Gourmet Food,B,310,105,3,930,0.0,NONE,930.0,615.0,66.13,UPI (GooglePay/PhonePe),4,Loyal Customer,1754
TXN-IN-11074,2026-08-25,19,0,DEL-001,Delhi – Connaught Place Inner Circle,Delhi,North,SKU-PKG-008,Eco-Kraft Branded Cup (Carton),Packaging,C,950,620,2,1900,0.0,NONE,1900.0,660.0,34.74,Credit Card,3,Champion,1585
TXN-IN-11075,2026-08-19,12,0,DEL-002,Delhi – Cyber Hub Gurugram,Delhi NCR,North,SKU-PKG-008,Eco-Kraft Branded Cup (Carton),Packaging,C,950,620,2,1900,0.0,NONE,1900.0,660.0,34.74,Cash,4,Loyal Customer,1053
TXN-IN-11076,2026-09-02,20,0,DEL-001,Delhi – Connaught Place Inner Circle,Delhi,North,SKU-SNK-006,Smoked Paneer Tikka Sourdough,Gourmet Food,B,310,105,2,620,5.0,CAMPAIGN_CODE_PROMO,589.0,379.0,64.35,UPI (GooglePay/PhonePe),5,Potential Loyalist,1547
TXN-IN-11077,2026-09-01,22,0,HYD-001,Hyderabad – Hitec City Cyber Towers,Hyderabad,South,SKU-SNK-006,Smoked Paneer Tikka Sourdough,Gourmet Food,B,310,105,2,620,0.0,NONE,620.0,410.0,66.13,UPI (GooglePay/PhonePe),5,At Risk,1496
TXN-IN-11078,2026-08-13,13,0,DEL-002,Delhi – Cyber Hub Gurugram,Delhi NCR,North,SKU-BEV-002,Monsoon Cinnamon Latte,Specialty Beverages,A,280,80,1,280,15.0,CAMPAIGN_CODE_PROMO,238.0,158.0,66.39,UPI (GooglePay/PhonePe),5,Loyal Customer,1181
TXN-IN-11079,2026-07-21,16,0,BLR-002,Bengaluru – Koramangala 5th Block,Bengaluru,South,SKU-SNK-006,Smoked Paneer Tikka Sourdough,Gourmet Food,B,310,105,1,310,15.0,CAMPAIGN_CODE_PROMO,263.5,158.5,60.15,Cash,5,Champion,1325
TXN-IN-11080,2026-08-17,12,0,MUM-002,Mumbai – Lower Parel High Street,Mumbai,West,SKU-BAKE-004,Butter Flaky Croissant,Artisanal Bakery,B,180,55,1,180,0.0,NONE,180.0,125.0,69.44,UPI (GooglePay/PhonePe),5,Champion,1071
TXN-IN-11081,2026-07-26,20,1,MUM-001,Mumbai – Bandra West Linking Rd,Mumbai,West,SKU-BEV-001,Artisanal Cold Brew (350ml),Specialty Beverages,A,240,65,2,480,0.0,NONE,480.0,350.0,72.92,Debit Card,5,At Risk,2234
TXN-IN-11082,2026-07-31,12,0,CHN-001,Chennai – Anna Nagar 2nd Avenue,Chennai,South,SKU-PKG-008,Eco-Kraft Branded Cup (Carton),Packaging,C,950,620,1,950,0.0,NONE,950.0,330.0,34.74,Cash,5,Potential Loyalist,983
TXN-IN-11083,2026-07-28,14,0,BLR-017,Bengaluru – JP Nagar (Outlet 17),Bengaluru,South,SKU-PKG-008,Eco-Kraft Branded Cup (Carton),Packaging,C,950,620,1,950,25.0,OVERRIDE_MGR_01,712.5,92.5,12.98,UPI (GooglePay/PhonePe),4,Champion,1467
TXN-IN-11084,2026-08-03,20,0,BLR-001,Bengaluru – Indiranagar 100ft,Bengaluru,South,SKU-SNK-006,Smoked Paneer Tikka Sourdough,Gourmet Food,B,310,105,1,310,0.0,NONE,310.0,205.0,66.13,Credit Card,5,Loyal Customer,1110
TXN-IN-11085,2026-08-07,21,0,BLR-017,Bengaluru – JP Nagar (Outlet 17),Bengaluru,South,SKU-BAKE-004,Butter Flaky Croissant,Artisanal Bakery,B,180,55,3,540,0.0,NONE,540.0,375.0,69.44,UPI (GooglePay/PhonePe),5,At Risk,1489
TXN-IN-11086,2026-08-19,15,0,MUM-002,Mumbai – Lower Parel High Street,Mumbai,West,SKU-BEV-001,Artisanal Cold Brew (350ml),Specialty Beverages,A,240,65,1,240,0.0,NONE,240.0,175.0,72.92,UPI (GooglePay/PhonePe),5,Loyal Customer,1087
TXN-IN-11087,2026-08-10,20,0,BLR-001,Bengaluru – Indiranagar 100ft,Bengaluru,South,SKU-BAKE-004,Butter Flaky Croissant,Artisanal Bakery,B,180,55,1,180,0.0,NONE,180.0,125.0,69.44,Cash,4,Potential Loyalist,1079
TXN-IN-11088,2026-08-11,18,0,BLR-017,Bengaluru – JP Nagar (Outlet 17),Bengaluru,South,SKU-DES-007,Classic Tiramisu Cup,Desserts,B,260,85,2,520,25.0,OVERRIDE_MGR_01,390.0,220.0,56.41,Cash,5,Potential Loyalist,1366
TXN-IN-11089,2026-07-22,15,0,HYD-001,Hyderabad – Hitec City Cyber Towers,Hyderabad,South,SKU-BAKE-004,Butter Flaky Croissant,Artisanal Bakery,B,180,55,2,360,0.0,NONE,360.0,250.0,69.44,UPI (GooglePay/PhonePe),5,Champion,1508
TXN-IN-11090,2026-08-01,19,1,CHN-001,Chennai – Anna Nagar 2nd Avenue,Chennai,South,SKU-DES-007,Classic Tiramisu Cup,Desserts,B,260,85,2,520,0.0,NONE,520.0,350.0,67.31,UPI (GooglePay/PhonePe),5,Loyal Customer,1194
TXN-IN-11091,2026-08-16,11,1,DEL-002,Delhi – Cyber Hub Gurugram,Delhi NCR,North,SKU-BEV-003,Nitro Cold Brew Infusion,Specialty Beverages,A,310,90,1,310,0.0,NONE,310.0,220.0,70.97,Credit Card,5,Loyal Customer,1419
TXN-IN-11092,2026-08-04,13,0,MUM-001,Mumbai – Bandra West Linking Rd,Mumbai,West,SKU-BEV-002,Monsoon Cinnamon Latte,Specialty Beverages,A,280,80,2,560,0.0,NONE,560.0,400.0,71.43,Cash,5,Hibernating,1573
TXN-IN-11093,2026-08-04,16,0,BLR-001,Bengaluru – Indiranagar 100ft,Bengaluru,South,SKU-BEV-002,Monsoon Cinnamon Latte,Specialty Beverages,A,280,80,1,280,0.0,NONE,280.0,200.0,71.43,Credit Card,5,Potential Loyalist,1132
TXN-IN-11094,2026-08-07,11,0,BLR-002,Bengaluru – Koramangala 5th Block,Bengaluru,South,SKU-DES-007,Classic Tiramisu Cup,Desserts,B,260,85,1,260,10.0,CAMPAIGN_CODE_PROMO,234.0,149.0,63.68,Cash,5,Potential Loyalist,1291
TXN-IN-11095,2026-08-03,19,0,HYD-001,Hyderabad – Hitec City Cyber Towers,Hyderabad,South,SKU-SNK-005,Truffle Cheese Mushroom Panini,Gourmet Food,A,340,120,3,1020,0.0,NONE,1020.0,660.0,64.71,UPI (GooglePay/PhonePe),5,Loyal Customer,1488
TXN-IN-11096,2026-08-23,20,1,CHN-001,Chennai – Anna Nagar 2nd Avenue,Chennai,South,SKU-BEV-002,Monsoon Cinnamon Latte,Specialty Beverages,A,280,80,1,280,0.0,NONE,280.0,200.0,71.43,Cash,5,Champion,1197
TXN-IN-11097,2026-08-22,12,1,MUM-001,Mumbai – Bandra West Linking Rd,Mumbai,West,SKU-SNK-005,Truffle Cheese Mushroom Panini,Gourmet Food,A,340,120,2,680,0.0,NONE,680.0,440.0,64.71,UPI (GooglePay/PhonePe),5,Champion,2259
TXN-IN-11098,2026-08-30,20,1,HYD-001,Hyderabad – Hitec City Cyber Towers,Hyderabad,South,SKU-BEV-002,Monsoon Cinnamon Latte,Specialty Beverages,A,280,80,1,280,0.0,NONE,280.0,200.0,71.43,Cash,5,At Risk,1817
TXN-IN-11099,2026-07-23,20,0,MUM-002,Mumbai – Lower Parel High Street,Mumbai,West,SKU-DES-007,Classic Tiramisu Cup,Desserts,B,260,85,1,260,0.0,NONE,260.0,175.0,67.31,UPI (GooglePay/PhonePe),5,Loyal Customer,1068
TXN-IN-11100,2026-08-16,9,1,CHN-001,Chennai – Anna Nagar 2nd Avenue,Chennai,South,SKU-BEV-001,Artisanal Cold Brew (350ml),Specialty Beverages,A,240,65,2,480,0.0,NONE,480.0,350.0,72.92,UPI (GooglePay/PhonePe),3,Potential Loyalist,1248
TXN-IN-11101,2026-08-05,20,0,MUM-001,Mumbai – Bandra West Linking Rd,Mumbai,West,SKU-BEV-001,Artisanal Cold Brew (350ml),Specialty Beverages,A,240,65,1,240,0.0,NONE,240.0,175.0,72.92,Debit Card,4,Hibernating,1762
TXN-IN-11102,2026-07-23,21,0,BLR-017,Bengaluru – JP Nagar (Outlet 17),Bengaluru,South,SKU-DES-007,Classic Tiramisu Cup,Desserts,B,260,85,4,1040,25.0,OVERRIDE_MGR_01,780.0,440.0,56.41,Cash,3,Loyal Customer,1472
TXN-IN-11103,2026-08-05,22,0,BLR-002,Bengaluru – Koramangala 5th Block,Bengaluru,South,SKU-DES-007,Classic Tiramisu Cup,Desserts,B,260,85,1,260,0.0,NONE,260.0,175.0,67.31,UPI (GooglePay/PhonePe),5,Potential Loyalist,1270
TXN-IN-11104,2026-07-25,15,1,MUM-001,Mumbai – Bandra West Linking Rd,Mumbai,West,SKU-SNK-005,Truffle Cheese Mushroom Panini,Gourmet Food,A,340,120,1,340,0.0,NONE,340.0,220.0,64.71,Credit Card,5,Loyal Customer,2314
TXN-IN-11105,2026-08-27,18,0,BLR-001,Bengaluru – Indiranagar 100ft,Bengaluru,South,SKU-BEV-002,Monsoon Cinnamon Latte,Specialty Beverages,A,280,80,1,280,0.0,NONE,280.0,200.0,71.43,UPI (GooglePay/PhonePe),5,Champion,1072
TXN-IN-11106,2026-08-18,20,0,BLR-001,Bengaluru – Indiranagar 100ft,Bengaluru,South,SKU-SNK-006,Smoked Paneer Tikka Sourdough,Gourmet Food,B,310,105,1,310,0.0,NONE,310.0,205.0,66.13,UPI (GooglePay/PhonePe),5,Champion,1226
TXN-IN-11107,2026-08-24,13,0,DEL-001,Delhi – Connaught Place Inner Circle,Delhi,North,SKU-BEV-002,Monsoon Cinnamon Latte,Specialty Beverages,A,280,80,1,280,0.0,NONE,280.0,200.0,71.43,Credit Card,3,Champion,1581
TXN-IN-11108,2026-07-31,18,0,BLR-002,Bengaluru – Koramangala 5th Block,Bengaluru,South,SKU-BEV-001,Artisanal Cold Brew (350ml),Specialty Beverages,A,240,65,1,240,0.0,NONE,240.0,175.0,72.92,Cash,3,Loyal Customer,1210
TXN-IN-11109,2026-08-24,22,0,MUM-001,Mumbai – Bandra West Linking Rd,Mumbai,West,SKU-BEV-001,Artisanal Cold Brew (350ml),Specialty Beverages,A,240,65,4,960,0.0,NONE,960.0,700.0,72.92,UPI (GooglePay/PhonePe),4,At Risk,1660
TXN-IN-11110,2026-08-23,10,1,BLR-001,Bengaluru – Indiranagar 100ft,Bengaluru,South,SKU-BAKE-004,Butter Flaky Croissant,Artisanal Bakery,B,180,55,1,180,0.0,NONE,180.0,125.0,69.44,Cash,5,Champion,1618
TXN-IN-11111,2026-08-12,20,0,DEL-002,Delhi – Cyber Hub Gurugram,Delhi NCR,North,SKU-BEV-002,Monsoon Cinnamon Latte,Specialty Beverages,A,280,80,2,560,10.0,CAMPAIGN_CODE_PROMO,504.0,344.0,68.25,Cash,4,Loyal Customer,1124
TXN-IN-11112,2026-08-30,13,1,DEL-001,Delhi – Connaught Place Inner Circle,Delhi,North,SKU-PKG-008,Eco-Kraft Branded Cup (Carton),Packaging,C,950,620,3,2850,10.0,CAMPAIGN_CODE_PROMO,2565.0,705.0,27.49,UPI (GooglePay/PhonePe),5,Champion,2096
TXN-IN-11113,2026-07-21,17,0,BLR-017,Bengaluru – JP Nagar (Outlet 17),Bengaluru,South,SKU-BAKE-004,Butter Flaky Croissant,Artisanal Bakery,B,180,55,2,360,0.0,NONE,360.0,250.0,69.44,Cash,4,Hibernating,1436
TXN-IN-11114,2026-08-26,22,0,BLR-001,Bengaluru – Indiranagar 100ft,Bengaluru,South,SKU-BEV-003,Nitro Cold Brew Infusion,Specialty Beverages,A,310,90,1,310,5.0,CAMPAIGN_CODE_PROMO,294.5,204.5,69.44,UPI (GooglePay/PhonePe),5,Hibernating,1231
TXN-IN-11115,2026-08-24,17,0,DEL-002,Delhi – Cyber Hub Gurugram,Delhi NCR,North,SKU-BEV-002,Monsoon Cinnamon Latte,Specialty Beverages,A,280,80,2,560,10.0,CAMPAIGN_CODE_PROMO,504.0,344.0,68.25,Cash,5,Loyal Customer,1069
TXN-IN-11116,2026-08-25,19,0,MUM-002,Mumbai – Lower Parel High Street,Mumbai,West,SKU-BAKE-004,Butter Flaky Croissant,Artisanal Bakery,B,180,55,1,180,0.0,NONE,180.0,125.0,69.44,UPI (GooglePay/PhonePe),5,Potential Loyalist,929
TXN-IN-11117,2026-09-02,20,0,MUM-001,Mumbai – Bandra West Linking Rd,Mumbai,West,SKU-PKG-008,Eco-Kraft Branded Cup (Carton),Packaging,C,950,620,2,1900,0.0,NONE,1900.0,660.0,34.74,Credit Card,5,Champion,1662
TXN-IN-11118,2026-08-30,15,1,HYD-001,Hyderabad – Hitec City Cyber Towers,Hyderabad,South,SKU-BAKE-004,Butter Flaky Croissant,Artisanal Bakery,B,180,55,1,180,0.0,NONE,180.0,125.0,69.44,UPI (GooglePay/PhonePe),3,Champion,1900
TXN-IN-11119,2026-09-01,14,0,BLR-002,Bengaluru – Koramangala 5th Block,Bengaluru,South,SKU-SNK-005,Truffle Cheese Mushroom Panini,Gourmet Food,A,340,120,2,680,10.0,CAMPAIGN_CODE_PROMO,612.0,372.0,60.78,Debit Card,5,Champion,1326
TXN-IN-11120,2026-08-29,8,1,MUM-001,Mumbai – Bandra West Linking Rd,Mumbai,West,SKU-BEV-003,Nitro Cold Brew Infusion,Specialty Beverages,A,310,90,3,930,10.0,CAMPAIGN_CODE_PROMO,837.0,567.0,67.74,Cash,4,Loyal Customer,2172
TXN-IN-11121,2026-07-28,12,0,BLR-001,Bengaluru – Indiranagar 100ft,Bengaluru,South,SKU-DES-007,Classic Tiramisu Cup,Desserts,B,260,85,1,260,15.0,CAMPAIGN_CODE_PROMO,221.0,136.0,61.54,Cash,3,At Risk,1160
TXN-IN-11122,2026-07-28,11,0,DEL-002,Delhi – Cyber Hub Gurugram,Delhi NCR,North,SKU-BAKE-004,Butter Flaky Croissant,Artisanal Bakery,B,180,55,2,360,0.0,NONE,360.0,250.0,69.44,Credit Card,5,Potential Loyalist,1204
TXN-IN-11123,2026-07-22,21,0,BLR-017,Bengaluru – JP Nagar (Outlet 17),Bengaluru,South,SKU-SNK-006,Smoked Paneer Tikka Sourdough,Gourmet Food,B,310,105,3,930,0.0,NONE,930.0,615.0,66.13,Debit Card,5,Loyal Customer,1374
TXN-IN-11124,2026-07-31,8,0,CHN-001,Chennai – Anna Nagar 2nd Avenue,Chennai,South,SKU-BEV-002,Monsoon Cinnamon Latte,Specialty Beverages,A,280,80,1,280,0.0,NONE,280.0,200.0,71.43,Debit Card,5,Loyal Customer,970
TXN-IN-11125,2026-08-26,17,0,MUM-002,Mumbai – Lower Parel High Street,Mumbai,West,SKU-BEV-002,Monsoon Cinnamon Latte,Specialty Beverages,A,280,80,1,280,15.0,CAMPAIGN_CODE_PROMO,238.0,158.0,66.39,Cash,5,At Risk,1009
TXN-IN-11126,2026-08-07,12,0,DEL-001,Delhi – Connaught Place Inner Circle,Delhi,North,SKU-DES-007,Classic Tiramisu Cup,Desserts,B,260,85,1,260,15.0,CAMPAIGN_CODE_PROMO,221.0,136.0,61.54,UPI (GooglePay/PhonePe),5,Loyal Customer,1577
TXN-IN-11127,2026-08-09,11,1,BLR-017,Bengaluru – JP Nagar (Outlet 17),Bengaluru,South,SKU-SNK-006,Smoked Paneer Tikka Sourdough,Gourmet Food,B,310,105,1,310,25.0,OVERRIDE_MGR_01,232.5,127.5,54.84,Debit Card,5,Hibernating,1903
TXN-IN-11128,2026-08-27,11,0,BLR-017,Bengaluru – JP Nagar (Outlet 17),Bengaluru,South,SKU-BAKE-004,Butter Flaky Croissant,Artisanal Bakery,B,180,55,2,360,25.0,OVERRIDE_MGR_01,270.0,160.0,59.26,Cash,5,At Risk,1478
TXN-IN-11129,2026-08-23,20,1,MUM-001,Mumbai – Bandra West Linking Rd,Mumbai,West,SKU-BEV-001,Artisanal Cold Brew (350ml),Specialty Beverages,A,240,65,1,240,0.0,NONE,240.0,175.0,72.92,Credit Card,2,Loyal Customer,2334
TXN-IN-11130,2026-08-17,13,0,CHN-001,Chennai – Anna Nagar 2nd Avenue,Chennai,South,SKU-BEV-003,Nitro Cold Brew Infusion,Specialty Beverages,A,310,90,2,620,15.0,CAMPAIGN_CODE_PROMO,527.0,347.0,65.84,UPI (GooglePay/PhonePe),5,Loyal Customer,907
TXN-IN-11131,2026-07-25,11,1,BLR-002,Bengaluru – Koramangala 5th Block,Bengaluru,South,SKU-SNK-005,Truffle Cheese Mushroom Panini,Gourmet Food,A,340,120,2,680,0.0,NONE,680.0,440.0,64.71,UPI (GooglePay/PhonePe),4,Champion,1667
TXN-IN-11132,2026-08-09,18,1,BLR-002,Bengaluru – Koramangala 5th Block,Bengaluru,South,SKU-SNK-006,Smoked Paneer Tikka Sourdough,Gourmet Food,B,310,105,1,310,0.0,NONE,310.0,205.0,66.13,UPI (GooglePay/PhonePe),4,Loyal Customer,1657
TXN-IN-11133,2026-08-16,17,1,BLR-017,Bengaluru – JP Nagar (Outlet 17),Bengaluru,South,SKU-SNK-006,Smoked Paneer Tikka Sourdough,Gourmet Food,B,310,105,1,310,0.0,NONE,310.0,205.0,66.13,UPI (GooglePay/PhonePe),5,Loyal Customer,1893
TXN-IN-11134,2026-09-01,16,0,MUM-001,Mumbai – Bandra West Linking Rd,Mumbai,West,SKU-SNK-005,Truffle Cheese Mushroom Panini,Gourmet Food,A,340,120,1,340,0.0,NONE,340.0,220.0,64.71,Debit Card,5,Champion,1592
TXN-IN-11135,2026-08-22,17,1,MUM-001,Mumbai – Bandra West Linking Rd,Mumbai,West,SKU-BEV-001,Artisanal Cold Brew (350ml),Specialty Beverages,A,240,65,1,240,0.0,NONE,240.0,175.0,72.92,UPI (GooglePay/PhonePe),5,Potential Loyalist,2304
TXN-IN-11136,2026-08-13,18,0,MUM-001,Mumbai – Bandra West Linking Rd,Mumbai,West,SKU-SNK-006,Smoked Paneer Tikka Sourdough,Gourmet Food,B,310,105,1,310,0.0,NONE,310.0,205.0,66.13,Credit Card,4,At Risk,1741
TXN-IN-11137,2026-08-20,17,0,HYD-001,Hyderabad – Hitec City Cyber Towers,Hyderabad,South,SKU-DES-007,Classic Tiramisu Cup,Desserts,B,260,85,2,520,0.0,NONE,520.0,350.0,67.31,UPI (GooglePay/PhonePe),5,At Risk,1503
TXN-IN-11138,2026-08-07,18,0,DEL-002,Delhi – Cyber Hub Gurugram,Delhi NCR,North,SKU-PKG-008,Eco-Kraft Branded Cup (Carton),Packaging,C,950,620,1,950,10.0,CAMPAIGN_CODE_PROMO,855.0,235.0,27.49,Credit Card,4,Loyal Customer,1121
TXN-IN-11139,2026-09-03,20,0,BLR-002,Bengaluru – Koramangala 5th Block,Bengaluru,South,SKU-PKG-008,Eco-Kraft Branded Cup (Carton),Packaging,C,950,620,2,1900,0.0,NONE,1900.0,660.0,34.74,UPI (GooglePay/PhonePe),5,Loyal Customer,1255
TXN-IN-11140,2026-08-15,13,1,BLR-001,Bengaluru – Indiranagar 100ft,Bengaluru,South,SKU-SNK-006,Smoked Paneer Tikka Sourdough,Gourmet Food,B,310,105,1,310,0.0,NONE,310.0,205.0,66.13,Debit Card,5,Loyal Customer,1485
TXN-IN-11141,2026-08-06,20,0,HYD-001,Hyderabad – Hitec City Cyber Towers,Hyderabad,South,SKU-BAKE-004,Butter Flaky Croissant,Artisanal Bakery,B,180,55,1,180,0.0,NONE,180.0,125.0,69.44,Debit Card,5,At Risk,1447
TXN-IN-11142,2026-08-02,17,1,BLR-017,Bengaluru – JP Nagar (Outlet 17),Bengaluru,South,SKU-SNK-006,Smoked Paneer Tikka Sourdough,Gourmet Food,B,310,105,1,310,10.0,CAMPAIGN_CODE_PROMO,279.0,174.0,62.37,UPI (GooglePay/PhonePe),4,Loyal Customer,1927
TXN-IN-11143,2026-08-24,14,0,BLR-017,Bengaluru – JP Nagar (Outlet 17),Bengaluru,South,SKU-BEV-001,Artisanal Cold Brew (350ml),Specialty Beverages,A,240,65,1,240,25.0,OVERRIDE_MGR_01,180.0,115.0,63.89,UPI (GooglePay/PhonePe),4,Potential Loyalist,1414
TXN-IN-11144,2026-07-30,17,0,DEL-001,Delhi – Connaught Place Inner Circle,Delhi,North,SKU-SNK-006,Smoked Paneer Tikka Sourdough,Gourmet Food,B,310,105,1,310,0.0,NONE,310.0,205.0,66.13,UPI (GooglePay/PhonePe),5,Champion,1554
TXN-IN-11145,2026-07-26,9,1,CHN-001,Chennai – Anna Nagar 2nd Avenue,Chennai,South,SKU-DES-007,Classic Tiramisu Cup,Desserts,B,260,85,2,520,0.0,NONE,520.0,350.0,67.31,UPI (GooglePay/PhonePe),5,Potential Loyalist,1225
TXN-IN-11146,2026-07-22,14,0,MUM-002,Mumbai – Lower Parel High Street,Mumbai,West,SKU-BEV-002,Monsoon Cinnamon Latte,Specialty Beverages,A,280,80,2,560,0.0,NONE,560.0,400.0,71.43,Credit Card,3,Champion,1029
TXN-IN-11147,2026-09-03,20,0,DEL-002,Delhi – Cyber Hub Gurugram,Delhi NCR,North,SKU-BEV-001,Artisanal Cold Brew (350ml),Specialty Beverages,A,240,65,1,240,0.0,NONE,240.0,175.0,72.92,UPI (GooglePay/PhonePe),5,Loyal Customer,1120
TXN-IN-11148,2026-08-01,19,1,MUM-002,Mumbai – Lower Parel High Street,Mumbai,West,SKU-SNK-006,Smoked Paneer Tikka Sourdough,Gourmet Food,B,310,105,1,310,0.0,NONE,310.0,205.0,66.13,Debit Card,5,Loyal Customer,1410
TXN-IN-11149,2026-08-25,11,0,HYD-001,Hyderabad – Hitec City Cyber Towers,Hyderabad,South,SKU-DES-007,Classic Tiramisu Cup,Desserts,B,260,85,1,260,0.0,NONE,260.0,175.0,67.31,Cash,5,Loyal Customer,1489
TXN-IN-11150,2026-08-23,22,1,CHN-001,Chennai – Anna Nagar 2nd Avenue,Chennai,South,SKU-BAKE-004,Butter Flaky Croissant,Artisanal Bakery,B,180,55,1,180,0.0,NONE,180.0,125.0,69.44,Credit Card,4,Potential Loyalist,1277
TXN-IN-11151,2026-08-03,16,0,BLR-001,Bengaluru – Indiranagar 100ft,Bengaluru,South,SKU-DES-007,Classic Tiramisu Cup,Desserts,B,260,85,2,520,0.0,NONE,520.0,350.0,67.31,UPI (GooglePay/PhonePe),4,Loyal Customer,1231
TXN-IN-11152,2026-07-25,21,1,BLR-017,Bengaluru – JP Nagar (Outlet 17),Bengaluru,South,SKU-BEV-003,Nitro Cold Brew Infusion,Specialty Beverages,A,310,90,1,310,10.0,CAMPAIGN_CODE_PROMO,279.0,189.0,67.74,Cash,4,Loyal Customer,1982
TXN-IN-11153,2026-08-03,13,0,BLR-001,Bengaluru – Indiranagar 100ft,Bengaluru,South,SKU-PKG-008,Eco-Kraft Branded Cup (Carton),Packaging,C,950,620,1,950,0.0,NONE,950.0,330.0,34.74,UPI (GooglePay/PhonePe),5,Potential Loyalist,1223
TXN-IN-11154,2026-08-15,19,1,BLR-001,Bengaluru – Indiranagar 100ft,Bengaluru,South,SKU-SNK-005,Truffle Cheese Mushroom Panini,Gourmet Food,A,340,120,2,680,0.0,NONE,680.0,440.0,64.71,Cash,5,Hibernating,1532
TXN-IN-11155,2026-08-09,20,1,HYD-001,Hyderabad – Hitec City Cyber Towers,Hyderabad,South,SKU-PKG-008,Eco-Kraft Branded Cup (Carton),Packaging,C,950,620,1,950,0.0,NONE,950.0,330.0,34.74,UPI (GooglePay/PhonePe),3,Loyal Customer,1815
TXN-IN-11156,2026-08-13,19,0,BLR-002,Bengaluru – Koramangala 5th Block,Bengaluru,South,SKU-BEV-001,Artisanal Cold Brew (350ml),Specialty Beverages,A,240,65,1,240,0.0,NONE,240.0,175.0,72.92,Debit Card,3,Champion,1308
TXN-IN-11157,2026-08-20,20,0,BLR-002,Bengaluru – Koramangala 5th Block,Bengaluru,South,SKU-PKG-008,Eco-Kraft Branded Cup (Carton),Packaging,C,950,620,1,950,0.0,NONE,950.0,330.0,34.74,UPI (GooglePay/PhonePe),5,Loyal Customer,1275
TXN-IN-11158,2026-09-01,14,0,MUM-002,Mumbai – Lower Parel High Street,Mumbai,West,SKU-SNK-006,Smoked Paneer Tikka Sourdough,Gourmet Food,B,310,105,2,620,0.0,NONE,620.0,410.0,66.13,UPI (GooglePay/PhonePe),5,Potential Loyalist,1057
TXN-IN-11159,2026-09-03,12,0,DEL-001,Delhi – Connaught Place Inner Circle,Delhi,North,SKU-SNK-005,Truffle Cheese Mushroom Panini,Gourmet Food,A,340,120,1,340,0.0,NONE,340.0,220.0,64.71,UPI (GooglePay/PhonePe),5,Potential Loyalist,1541
TXN-IN-11160,2026-07-20,16,0,DEL-001,Delhi – Connaught Place Inner Circle,Delhi,North,SKU-DES-007,Classic Tiramisu Cup,Desserts,B,260,85,1,260,0.0,NONE,260.0,175.0,67.31,UPI (GooglePay/PhonePe),5,Champion,1597
TXN-IN-11161,2026-07-26,10,1,CHN-001,Chennai – Anna Nagar 2nd Avenue,Chennai,South,SKU-PKG-008,Eco-Kraft Branded Cup (Carton),Packaging,C,950,620,1,950,0.0,NONE,950.0,330.0,34.74,UPI (GooglePay/PhonePe),5,Potential Loyalist,1219
TXN-IN-11162,2026-08-11,20,0,BLR-001,Bengaluru – Indiranagar 100ft,Bengaluru,South,SKU-BAKE-004,Butter Flaky Croissant,Artisanal Bakery,B,180,55,1,180,0.0,NONE,180.0,125.0,69.44,Cash,4,Loyal Customer,1266
TXN-IN-11163,2026-08-14,12,0,MUM-002,Mumbai – Lower Parel High Street,Mumbai,West,SKU-BAKE-004,Butter Flaky Croissant,Artisanal Bakery,B,180,55,1,180,0.0,NONE,180.0,125.0,69.44,Credit Card,5,Loyal Customer,932
TXN-IN-11164,2026-08-22,20,1,DEL-002,Delhi – Cyber Hub Gurugram,Delhi NCR,North,SKU-SNK-006,Smoked Paneer Tikka Sourdough,Gourmet Food,B,310,105,2,620,0.0,NONE,620.0,410.0,66.13,Cash,4,Loyal Customer,1448
TXN-IN-11165,2026-07-20,20,0,MUM-001,Mumbai – Bandra West Linking Rd,Mumbai,West,SKU-BAKE-004,Butter Flaky Croissant,Artisanal Bakery,B,180,55,1,180,5.0,CAMPAIGN_CODE_PROMO,171.0,116.0,67.84,Debit Card,3,Loyal Customer,1583
TXN-IN-11166,2026-07-28,16,0,CHN-001,Chennai – Anna Nagar 2nd Avenue,Chennai,South,SKU-PKG-008,Eco-Kraft Branded Cup (Carton),Packaging,C,950,620,1,950,0.0,NONE,950.0,330.0,34.74,UPI (GooglePay/PhonePe),5,Loyal Customer,1038
TXN-IN-11167,2026-08-13,17,0,HYD-001,Hyderabad – Hitec City Cyber Towers,Hyderabad,South,SKU-SNK-006,Smoked Paneer Tikka Sourdough,Gourmet Food,B,310,105,1,310,0.0,NONE,310.0,205.0,66.13,Cash,4,Hibernating,1472
TXN-IN-11168,2026-08-06,17,0,BLR-002,Bengaluru – Koramangala 5th Block,Bengaluru,South,SKU-DES-007,Classic Tiramisu Cup,Desserts,B,260,85,2,520,0.0,NONE,520.0,350.0,67.31,UPI (GooglePay/PhonePe),5,Loyal Customer,1289
TXN-IN-11169,2026-07-31,19,0,BLR-001,Bengaluru – Indiranagar 100ft,Bengaluru,South,SKU-SNK-006,Smoked Paneer Tikka Sourdough,Gourmet Food,B,310,105,3,930,0.0,NONE,930.0,615.0,66.13,Debit Card,5,Loyal Customer,1118
TXN-IN-11170,2026-08-13,22,0,DEL-001,Delhi – Connaught Place Inner Circle,Delhi,North,SKU-BEV-003,Nitro Cold Brew Infusion,Specialty Beverages,A,310,90,3,930,0.0,NONE,930.0,660.0,70.97,Credit Card,5,Champion,1499
TXN-IN-11171,2026-08-10,17,0,BLR-017,Bengaluru – JP Nagar (Outlet 17),Bengaluru,South,SKU-SNK-006,Smoked Paneer Tikka Sourdough,Gourmet Food,B,310,105,3,930,25.0,OVERRIDE_MGR_01,697.5,382.5,54.84,Credit Card,5,Loyal Customer,1351
TXN-IN-11172,2026-09-02,21,0,MUM-002,Mumbai – Lower Parel High Street,Mumbai,West,SKU-SNK-005,Truffle Cheese Mushroom Panini,Gourmet Food,A,340,120,2,680,0.0,NONE,680.0,440.0,64.71,Debit Card,1,Potential Loyalist,1025
TXN-IN-11173,2026-07-31,9,0,HYD-001,Hyderabad – Hitec City Cyber Towers,Hyderabad,South,SKU-BEV-002,Monsoon Cinnamon Latte,Specialty Beverages,A,280,80,1,280,0.0,NONE,280.0,200.0,71.43,UPI (GooglePay/PhonePe),4,Champion,1343
TXN-IN-11174,2026-07-25,18,1,DEL-002,Delhi – Cyber Hub Gurugram,Delhi NCR,North,SKU-BEV-002,Monsoon Cinnamon Latte,Specialty Beverages,A,280,80,1,280,5.0,CAMPAIGN_CODE_PROMO,266.0,186.0,69.92,Cash,5,At Risk,1572
TXN-IN-11175,2026-08-28,20,0,BLR-001,Bengaluru – Indiranagar 100ft,Bengaluru,South,SKU-SNK-006,Smoked Paneer Tikka Sourdough,Gourmet Food,B,310,105,2,620,0.0,NONE,620.0,410.0,66.13,UPI (GooglePay/PhonePe),3,Loyal Customer,1163
TXN-IN-11176,2026-08-22,18,1,BLR-001,Bengaluru – Indiranagar 100ft,Bengaluru,South,SKU-DES-007,Classic Tiramisu Cup,Desserts,B,260,85,1,260,5.0,CAMPAIGN_CODE_PROMO,247.0,162.0,65.59,Cash,5,Loyal Customer,1516
TXN-IN-11177,2026-08-17,19,0,BLR-001,Bengaluru – Indiranagar 100ft,Bengaluru,South,SKU-SNK-005,Truffle Cheese Mushroom Panini,Gourmet Food,A,340,120,2,680,0.0,NONE,680.0,440.0,64.71,UPI (GooglePay/PhonePe),5,Loyal Customer,1100
TXN-IN-11178,2026-08-10,16,0,HYD-001,Hyderabad – Hitec City Cyber Towers,Hyderabad,South,SKU-BEV-002,Monsoon Cinnamon Latte,Specialty Beverages,A,280,80,2,560,5.0,CAMPAIGN_CODE_PROMO,532.0,372.0,69.92,UPI (GooglePay/PhonePe),4,Champion,1461
TXN-IN-11179,2026-08-29,12,1,BLR-001,Bengaluru – Indiranagar 100ft,Bengaluru,South,SKU-BEV-003,Nitro Cold Brew Infusion,Specialty Beverages,A,310,90,2,620,0.0,NONE,620.0,440.0,70.97,UPI (GooglePay/PhonePe),3,Hibernating,1550
TXN-IN-11180,2026-09-01,14,0,MUM-001,Mumbai – Bandra West Linking Rd,Mumbai,West,SKU-BEV-003,Nitro Cold Brew Infusion,Specialty Beverages,A,310,90,1,310,0.0,NONE,310.0,220.0,70.97,Credit Card,5,Loyal Customer,1627
TXN-IN-11181,2026-08-01,13,1,MUM-002,Mumbai – Lower Parel High Street,Mumbai,West,SKU-BAKE-004,Butter Flaky Croissant,Artisanal Bakery,B,180,55,1,180,0.0,NONE,180.0,125.0,69.44,Credit Card,5,Loyal Customer,1336
TXN-IN-11182,2026-08-11,19,0,CHN-001,Chennai – Anna Nagar 2nd Avenue,Chennai,South,SKU-PKG-008,Eco-Kraft Branded Cup (Carton),Packaging,C,950,620,2,1900,0.0,NONE,1900.0,660.0,34.74,Cash,5,Loyal Customer,893
TXN-IN-11183,2026-09-02,19,0,DEL-002,Delhi – Cyber Hub Gurugram,Delhi NCR,North,SKU-SNK-006,Smoked Paneer Tikka Sourdough,Gourmet Food,B,310,105,2,620,0.0,NONE,620.0,410.0,66.13,Credit Card,4,Loyal Customer,1210
TXN-IN-11184,2026-08-06,16,0,BLR-017,Bengaluru – JP Nagar (Outlet 17),Bengaluru,South,SKU-BAKE-004,Butter Flaky Croissant,Artisanal Bakery,B,180,55,1,180,25.0,OVERRIDE_MGR_01,135.0,80.0,59.26,UPI (GooglePay/PhonePe),3,Loyal Customer,1459
TXN-IN-11185,2026-08-26,18,0,DEL-001,Delhi – Connaught Place Inner Circle,Delhi,North,SKU-SNK-006,Smoked Paneer Tikka Sourdough,Gourmet Food,B,310,105,2,620,0.0,NONE,620.0,410.0,66.13,Credit Card,4,Potential Loyalist,1422
TXN-IN-11186,2026-07-30,18,0,DEL-002,Delhi – Cyber Hub Gurugram,Delhi NCR,North,SKU-PKG-008,Eco-Kraft Branded Cup (Carton),Packaging,C,950,620,1,950,10.0,CAMPAIGN_CODE_PROMO,855.0,235.0,27.49,Credit Card,5,Loyal Customer,1212
TXN-IN-11187,2026-07-21,19,0,HYD-001,Hyderabad – Hitec City Cyber Towers,Hyderabad,South,SKU-PKG-008,Eco-Kraft Branded Cup (Carton),Packaging,C,950,620,2,1900,0.0,NONE,1900.0,660.0,34.74,Debit Card,4,Loyal Customer,1405
TXN-IN-11188,2026-08-27,13,0,DEL-001,Delhi – Connaught Place Inner Circle,Delhi,North,SKU-PKG-008,Eco-Kraft Branded Cup (Carton),Packaging,C,950,620,2,1900,0.0,NONE,1900.0,660.0,34.74,UPI (GooglePay/PhonePe),4,At Risk,1549
TXN-IN-11189,2026-07-26,21,1,DEL-002,Delhi – Cyber Hub Gurugram,Delhi NCR,North,SKU-DES-007,Classic Tiramisu Cup,Desserts,B,260,85,2,520,0.0,NONE,520.0,350.0,67.31,UPI (GooglePay/PhonePe),5,Champion,1481
TXN-IN-11190,2026-08-27,17,0,CHN-001,Chennai – Anna Nagar 2nd Avenue,Chennai,South,SKU-BAKE-004,Butter Flaky Croissant,Artisanal Bakery,B,180,55,4,720,15.0,CAMPAIGN_CODE_PROMO,612.0,392.0,64.05,Credit Card,4,Champion,863
TXN-IN-11191,2026-08-08,12,1,BLR-002,Bengaluru – Koramangala 5th Block,Bengaluru,South,SKU-SNK-006,Smoked Paneer Tikka Sourdough,Gourmet Food,B,310,105,1,310,5.0,CAMPAIGN_CODE_PROMO,294.5,189.5,64.35,UPI (GooglePay/PhonePe),3,Loyal Customer,1668
TXN-IN-11192,2026-07-31,19,0,MUM-001,Mumbai – Bandra West Linking Rd,Mumbai,West,SKU-BAKE-004,Butter Flaky Croissant,Artisanal Bakery,B,180,55,1,180,0.0,NONE,180.0,125.0,69.44,Cash,4,Loyal Customer,1692
TXN-IN-11193,2026-07-30,19,0,DEL-001,Delhi – Connaught Place Inner Circle,Delhi,North,SKU-BEV-002,Monsoon Cinnamon Latte,Specialty Beverages,A,280,80,1,280,0.0,NONE,280.0,200.0,71.43,Debit Card,4,At Risk,1600
TXN-IN-11194,2026-08-04,19,0,BLR-017,Bengaluru – JP Nagar (Outlet 17),Bengaluru,South,SKU-DES-007,Classic Tiramisu Cup,Desserts,B,260,85,1,260,25.0,OVERRIDE_MGR_01,195.0,110.0,56.41,Credit Card,2,Potential Loyalist,1448
TXN-IN-11195,2026-08-27,18,0,DEL-002,Delhi – Cyber Hub Gurugram,Delhi NCR,North,SKU-BEV-002,Monsoon Cinnamon Latte,Specialty Beverages,A,280,80,1,280,0.0,NONE,280.0,200.0,71.43,UPI (GooglePay/PhonePe),5,Potential Loyalist,1216
TXN-IN-11196,2026-08-04,20,0,DEL-001,Delhi – Connaught Place Inner Circle,Delhi,North,SKU-SNK-006,Smoked Paneer Tikka Sourdough,Gourmet Food,B,310,105,1,310,0.0,NONE,310.0,205.0,66.13,Debit Card,3,Potential Loyalist,1455
TXN-IN-11197,2026-08-20,16,0,MUM-001,Mumbai – Bandra West Linking Rd,Mumbai,West,SKU-BEV-001,Artisanal Cold Brew (350ml),Specialty Beverages,A,240,65,1,240,0.0,NONE,240.0,175.0,72.92,UPI (GooglePay/PhonePe),5,Loyal Customer,1669
TXN-IN-11198,2026-09-01,21,0,HYD-001,Hyderabad – Hitec City Cyber Towers,Hyderabad,South,SKU-BEV-001,Artisanal Cold Brew (350ml),Specialty Beverages,A,240,65,1,240,0.0,NONE,240.0,175.0,72.92,Debit Card,4,At Risk,1429
TXN-IN-11199,2026-07-25,15,1,DEL-001,Delhi – Connaught Place Inner Circle,Delhi,North,SKU-BEV-002,Monsoon Cinnamon Latte,Specialty Beverages,A,280,80,2,560,0.0,NONE,560.0,400.0,71.43,UPI (GooglePay/PhonePe),5,Loyal Customer,2043
TXN-IN-11200,2026-09-01,21,0,HYD-001,Hyderabad – Hitec City Cyber Towers,Hyderabad,South,SKU-BEV-001,Artisanal Cold Brew (350ml),Specialty Beverages,A,240,65,1,240,0.0,NONE,240.0,175.0,72.92,UPI (GooglePay/PhonePe),5,Loyal Customer,1472
TXN-IN-11201,2026-07-27,19,0,HYD-001,Hyderabad – Hitec City Cyber Towers,Hyderabad,South,SKU-SNK-006,Smoked Paneer Tikka Sourdough,Gourmet Food,B,310,105,2,620,0.0,NONE,620.0,410.0,66.13,Credit Card,5,Champion,1418
TXN-IN-11202,2026-08-23,14,1,DEL-002,Delhi – Cyber Hub Gurugram,Delhi NCR,North,SKU-BEV-002,Monsoon Cinnamon Latte,Specialty Beverages,A,280,80,1,280,0.0,NONE,280.0,200.0,71.43,Cash,5,Loyal Customer,1562
TXN-IN-11203,2026-08-18,9,0,DEL-002,Delhi – Cyber Hub Gurugram,Delhi NCR,North,SKU-BEV-001,Artisanal Cold Brew (350ml),Specialty Beverages,A,240,65,1,240,0.0,NONE,240.0,175.0,72.92,Debit Card,5,At Risk,1195
TXN-IN-11204,2026-08-12,13,0,MUM-002,Mumbai – Lower Parel High Street,Mumbai,West,SKU-DES-007,Classic Tiramisu Cup,Desserts,B,260,85,1,260,0.0,NONE,260.0,175.0,67.31,Cash,5,Loyal Customer,1006
TXN-IN-11205,2026-07-21,9,0,HYD-001,Hyderabad – Hitec City Cyber Towers,Hyderabad,South,SKU-SNK-006,Smoked Paneer Tikka Sourdough,Gourmet Food,B,310,105,1,310,15.0,CAMPAIGN_CODE_PROMO,263.5,158.5,60.15,UPI (GooglePay/PhonePe),5,Loyal Customer,1354
TXN-IN-11206,2026-07-25,12,1,CHN-001,Chennai – Anna Nagar 2nd Avenue,Chennai,South,SKU-BEV-002,Monsoon Cinnamon Latte,Specialty Beverages,A,280,80,1,280,0.0,NONE,280.0,200.0,71.43,Credit Card,5,Loyal Customer,1320
TXN-IN-11207,2026-08-04,14,0,CHN-001,Chennai – Anna Nagar 2nd Avenue,Chennai,South,SKU-PKG-008,Eco-Kraft Branded Cup (Carton),Packaging,C,950,620,1,950,15.0,CAMPAIGN_CODE_PROMO,807.5,187.5,23.22,UPI (GooglePay/PhonePe),5,Hibernating,860
TXN-IN-11208,2026-08-10,12,0,MUM-002,Mumbai – Lower Parel High Street,Mumbai,West,SKU-DES-007,Classic Tiramisu Cup,Desserts,B,260,85,1,260,0.0,NONE,260.0,175.0,67.31,UPI (GooglePay/PhonePe),4,Loyal Customer,929
TXN-IN-11209,2026-08-01,17,1,MUM-002,Mumbai – Lower Parel High Street,Mumbai,West,SKU-SNK-005,Truffle Cheese Mushroom Panini,Gourmet Food,A,340,120,2,680,0.0,NONE,680.0,440.0,64.71,UPI (GooglePay/PhonePe),5,Loyal Customer,1437
TXN-IN-11210,2026-08-16,18,1,MUM-002,Mumbai – Lower Parel High Street,Mumbai,West,SKU-BEV-003,Nitro Cold Brew Infusion,Specialty Beverages,A,310,90,1,310,0.0,NONE,310.0,220.0,70.97,UPI (GooglePay/PhonePe),4,Loyal Customer,1347
TXN-IN-11211,2026-08-02,13,1,BLR-001,Bengaluru – Indiranagar 100ft,Bengaluru,South,SKU-DES-007,Classic Tiramisu Cup,Desserts,B,260,85,2,520,0.0,NONE,520.0,350.0,67.31,Credit Card,5,Champion,1653
TXN-IN-11212,2026-08-09,19,1,MUM-001,Mumbai – Bandra West Linking Rd,Mumbai,West,SKU-BEV-002,Monsoon Cinnamon Latte,Specialty Beverages,A,280,80,2,560,0.0,NONE,560.0,400.0,71.43,Debit Card,5,Potential Loyalist,2231
TXN-IN-11213,2026-08-23,8,1,DEL-002,Delhi – Cyber Hub Gurugram,Delhi NCR,North,SKU-PKG-008,Eco-Kraft Branded Cup (Carton),Packaging,C,950,620,3,2850,0.0,NONE,2850.0,990.0,34.74,Credit Card,4,Champion,1595
TXN-IN-11214,2026-08-20,13,0,MUM-001,Mumbai – Bandra West Linking Rd,Mumbai,West,SKU-BEV-003,Nitro Cold Brew Infusion,Specialty Beverages,A,310,90,2,620,15.0,CAMPAIGN_CODE_PROMO,527.0,347.0,65.84,UPI (GooglePay/PhonePe),4,Loyal Customer,1658
TXN-IN-11215,2026-07-25,19,1,MUM-001,Mumbai – Bandra West Linking Rd,Mumbai,West,SKU-SNK-006,Smoked Paneer Tikka Sourdough,Gourmet Food,B,310,105,1,310,0.0,NONE,310.0,205.0,66.13,Debit Card,5,Potential Loyalist,2189
TXN-IN-11216,2026-08-28,19,0,DEL-001,Delhi – Connaught Place Inner Circle,Delhi,North,SKU-DES-007,Classic Tiramisu Cup,Desserts,B,260,85,1,260,0.0,NONE,260.0,175.0,67.31,Credit Card,5,Loyal Customer,1480
TXN-IN-11217,2026-08-13,21,0,CHN-001,Chennai – Anna Nagar 2nd Avenue,Chennai,South,SKU-BEV-003,Nitro Cold Brew Infusion,Specialty Beverages,A,310,90,1,310,10.0,CAMPAIGN_CODE_PROMO,279.0,189.0,67.74,UPI (GooglePay/PhonePe),5,Champion,914
TXN-IN-11218,2026-07-31,14,0,BLR-002,Bengaluru – Koramangala 5th Block,Bengaluru,South,SKU-DES-007,Classic Tiramisu Cup,Desserts,B,260,85,2,520,0.0,NONE,520.0,350.0,67.31,Cash,5,Potential Loyalist,1361
TXN-IN-11219,2026-07-26,15,1,DEL-001,Delhi – Connaught Place Inner Circle,Delhi,North,SKU-DES-007,Classic Tiramisu Cup,Desserts,B,260,85,1,260,0.0,NONE,260.0,175.0,67.31,Credit Card,4,Loyal Customer,1990
TXN-IN-11220,2026-08-14,14,0,MUM-002,Mumbai – Lower Parel High Street,Mumbai,West,SKU-BEV-001,Artisanal Cold Brew (350ml),Specialty Beverages,A,240,65,1,240,0.0,NONE,240.0,175.0,72.92,UPI (GooglePay/PhonePe),4,Champion,1048
TXN-IN-11221,2026-08-30,18,1,DEL-002,Delhi – Cyber Hub Gurugram,Delhi NCR,North,SKU-DES-007,Classic Tiramisu Cup,Desserts,B,260,85,1,260,0.0,NONE,260.0,175.0,67.31,UPI (GooglePay/PhonePe),4,Loyal Customer,1425
TXN-IN-11222,2026-08-27,13,0,DEL-002,Delhi – Cyber Hub Gurugram,Delhi NCR,North,SKU-BEV-001,Artisanal Cold Brew (350ml),Specialty Beverages,A,240,65,1,240,0.0,NONE,240.0,175.0,72.92,Debit Card,4,Hibernating,1025
TXN-IN-11223,2026-08-27,12,0,DEL-002,Delhi – Cyber Hub Gurugram,Delhi NCR,North,SKU-BAKE-004,Butter Flaky Croissant,Artisanal Bakery,B,180,55,3,540,0.0,NONE,540.0,375.0,69.44,UPI (GooglePay/PhonePe),5,Hibernating,1071
TXN-IN-11224,2026-08-09,9,1,BLR-002,Bengaluru – Koramangala 5th Block,Bengaluru,South,SKU-SNK-005,Truffle Cheese Mushroom Panini,Gourmet Food,A,340,120,1,340,0.0,NONE,340.0,220.0,64.71,Debit Card,5,Potential Loyalist,1709
TXN-IN-11225,2026-07-31,20,0,HYD-001,Hyderabad – Hitec City Cyber Towers,Hyderabad,South,SKU-BEV-002,Monsoon Cinnamon Latte,Specialty Beverages,A,280,80,2,560,0.0,NONE,560.0,400.0,71.43,UPI (GooglePay/PhonePe),5,Potential Loyalist,1327
TXN-IN-11226,2026-07-20,22,0,BLR-001,Bengaluru – Indiranagar 100ft,Bengaluru,South,SKU-DES-007,Classic Tiramisu Cup,Desserts,B,260,85,3,780,0.0,NONE,780.0,525.0,67.31,UPI (GooglePay/PhonePe),4,Hibernating,1253
TXN-IN-11227,2026-08-23,20,1,BLR-017,Bengaluru – JP Nagar (Outlet 17),Bengaluru,South,SKU-BEV-001,Artisanal Cold Brew (350ml),Specialty Beverages,A,240,65,1,240,25.0,OVERRIDE_MGR_01,180.0,115.0,63.89,Debit Card,3,Champion,1939
TXN-IN-11228,2026-09-03,11,0,CHN-001,Chennai – Anna Nagar 2nd Avenue,Chennai,South,SKU-PKG-008,Eco-Kraft Branded Cup (Carton),Packaging,C,950,620,1,950,10.0,CAMPAIGN_CODE_PROMO,855.0,235.0,27.49,Cash,4,Champion,883
TXN-IN-11229,2026-08-12,13,0,DEL-002,Delhi – Cyber Hub Gurugram,Delhi NCR,North,SKU-SNK-006,Smoked Paneer Tikka Sourdough,Gourmet Food,B,310,105,1,310,0.0,NONE,310.0,205.0,66.13,Credit Card,5,Potential Loyalist,1038
TXN-IN-11230,2026-08-18,14,0,HYD-001,Hyderabad – Hitec City Cyber Towers,Hyderabad,South,SKU-BAKE-004,Butter Flaky Croissant,Artisanal Bakery,B,180,55,2,360,0.0,NONE,360.0,250.0,69.44,Credit Card,4,Potential Loyalist,1455
TXN-IN-11231,2026-08-06,13,0,BLR-001,Bengaluru – Indiranagar 100ft,Bengaluru,South,SKU-BEV-003,Nitro Cold Brew Infusion,Specialty Beverages,A,310,90,1,310,0.0,NONE,310.0,220.0,70.97,Credit Card,5,Potential Loyalist,1148
TXN-IN-11232,2026-09-03,16,0,BLR-002,Bengaluru – Koramangala 5th Block,Bengaluru,South,SKU-SNK-005,Truffle Cheese Mushroom Panini,Gourmet Food,A,340,120,1,340,0.0,NONE,340.0,220.0,64.71,UPI (GooglePay/PhonePe),5,Loyal Customer,1298
TXN-IN-11233,2026-08-05,18,0,MUM-001,Mumbai – Bandra West Linking Rd,Mumbai,West,SKU-BEV-001,Artisanal Cold Brew (350ml),Specialty Beverages,A,240,65,3,720,5.0,CAMPAIGN_CODE_PROMO,684.0,489.0,71.49,Credit Card,5,Loyal Customer,1702
TXN-IN-11234,2026-08-14,18,0,HYD-001,Hyderabad – Hitec City Cyber Towers,Hyderabad,South,SKU-BEV-003,Nitro Cold Brew Infusion,Specialty Beverages,A,310,90,4,1240,0.0,NONE,1240.0,880.0,70.97,Cash,5,Loyal Customer,1434
TXN-IN-11235,2026-08-30,20,1,BLR-002,Bengaluru – Koramangala 5th Block,Bengaluru,South,SKU-PKG-008,Eco-Kraft Branded Cup (Carton),Packaging,C,950,620,1,950,5.0,CAMPAIGN_CODE_PROMO,902.5,282.5,31.3,Credit Card,5,Champion,1686
TXN-IN-11236,2026-08-06,16,0,BLR-017,Bengaluru – JP Nagar (Outlet 17),Bengaluru,South,SKU-BAKE-004,Butter Flaky Croissant,Artisanal Bakery,B,180,55,1,180,0.0,NONE,180.0,125.0,69.44,Cash,3,Potential Loyalist,1433
TXN-IN-11237,2026-08-31,21,0,BLR-001,Bengaluru – Indiranagar 100ft,Bengaluru,South,SKU-DES-007,Classic Tiramisu Cup,Desserts,B,260,85,2,520,0.0,NONE,520.0,350.0,67.31,Credit Card,5,Loyal Customer,1259
TXN-IN-11238,2026-08-23,17,1,BLR-017,Bengaluru – JP Nagar (Outlet 17),Bengaluru,South,SKU-BEV-001,Artisanal Cold Brew (350ml),Specialty Beverages,A,240,65,1,240,25.0,OVERRIDE_MGR_01,180.0,115.0,63.89,UPI (GooglePay/PhonePe),3,Champion,2013
TXN-IN-11239,2026-09-03,18,0,HYD-001,Hyderabad – Hitec City Cyber Towers,Hyderabad,South,SKU-BEV-003,Nitro Cold Brew Infusion,Specialty Beverages,A,310,90,1,310,0.0,NONE,310.0,220.0,70.97,UPI (GooglePay/PhonePe),4,Potential Loyalist,1326
TXN-IN-11240,2026-07-28,13,0,CHN-001,Chennai – Anna Nagar 2nd Avenue,Chennai,South,SKU-SNK-005,Truffle Cheese Mushroom Panini,Gourmet Food,A,340,120,1,340,0.0,NONE,340.0,220.0,64.71,Cash,5,Champion,1040
TXN-IN-11241,2026-07-23,11,0,DEL-001,Delhi – Connaught Place Inner Circle,Delhi,North,SKU-BEV-002,Monsoon Cinnamon Latte,Specialty Beverages,A,280,80,1,280,5.0,CAMPAIGN_CODE_PROMO,266.0,186.0,69.92,UPI (GooglePay/PhonePe),5,Champion,1544
TXN-IN-11242,2026-08-08,11,1,BLR-001,Bengaluru – Indiranagar 100ft,Bengaluru,South,SKU-DES-007,Classic Tiramisu Cup,Desserts,B,260,85,3,780,0.0,NONE,780.0,525.0,67.31,UPI (GooglePay/PhonePe),5,Potential Loyalist,1665
TXN-IN-11243,2026-08-18,18,0,BLR-001,Bengaluru – Indiranagar 100ft,Bengaluru,South,SKU-SNK-005,Truffle Cheese Mushroom Panini,Gourmet Food,A,340,120,2,680,0.0,NONE,680.0,440.0,64.71,UPI (GooglePay/PhonePe),5,Loyal Customer,1142
TXN-IN-11244,2026-08-30,13,1,MUM-002,Mumbai – Lower Parel High Street,Mumbai,West,SKU-SNK-005,Truffle Cheese Mushroom Panini,Gourmet Food,A,340,120,3,1020,0.0,NONE,1020.0,660.0,64.71,Cash,5,Potential Loyalist,1271
TXN-IN-11245,2026-07-31,22,0,HYD-001,Hyderabad – Hitec City Cyber Towers,Hyderabad,South,SKU-BEV-001,Artisanal Cold Brew (350ml),Specialty Beverages,A,240,65,1,240,0.0,NONE,240.0,175.0,72.92,UPI (GooglePay/PhonePe),5,Potential Loyalist,1482
TXN-IN-11246,2026-08-08,19,1,BLR-017,Bengaluru – JP Nagar (Outlet 17),Bengaluru,South,SKU-PKG-008,Eco-Kraft Branded Cup (Carton),Packaging,C,950,620,1,950,0.0,NONE,950.0,330.0,34.74,UPI (GooglePay/PhonePe),4,Champion,1965
TXN-IN-11247,2026-08-08,13,1,DEL-001,Delhi – Connaught Place Inner Circle,Delhi,North,SKU-PKG-008,Eco-Kraft Branded Cup (Carton),Packaging,C,950,620,1,950,0.0,NONE,950.0,330.0,34.74,Cash,4,Loyal Customer,1994
TXN-IN-11248,2026-08-14,12,0,BLR-002,Bengaluru – Koramangala 5th Block,Bengaluru,South,SKU-BEV-003,Nitro Cold Brew Infusion,Specialty Beverages,A,310,90,2,620,0.0,NONE,620.0,440.0,70.97,Debit Card,4,Potential Loyalist,1399
TXN-IN-11249,2026-08-06,20,0,MUM-001,Mumbai – Bandra West Linking Rd,Mumbai,West,SKU-SNK-005,Truffle Cheese Mushroom Panini,Gourmet Food,A,340,120,1,340,0.0,NONE,340.0,220.0,64.71,UPI (GooglePay/PhonePe),5,Potential Loyalist,1760
TXN-IN-11250,2026-08-09,15,1,HYD-001,Hyderabad – Hitec City Cyber Towers,Hyderabad,South,SKU-SNK-005,Truffle Cheese Mushroom Panini,Gourmet Food,A,340,120,1,340,0.0,NONE,340.0,220.0,64.71,Debit Card,5,Loyal Customer,1961
TXN-IN-11251,2026-07-28,19,0,HYD-001,Hyderabad – Hitec City Cyber Towers,Hyderabad,South,SKU-SNK-005,Truffle Cheese Mushroom Panini,Gourmet Food,A,340,120,1,340,0.0,NONE,340.0,220.0,64.71,Credit Card,5,Loyal Customer,1392
TXN-IN-11252,2026-08-16,19,1,DEL-002,Delhi – Cyber Hub Gurugram,Delhi NCR,North,SKU-SNK-006,Smoked Paneer Tikka Sourdough,Gourmet Food,B,310,105,2,620,0.0,NONE,620.0,410.0,66.13,Cash,5,At Risk,1432
TXN-IN-11253,2026-07-24,16,0,MUM-001,Mumbai – Bandra West Linking Rd,Mumbai,West,SKU-BEV-003,Nitro Cold Brew Infusion,Specialty Beverages,A,310,90,1,310,0.0,NONE,310.0,220.0,70.97,Debit Card,2,Hibernating,1769
TXN-IN-11254,2026-08-31,22,0,DEL-002,Delhi – Cyber Hub Gurugram,Delhi NCR,North,SKU-PKG-008,Eco-Kraft Branded Cup (Carton),Packaging,C,950,620,1,950,0.0,NONE,950.0,330.0,34.74,UPI (GooglePay/PhonePe),5,Potential Loyalist,1090
TXN-IN-11255,2026-08-23,11,1,DEL-001,Delhi – Connaught Place Inner Circle,Delhi,North,SKU-PKG-008,Eco-Kraft Branded Cup (Carton),Packaging,C,950,620,3,2850,15.0,CAMPAIGN_CODE_PROMO,2422.5,562.5,23.22,UPI (GooglePay/PhonePe),5,Potential Loyalist,2050
TXN-IN-11256,2026-07-29,17,0,BLR-002,Bengaluru – Koramangala 5th Block,Bengaluru,South,SKU-SNK-005,Truffle Cheese Mushroom Panini,Gourmet Food,A,340,120,2,680,0.0,NONE,680.0,440.0,64.71,Credit Card,5,Potential Loyalist,1266
TXN-IN-11257,2026-08-24,11,0,CHN-001,Chennai – Anna Nagar 2nd Avenue,Chennai,South,SKU-SNK-005,Truffle Cheese Mushroom Panini,Gourmet Food,A,340,120,2,680,0.0,NONE,680.0,440.0,64.71,Credit Card,2,Loyal Customer,1037
TXN-IN-11258,2026-08-17,13,0,MUM-001,Mumbai – Bandra West Linking Rd,Mumbai,West,SKU-BEV-003,Nitro Cold Brew Infusion,Specialty Beverages,A,310,90,1,310,0.0,NONE,310.0,220.0,70.97,UPI (GooglePay/PhonePe),4,Potential Loyalist,1635
TXN-IN-11259,2026-08-27,15,0,BLR-001,Bengaluru – Indiranagar 100ft,Bengaluru,South,SKU-BEV-003,Nitro Cold Brew Infusion,Specialty Beverages,A,310,90,1,310,0.0,NONE,310.0,220.0,70.97,Debit Card,4,At Risk,1085
TXN-IN-11260,2026-08-21,22,0,DEL-001,Delhi – Connaught Place Inner Circle,Delhi,North,SKU-BEV-001,Artisanal Cold Brew (350ml),Specialty Beverages,A,240,65,2,480,0.0,NONE,480.0,350.0,72.92,Credit Card,4,Loyal Customer,1567
TXN-IN-11261,2026-08-10,22,0,BLR-017,Bengaluru – JP Nagar (Outlet 17),Bengaluru,South,SKU-BEV-002,Monsoon Cinnamon Latte,Specialty Beverages,A,280,80,2,560,0.0,NONE,560.0,400.0,71.43,Cash,4,Champion,1459
TXN-IN-11262,2026-08-28,15,0,MUM-001,Mumbai – Bandra West Linking Rd,Mumbai,West,SKU-BEV-002,Monsoon Cinnamon Latte,Specialty Beverages,A,280,80,2,560,0.0,NONE,560.0,400.0,71.43,Debit Card,3,Hibernating,1608
TXN-IN-11263,2026-08-30,18,1,DEL-001,Delhi – Connaught Place Inner Circle,Delhi,North,SKU-BEV-002,Monsoon Cinnamon Latte,Specialty Beverages,A,280,80,1,280,0.0,NONE,280.0,200.0,71.43,Debit Card,3,Loyal Customer,2020
TXN-IN-11264,2026-07-20,14,0,DEL-002,Delhi – Cyber Hub Gurugram,Delhi NCR,North,SKU-BEV-001,Artisanal Cold Brew (350ml),Specialty Beverages,A,240,65,1,240,0.0,NONE,240.0,175.0,72.92,UPI (GooglePay/PhonePe),5,Potential Loyalist,1156
TXN-IN-11265,2026-08-18,19,0,MUM-001,Mumbai – Bandra West Linking Rd,Mumbai,West,SKU-SNK-006,Smoked Paneer Tikka Sourdough,Gourmet Food,B,310,105,3,930,0.0,NONE,930.0,615.0,66.13,UPI (GooglePay/PhonePe),4,Champion,1616
TXN-IN-11266,2026-07-26,17,1,BLR-001,Bengaluru – Indiranagar 100ft,Bengaluru,South,SKU-BEV-001,Artisanal Cold Brew (350ml),Specialty Beverages,A,240,65,2,480,0.0,NONE,480.0,350.0,72.92,Credit Card,3,Hibernating,1640
TXN-IN-11267,2026-08-02,22,1,MUM-001,Mumbai – Bandra West Linking Rd,Mumbai,West,SKU-SNK-005,Truffle Cheese Mushroom Panini,Gourmet Food,A,340,120,1,340,0.0,NONE,340.0,220.0,64.71,UPI (GooglePay/PhonePe),4,Champion,2259
TXN-IN-11268,2026-07-27,19,0,DEL-002,Delhi – Cyber Hub Gurugram,Delhi NCR,North,SKU-BEV-001,Artisanal Cold Brew (350ml),Specialty Beverages,A,240,65,1,240,0.0,NONE,240.0,175.0,72.92,Debit Card,5,Loyal Customer,1070
TXN-IN-11269,2026-08-02,12,1,DEL-002,Delhi – Cyber Hub Gurugram,Delhi NCR,North,SKU-BEV-002,Monsoon Cinnamon Latte,Specialty Beverages,A,280,80,1,280,0.0,NONE,280.0,200.0,71.43,Cash,5,Potential Loyalist,1435
TXN-IN-11270,2026-08-20,12,0,DEL-001,Delhi – Connaught Place Inner Circle,Delhi,North,SKU-SNK-006,Smoked Paneer Tikka Sourdough,Gourmet Food,B,310,105,1,310,15.0,CAMPAIGN_CODE_PROMO,263.5,158.5,60.15,Credit Card,5,Loyal Customer,1536
TXN-IN-11271,2026-07-21,15,0,BLR-001,Bengaluru – Indiranagar 100ft,Bengaluru,South,SKU-DES-007,Classic Tiramisu Cup,Desserts,B,260,85,2,520,0.0,NONE,520.0,350.0,67.31,Credit Card,5,Loyal Customer,1086
TXN-IN-11272,2026-08-16,10,1,MUM-002,Mumbai – Lower Parel High Street,Mumbai,West,SKU-BAKE-004,Butter Flaky Croissant,Artisanal Bakery,B,180,55,4,720,0.0,NONE,720.0,500.0,69.44,Debit Card,3,Champion,1313
TXN-IN-11273,2026-08-30,13,1,DEL-001,Delhi – Connaught Place Inner Circle,Delhi,North,SKU-BEV-001,Artisanal Cold Brew (350ml),Specialty Beverages,A,240,65,1,240,0.0,NONE,240.0,175.0,72.92,UPI (GooglePay/PhonePe),5,Champion,2065
TXN-IN-11274,2026-07-22,18,0,BLR-001,Bengaluru – Indiranagar 100ft,Bengaluru,South,SKU-BAKE-004,Butter Flaky Croissant,Artisanal Bakery,B,180,55,3,540,0.0,NONE,540.0,375.0,69.44,Debit Card,4,Loyal Customer,1114
TXN-IN-11275,2026-08-22,21,1,BLR-002,Bengaluru – Koramangala 5th Block,Bengaluru,South,SKU-BEV-003,Nitro Cold Brew Infusion,Specialty Beverages,A,310,90,1,310,0.0,NONE,310.0,220.0,70.97,UPI (GooglePay/PhonePe),5,Loyal Customer,1808
TXN-IN-11276,2026-08-12,9,0,MUM-002,Mumbai – Lower Parel High Street,Mumbai,West,SKU-SNK-006,Smoked Paneer Tikka Sourdough,Gourmet Food,B,310,105,1,310,10.0,CAMPAIGN_CODE_PROMO,279.0,174.0,62.37,UPI (GooglePay/PhonePe),4,Champion,1004
TXN-IN-11277,2026-07-22,19,0,CHN-001,Chennai – Anna Nagar 2nd Avenue,Chennai,South,SKU-DES-007,Classic Tiramisu Cup,Desserts,B,260,85,2,520,0.0,NONE,520.0,350.0,67.31,UPI (GooglePay/PhonePe),5,At Risk,863
TXN-IN-11278,2026-08-15,16,1,BLR-017,Bengaluru – JP Nagar (Outlet 17),Bengaluru,South,SKU-BEV-002,Monsoon Cinnamon Latte,Specialty Beverages,A,280,80,4,1120,25.0,OVERRIDE_MGR_01,840.0,520.0,61.9,Cash,2,At Risk,1837
TXN-IN-11279,2026-08-08,13,1,HYD-001,Hyderabad – Hitec City Cyber Towers,Hyderabad,South,SKU-PKG-008,Eco-Kraft Branded Cup (Carton),Packaging,C,950,620,3,2850,0.0,NONE,2850.0,990.0,34.74,Cash,5,Potential Loyalist,1979
TXN-IN-11280,2026-07-26,20,1,HYD-001,Hyderabad – Hitec City Cyber Towers,Hyderabad,South,SKU-PKG-008,Eco-Kraft Branded Cup (Carton),Packaging,C,950,620,2,1900,0.0,NONE,1900.0,660.0,34.74,UPI (GooglePay/PhonePe),5,At Risk,1832
TXN-IN-11281,2026-08-03,13,0,BLR-017,Bengaluru – JP Nagar (Outlet 17),Bengaluru,South,SKU-BEV-002,Monsoon Cinnamon Latte,Specialty Beverages,A,280,80,2,560,0.0,NONE,560.0,400.0,71.43,Credit Card,5,Potential Loyalist,1424
TXN-IN-11282,2026-09-03,11,0,HYD-001,Hyderabad – Hitec City Cyber Towers,Hyderabad,South,SKU-SNK-005,Truffle Cheese Mushroom Panini,Gourmet Food,A,340,120,2,680,0.0,NONE,680.0,440.0,64.71,UPI (GooglePay/PhonePe),5,Hibernating,1318
TXN-IN-11283,2026-08-13,8,0,BLR-001,Bengaluru – Indiranagar 100ft,Bengaluru,South,SKU-BAKE-004,Butter Flaky Croissant,Artisanal Bakery,B,180,55,4,720,0.0,NONE,720.0,500.0,69.44,UPI (GooglePay/PhonePe),5,Loyal Customer,1216
TXN-IN-11284,2026-08-19,20,0,HYD-001,Hyderabad – Hitec City Cyber Towers,Hyderabad,South,SKU-SNK-006,Smoked Paneer Tikka Sourdough,Gourmet Food,B,310,105,1,310,0.0,NONE,310.0,205.0,66.13,Debit Card,5,Champion,1469
TXN-IN-11285,2026-08-05,13,0,CHN-001,Chennai – Anna Nagar 2nd Avenue,Chennai,South,SKU-PKG-008,Eco-Kraft Branded Cup (Carton),Packaging,C,950,620,1,950,0.0,NONE,950.0,330.0,34.74,Credit Card,5,At Risk,905
TXN-IN-11286,2026-08-10,18,0,HYD-001,Hyderabad – Hitec City Cyber Towers,Hyderabad,South,SKU-PKG-008,Eco-Kraft Branded Cup (Carton),Packaging,C,950,620,2,1900,0.0,NONE,1900.0,660.0,34.74,Cash,5,Potential Loyalist,1419
TXN-IN-11287,2026-08-30,22,1,BLR-001,Bengaluru – Indiranagar 100ft,Bengaluru,South,SKU-BEV-003,Nitro Cold Brew Infusion,Specialty Beverages,A,310,90,1,310,0.0,NONE,310.0,220.0,70.97,UPI (GooglePay/PhonePe),5,Loyal Customer,1560
TXN-IN-11288,2026-08-08,21,1,HYD-001,Hyderabad – Hitec City Cyber Towers,Hyderabad,South,SKU-DES-007,Classic Tiramisu Cup,Desserts,B,260,85,2,520,0.0,NONE,520.0,350.0,67.31,Cash,5,At Risk,1926
TXN-IN-11289,2026-08-01,12,1,BLR-002,Bengaluru – Koramangala 5th Block,Bengaluru,South,SKU-BAKE-004,Butter Flaky Croissant,Artisanal Bakery,B,180,55,2,360,0.0,NONE,360.0,250.0,69.44,Cash,4,Champion,1783
TXN-IN-11290,2026-08-22,19,1,BLR-001,Bengaluru – Indiranagar 100ft,Bengaluru,South,SKU-SNK-006,Smoked Paneer Tikka Sourdough,Gourmet Food,B,310,105,1,310,0.0,NONE,310.0,205.0,66.13,UPI (GooglePay/PhonePe),5,Champion,1514
TXN-IN-11291,2026-08-29,21,1,MUM-001,Mumbai – Bandra West Linking Rd,Mumbai,West,SKU-BEV-003,Nitro Cold Brew Infusion,Specialty Beverages,A,310,90,1,310,0.0,NONE,310.0,220.0,70.97,UPI (GooglePay/PhonePe),5,Hibernating,2249
TXN-IN-11292,2026-08-07,16,0,DEL-002,Delhi – Cyber Hub Gurugram,Delhi NCR,North,SKU-DES-007,Classic Tiramisu Cup,Desserts,B,260,85,3,780,10.0,CAMPAIGN_CODE_PROMO,702.0,447.0,63.68,UPI (GooglePay/PhonePe),5,Potential Loyalist,1191
TXN-IN-11293,2026-08-08,15,1,MUM-001,Mumbai – Bandra West Linking Rd,Mumbai,West,SKU-BEV-002,Monsoon Cinnamon Latte,Specialty Beverages,A,280,80,1,280,5.0,CAMPAIGN_CODE_PROMO,266.0,186.0,69.92,UPI (GooglePay/PhonePe),5,Champion,2254
TXN-IN-11294,2026-08-14,10,0,MUM-001,Mumbai – Bandra West Linking Rd,Mumbai,West,SKU-BAKE-004,Butter Flaky Croissant,Artisanal Bakery,B,180,55,2,360,0.0,NONE,360.0,250.0,69.44,Credit Card,5,Loyal Customer,1755
TXN-IN-11295,2026-08-26,18,0,BLR-002,Bengaluru – Koramangala 5th Block,Bengaluru,South,SKU-BAKE-004,Butter Flaky Croissant,Artisanal Bakery,B,180,55,1,180,0.0,NONE,180.0,125.0,69.44,UPI (GooglePay/PhonePe),4,Loyal Customer,1334
TXN-IN-11296,2026-07-26,13,1,HYD-001,Hyderabad – Hitec City Cyber Towers,Hyderabad,South,SKU-BAKE-004,Butter Flaky Croissant,Artisanal Bakery,B,180,55,2,360,15.0,CAMPAIGN_CODE_PROMO,306.0,196.0,64.05,Cash,5,Champion,1989
TXN-IN-11297,2026-08-10,20,0,MUM-002,Mumbai – Lower Parel High Street,Mumbai,West,SKU-BEV-001,Artisanal Cold Brew (350ml),Specialty Beverages,A,240,65,1,240,10.0,CAMPAIGN_CODE_PROMO,216.0,151.0,69.91,Debit Card,5,At Risk,1077
TXN-IN-11298,2026-08-20,11,0,MUM-002,Mumbai – Lower Parel High Street,Mumbai,West,SKU-BAKE-004,Butter Flaky Croissant,Artisanal Bakery,B,180,55,1,180,0.0,NONE,180.0,125.0,69.44,Cash,3,Champion,1070
TXN-IN-11299,2026-08-20,11,0,DEL-002,Delhi – Cyber Hub Gurugram,Delhi NCR,North,SKU-DES-007,Classic Tiramisu Cup,Desserts,B,260,85,1,260,0.0,NONE,260.0,175.0,67.31,Credit Card,3,Potential Loyalist,1104
TXN-IN-11300,2026-08-15,11,1,MUM-002,Mumbai – Lower Parel High Street,Mumbai,West,SKU-SNK-006,Smoked Paneer Tikka Sourdough,Gourmet Food,B,310,105,1,310,0.0,NONE,310.0,205.0,66.13,UPI (GooglePay/PhonePe),5,Champion,1354
TXN-IN-11301,2026-08-31,20,0,MUM-002,Mumbai – Lower Parel High Street,Mumbai,West,SKU-BEV-002,Monsoon Cinnamon Latte,Specialty Beverages,A,280,80,4,1120,0.0,NONE,1120.0,800.0,71.43,Cash,4,Loyal Customer,1032
TXN-IN-11302,2026-08-31,18,0,DEL-002,Delhi – Cyber Hub Gurugram,Delhi NCR,North,SKU-BEV-001,Artisanal Cold Brew (350ml),Specialty Beverages,A,240,65,2,480,0.0,NONE,480.0,350.0,72.92,UPI (GooglePay/PhonePe),5,Champion,1215
TXN-IN-11303,2026-08-04,19,0,DEL-001,Delhi – Connaught Place Inner Circle,Delhi,North,SKU-DES-007,Classic Tiramisu Cup,Desserts,B,260,85,2,520,15.0,CAMPAIGN_CODE_PROMO,442.0,272.0,61.54,Debit Card,3,Loyal Customer,1553
TXN-IN-11304,2026-07-22,9,0,DEL-002,Delhi – Cyber Hub Gurugram,Delhi NCR,North,SKU-DES-007,Classic Tiramisu Cup,Desserts,B,260,85,2,520,0.0,NONE,520.0,350.0,67.31,UPI (GooglePay/PhonePe),4,Loyal Customer,1094
TXN-IN-11305,2026-08-15,13,1,BLR-001,Bengaluru – Indiranagar 100ft,Bengaluru,South,SKU-PKG-008,Eco-Kraft Branded Cup (Carton),Packaging,C,950,620,2,1900,0.0,NONE,1900.0,660.0,34.74,Credit Card,5,Hibernating,1542
TXN-IN-11306,2026-08-17,22,0,BLR-001,Bengaluru – Indiranagar 100ft,Bengaluru,South,SKU-SNK-006,Smoked Paneer Tikka Sourdough,Gourmet Food,B,310,105,1,310,0.0,NONE,310.0,205.0,66.13,UPI (GooglePay/PhonePe),5,Potential Loyalist,1210
TXN-IN-11307,2026-08-30,19,1,DEL-001,Delhi – Connaught Place Inner Circle,Delhi,North,SKU-DES-007,Classic Tiramisu Cup,Desserts,B,260,85,2,520,0.0,NONE,520.0,350.0,67.31,Debit Card,3,Loyal Customer,2102
TXN-IN-11308,2026-08-23,11,1,MUM-001,Mumbai – Bandra West Linking Rd,Mumbai,West,SKU-SNK-006,Smoked Paneer Tikka Sourdough,Gourmet Food,B,310,105,2,620,0.0,NONE,620.0,410.0,66.13,Debit Card,5,Loyal Customer,2194
TXN-IN-11309,2026-08-13,16,0,MUM-001,Mumbai – Bandra West Linking Rd,Mumbai,West,SKU-SNK-005,Truffle Cheese Mushroom Panini,Gourmet Food,A,340,120,3,1020,0.0,NONE,1020.0,660.0,64.71,Debit Card,3,Potential Loyalist,1613
TXN-IN-11310,2026-08-09,13,1,BLR-001,Bengaluru – Indiranagar 100ft,Bengaluru,South,SKU-BEV-002,Monsoon Cinnamon Latte,Specialty Beverages,A,280,80,1,280,0.0,NONE,280.0,200.0,71.43,Cash,5,Loyal Customer,1517
TXN-IN-11311,2026-08-14,19,0,BLR-017,Bengaluru – JP Nagar (Outlet 17),Bengaluru,South,SKU-BAKE-004,Butter Flaky Croissant,Artisanal Bakery,B,180,55,1,180,0.0,NONE,180.0,125.0,69.44,Credit Card,5,Loyal Customer,1430
TXN-IN-11312,2026-08-14,21,0,BLR-002,Bengaluru – Koramangala 5th Block,Bengaluru,South,SKU-DES-007,Classic Tiramisu Cup,Desserts,B,260,85,1,260,0.0,NONE,260.0,175.0,67.31,Credit Card,4,Hibernating,1282
TXN-IN-11313,2026-08-03,12,0,HYD-001,Hyderabad – Hitec City Cyber Towers,Hyderabad,South,SKU-BEV-001,Artisanal Cold Brew (350ml),Specialty Beverages,A,240,65,1,240,0.0,NONE,240.0,175.0,72.92,UPI (GooglePay/PhonePe),5,At Risk,1366
TXN-IN-11314,2026-08-04,12,0,MUM-001,Mumbai – Bandra West Linking Rd,Mumbai,West,SKU-PKG-008,Eco-Kraft Branded Cup (Carton),Packaging,C,950,620,2,1900,5.0,CAMPAIGN_CODE_PROMO,1805.0,565.0,31.3,UPI (GooglePay/PhonePe),3,Loyal Customer,1682
TXN-IN-11315,2026-08-15,20,1,CHN-001,Chennai – Anna Nagar 2nd Avenue,Chennai,South,SKU-BAKE-004,Butter Flaky Croissant,Artisanal Bakery,B,180,55,1,180,0.0,NONE,180.0,125.0,69.44,Cash,3,Hibernating,1353
TXN-IN-11316,2026-08-05,14,0,DEL-001,Delhi – Connaught Place Inner Circle,Delhi,North,SKU-SNK-005,Truffle Cheese Mushroom Panini,Gourmet Food,A,340,120,1,340,0.0,NONE,340.0,220.0,64.71,UPI (GooglePay/PhonePe),5,Loyal Customer,1597
TXN-IN-11317,2026-07-28,18,0,DEL-001,Delhi – Connaught Place Inner Circle,Delhi,North,SKU-BAKE-004,Butter Flaky Croissant,Artisanal Bakery,B,180,55,2,360,15.0,CAMPAIGN_CODE_PROMO,306.0,196.0,64.05,Debit Card,5,Champion,1574
TXN-IN-11318,2026-08-03,18,0,DEL-001,Delhi – Connaught Place Inner Circle,Delhi,North,SKU-BAKE-004,Butter Flaky Croissant,Artisanal Bakery,B,180,55,1,180,15.0,CAMPAIGN_CODE_PROMO,153.0,98.0,64.05,Debit Card,5,Loyal Customer,1463
TXN-IN-11319,2026-07-21,10,0,CHN-001,Chennai – Anna Nagar 2nd Avenue,Chennai,South,SKU-PKG-008,Eco-Kraft Branded Cup (Carton),Packaging,C,950,620,2,1900,0.0,NONE,1900.0,660.0,34.74,UPI (GooglePay/PhonePe),5,Loyal Customer,1024
TXN-IN-11320,2026-08-06,17,0,MUM-002,Mumbai – Lower Parel High Street,Mumbai,West,SKU-BEV-001,Artisanal Cold Brew (350ml),Specialty Beverages,A,240,65,2,480,0.0,NONE,480.0,350.0,72.92,UPI (GooglePay/PhonePe),1,Champion,1015
TXN-IN-11321,2026-08-08,17,1,CHN-001,Chennai – Anna Nagar 2nd Avenue,Chennai,South,SKU-SNK-005,Truffle Cheese Mushroom Panini,Gourmet Food,A,340,120,1,340,0.0,NONE,340.0,220.0,64.71,Debit Card,5,Loyal Customer,1336
TXN-IN-11322,2026-08-26,10,0,DEL-001,Delhi – Connaught Place Inner Circle,Delhi,North,SKU-BEV-001,Artisanal Cold Brew (350ml),Specialty Beverages,A,240,65,4,960,0.0,NONE,960.0,700.0,72.92,Cash,5,Hibernating,1577
TXN-IN-11323,2026-07-24,19,0,CHN-001,Chennai – Anna Nagar 2nd Avenue,Chennai,South,SKU-DES-007,Classic Tiramisu Cup,Desserts,B,260,85,2,520,0.0,NONE,520.0,350.0,67.31,Cash,4,Hibernating,886
TXN-IN-11324,2026-07-21,11,0,HYD-001,Hyderabad – Hitec City Cyber Towers,Hyderabad,South,SKU-BEV-002,Monsoon Cinnamon Latte,Specialty Beverages,A,280,80,1,280,0.0,NONE,280.0,200.0,71.43,Debit Card,4,Loyal Customer,1431
TXN-IN-11325,2026-07-28,14,0,DEL-001,Delhi – Connaught Place Inner Circle,Delhi,North,SKU-BEV-003,Nitro Cold Brew Infusion,Specialty Beverages,A,310,90,1,310,0.0,NONE,310.0,220.0,70.97,Credit Card,5,Champion,1522
TXN-IN-11326,2026-08-01,18,1,MUM-001,Mumbai – Bandra West Linking Rd,Mumbai,West,SKU-SNK-006,Smoked Paneer Tikka Sourdough,Gourmet Food,B,310,105,4,1240,0.0,NONE,1240.0,820.0,66.13,UPI (GooglePay/PhonePe),5,Champion,2302
TXN-IN-11327,2026-07-23,11,0,CHN-001,Chennai – Anna Nagar 2nd Avenue,Chennai,South,SKU-BEV-001,Artisanal Cold Brew (350ml),Specialty Beverages,A,240,65,2,480,15.0,CAMPAIGN_CODE_PROMO,408.0,278.0,68.14,UPI (GooglePay/PhonePe),5,Loyal Customer,847
TXN-IN-11328,2026-08-25,12,0,DEL-001,Delhi – Connaught Place Inner Circle,Delhi,North,SKU-BEV-002,Monsoon Cinnamon Latte,Specialty Beverages,A,280,80,4,1120,0.0,NONE,1120.0,800.0,71.43,UPI (GooglePay/PhonePe),5,Hibernating,1444
TXN-IN-11329,2026-09-01,20,0,BLR-002,Bengaluru – Koramangala 5th Block,Bengaluru,South,SKU-SNK-006,Smoked Paneer Tikka Sourdough,Gourmet Food,B,310,105,2,620,0.0,NONE,620.0,410.0,66.13,UPI (GooglePay/PhonePe),5,At Risk,1313
TXN-IN-11330,2026-07-21,13,0,BLR-001,Bengaluru – Indiranagar 100ft,Bengaluru,South,SKU-BEV-002,Monsoon Cinnamon Latte,Specialty Beverages,A,280,80,2,560,0.0,NONE,560.0,400.0,71.43,Credit Card,4,Loyal Customer,1112
TXN-IN-11331,2026-07-26,22,1,HYD-001,Hyderabad – Hitec City Cyber Towers,Hyderabad,South,SKU-BAKE-004,Butter Flaky Croissant,Artisanal Bakery,B,180,55,2,360,0.0,NONE,360.0,250.0,69.44,Debit Card,3,Loyal Customer,1895
TXN-IN-11332,2026-08-17,14,0,BLR-017,Bengaluru – JP Nagar (Outlet 17),Bengaluru,South,SKU-BEV-002,Monsoon Cinnamon Latte,Specialty Beverages,A,280,80,1,280,25.0,OVERRIDE_MGR_01,210.0,130.0,61.9,Debit Card,4,Loyal Customer,1462
TXN-IN-11333,2026-08-31,14,0,BLR-017,Bengaluru – JP Nagar (Outlet 17),Bengaluru,South,SKU-BEV-002,Monsoon Cinnamon Latte,Specialty Beverages,A,280,80,2,560,0.0,NONE,560.0,400.0,71.43,Cash,5,Potential Loyalist,1504
TXN-IN-11334,2026-08-01,19,1,MUM-002,Mumbai – Lower Parel High Street,Mumbai,West,SKU-SNK-006,Smoked Paneer Tikka Sourdough,Gourmet Food,B,310,105,1,310,0.0,NONE,310.0,205.0,66.13,Debit Card,5,Loyal Customer,1368
TXN-IN-11335,2026-07-21,16,0,HYD-001,Hyderabad – Hitec City Cyber Towers,Hyderabad,South,SKU-BEV-002,Monsoon Cinnamon Latte,Specialty Beverages,A,280,80,1,280,0.0,NONE,280.0,200.0,71.43,Debit Card,1,Potential Loyalist,1507
TXN-IN-11336,2026-09-01,11,0,BLR-001,Bengaluru – Indiranagar 100ft,Bengaluru,South,SKU-BEV-001,Artisanal Cold Brew (350ml),Specialty Beverages,A,240,65,1,240,0.0,NONE,240.0,175.0,72.92,Cash,5,Potential Loyalist,1259
TXN-IN-11337,2026-07-23,13,0,CHN-001,Chennai – Anna Nagar 2nd Avenue,Chennai,South,SKU-BEV-001,Artisanal Cold Brew (350ml),Specialty Beverages,A,240,65,1,240,0.0,NONE,240.0,175.0,72.92,Cash,5,At Risk,951
TXN-IN-11338,2026-08-21,19,0,CHN-001,Chennai – Anna Nagar 2nd Avenue,Chennai,South,SKU-BEV-003,Nitro Cold Brew Infusion,Specialty Beverages,A,310,90,1,310,5.0,CAMPAIGN_CODE_PROMO,294.5,204.5,69.44,UPI (GooglePay/PhonePe),5,Champion,896
TXN-IN-11339,2026-09-03,17,0,DEL-001,Delhi – Connaught Place Inner Circle,Delhi,North,SKU-BEV-002,Monsoon Cinnamon Latte,Specialty Beverages,A,280,80,2,560,0.0,NONE,560.0,400.0,71.43,Cash,5,Hibernating,1472
TXN-IN-11340,2026-09-02,13,0,BLR-017,Bengaluru – JP Nagar (Outlet 17),Bengaluru,South,SKU-SNK-005,Truffle Cheese Mushroom Panini,Gourmet Food,A,340,120,1,340,0.0,NONE,340.0,220.0,64.71,UPI (GooglePay/PhonePe),1,At Risk,1435
TXN-IN-11341,2026-08-14,13,0,BLR-001,Bengaluru – Indiranagar 100ft,Bengaluru,South,SKU-BEV-003,Nitro Cold Brew Infusion,Specialty Beverages,A,310,90,1,310,0.0,NONE,310.0,220.0,70.97,Debit Card,4,Potential Loyalist,1230
TXN-IN-11342,2026-08-08,8,1,MUM-001,Mumbai – Bandra West Linking Rd,Mumbai,West,SKU-SNK-005,Truffle Cheese Mushroom Panini,Gourmet Food,A,340,120,1,340,0.0,NONE,340.0,220.0,64.71,Debit Card,5,At Risk,2346
TXN-IN-11343,2026-08-20,15,0,MUM-002,Mumbai – Lower Parel High Street,Mumbai,West,SKU-BEV-001,Artisanal Cold Brew (350ml),Specialty Beverages,A,240,65,2,480,0.0,NONE,480.0,350.0,72.92,Debit Card,5,Potential Loyalist,918
TXN-IN-11344,2026-08-29,19,1,BLR-017,Bengaluru – JP Nagar (Outlet 17),Bengaluru,South,SKU-BEV-002,Monsoon Cinnamon Latte,Specialty Beverages,A,280,80,1,280,25.0,OVERRIDE_MGR_01,210.0,130.0,61.9,Cash,1,Loyal Customer,2011
TXN-IN-11345,2026-09-03,13,0,DEL-002,Delhi – Cyber Hub Gurugram,Delhi NCR,North,SKU-SNK-005,Truffle Cheese Mushroom Panini,Gourmet Food,A,340,120,1,340,0.0,NONE,340.0,220.0,64.71,UPI (GooglePay/PhonePe),4,Loyal Customer,1071
TXN-IN-11346,2026-07-25,17,1,CHN-001,Chennai – Anna Nagar 2nd Avenue,Chennai,South,SKU-PKG-008,Eco-Kraft Branded Cup (Carton),Packaging,C,950,620,1,950,10.0,CAMPAIGN_CODE_PROMO,855.0,235.0,27.49,UPI (GooglePay/PhonePe),5,Champion,1261
TXN-IN-11347,2026-07-31,18,0,BLR-017,Bengaluru – JP Nagar (Outlet 17),Bengaluru,South,SKU-BEV-002,Monsoon Cinnamon Latte,Specialty Beverages,A,280,80,1,280,25.0,OVERRIDE_MGR_01,210.0,130.0,61.9,UPI (GooglePay/PhonePe),2,Potential Loyalist,1468
TXN-IN-11348,2026-08-01,8,1,MUM-001,Mumbai – Bandra West Linking Rd,Mumbai,West,SKU-SNK-006,Smoked Paneer Tikka Sourdough,Gourmet Food,B,310,105,1,310,0.0,NONE,310.0,205.0,66.13,Credit Card,3,Loyal Customer,2198
TXN-IN-11349,2026-08-30,21,1,BLR-001,Bengaluru – Indiranagar 100ft,Bengaluru,South,SKU-DES-007,Classic Tiramisu Cup,Desserts,B,260,85,1,260,0.0,NONE,260.0,175.0,67.31,UPI (GooglePay/PhonePe),5,Champion,1640
TXN-IN-11350,2026-08-17,13,0,BLR-001,Bengaluru – Indiranagar 100ft,Bengaluru,South,SKU-PKG-008,Eco-Kraft Branded Cup (Carton),Packaging,C,950,620,1,950,0.0,NONE,950.0,330.0,34.74,Cash,5,Loyal Customer,1151
TXN-IN-11351,2026-07-23,17,0,BLR-017,Bengaluru – JP Nagar (Outlet 17),Bengaluru,South,SKU-BEV-002,Monsoon Cinnamon Latte,Specialty Beverages,A,280,80,1,280,0.0,NONE,280.0,200.0,71.43,Credit Card,5,Champion,1366
TXN-IN-11352,2026-09-01,17,0,MUM-001,Mumbai – Bandra West Linking Rd,Mumbai,West,SKU-BEV-001,Artisanal Cold Brew (350ml),Specialty Beverages,A,240,65,1,240,0.0,NONE,240.0,175.0,72.92,Cash,5,Champion,1730
TXN-IN-11353,2026-07-22,20,0,CHN-001,Chennai – Anna Nagar 2nd Avenue,Chennai,South,SKU-BEV-002,Monsoon Cinnamon Latte,Specialty Beverages,A,280,80,1,280,0.0,NONE,280.0,200.0,71.43,Cash,4,Loyal Customer,997
TXN-IN-11354,2026-08-13,18,0,HYD-001,Hyderabad – Hitec City Cyber Towers,Hyderabad,South,SKU-BAKE-004,Butter Flaky Croissant,Artisanal Bakery,B,180,55,2,360,0.0,NONE,360.0,250.0,69.44,Debit Card,5,At Risk,1426
TXN-IN-11355,2026-08-23,18,1,DEL-001,Delhi – Connaught Place Inner Circle,Delhi,North,SKU-BAKE-004,Butter Flaky Croissant,Artisanal Bakery,B,180,55,1,180,0.0,NONE,180.0,125.0,69.44,Debit Card,1,At Risk,2039
TXN-IN-11356,2026-07-21,16,0,DEL-002,Delhi – Cyber Hub Gurugram,Delhi NCR,North,SKU-SNK-005,Truffle Cheese Mushroom Panini,Gourmet Food,A,340,120,1,340,0.0,NONE,340.0,220.0,64.71,Cash,3,Hibernating,1052
TXN-IN-11357,2026-08-29,15,1,DEL-001,Delhi – Connaught Place Inner Circle,Delhi,North,SKU-BAKE-004,Butter Flaky Croissant,Artisanal Bakery,B,180,55,3,540,0.0,NONE,540.0,375.0,69.44,Debit Card,5,Loyal Customer,2038
TXN-IN-11358,2026-08-10,17,0,DEL-001,Delhi – Connaught Place Inner Circle,Delhi,North,SKU-DES-007,Classic Tiramisu Cup,Desserts,B,260,85,1,260,0.0,NONE,260.0,175.0,67.31,UPI (GooglePay/PhonePe),5,Hibernating,1606
TXN-IN-11359,2026-08-31,19,0,DEL-001,Delhi – Connaught Place Inner Circle,Delhi,North,SKU-PKG-008,Eco-Kraft Branded Cup (Carton),Packaging,C,950,620,1,950,0.0,NONE,950.0,330.0,34.74,Credit Card,5,Champion,1447
TXN-IN-11360,2026-08-23,21,1,HYD-001,Hyderabad – Hitec City Cyber Towers,Hyderabad,South,SKU-SNK-005,Truffle Cheese Mushroom Panini,Gourmet Food,A,340,120,3,1020,0.0,NONE,1020.0,660.0,64.71,Debit Card,5,Champion,1937
TXN-IN-11361,2026-07-30,16,0,DEL-002,Delhi – Cyber Hub Gurugram,Delhi NCR,North,SKU-DES-007,Classic Tiramisu Cup,Desserts,B,260,85,1,260,0.0,NONE,260.0,175.0,67.31,Debit Card,5,Champion,1210
TXN-IN-11362,2026-09-01,19,0,BLR-002,Bengaluru – Koramangala 5th Block,Bengaluru,South,SKU-DES-007,Classic Tiramisu Cup,Desserts,B,260,85,2,520,0.0,NONE,520.0,350.0,67.31,Credit Card,5,At Risk,1233
TXN-IN-11363,2026-08-20,19,0,DEL-001,Delhi – Connaught Place Inner Circle,Delhi,North,SKU-BEV-001,Artisanal Cold Brew (350ml),Specialty Beverages,A,240,65,2,480,5.0,CAMPAIGN_CODE_PROMO,456.0,326.0,71.49,UPI (GooglePay/PhonePe),5,Champion,1511
TXN-IN-11364,2026-08-01,10,1,BLR-002,Bengaluru – Koramangala 5th Block,Bengaluru,South,SKU-BAKE-004,Butter Flaky Croissant,Artisanal Bakery,B,180,55,1,180,0.0,NONE,180.0,125.0,69.44,Credit Card,5,At Risk,1769
TXN-IN-11365,2026-08-10,19,0,BLR-002,Bengaluru – Koramangala 5th Block,Bengaluru,South,SKU-SNK-005,Truffle Cheese Mushroom Panini,Gourmet Food,A,340,120,1,340,0.0,NONE,340.0,220.0,64.71,UPI (GooglePay/PhonePe),5,Champion,1358
TXN-IN-11366,2026-08-15,13,1,BLR-002,Bengaluru – Koramangala 5th Block,Bengaluru,South,SKU-PKG-008,Eco-Kraft Branded Cup (Carton),Packaging,C,950,620,2,1900,0.0,NONE,1900.0,660.0,34.74,UPI (GooglePay/PhonePe),1,Potential Loyalist,1685
TXN-IN-11367,2026-08-17,14,0,BLR-017,Bengaluru – JP Nagar (Outlet 17),Bengaluru,South,SKU-BEV-001,Artisanal Cold Brew (350ml),Specialty Beverages,A,240,65,1,240,25.0,OVERRIDE_MGR_01,180.0,115.0,63.89,UPI (GooglePay/PhonePe),3,Hibernating,1432
TXN-IN-11368,2026-08-17,21,0,BLR-002,Bengaluru – Koramangala 5th Block,Bengaluru,South,SKU-PKG-008,Eco-Kraft Branded Cup (Carton),Packaging,C,950,620,3,2850,0.0,NONE,2850.0,990.0,34.74,Cash,5,Loyal Customer,1221
TXN-IN-11369,2026-08-12,13,0,BLR-017,Bengaluru – JP Nagar (Outlet 17),Bengaluru,South,SKU-BEV-003,Nitro Cold Brew Infusion,Specialty Beverages,A,310,90,1,310,25.0,OVERRIDE_MGR_01,232.5,142.5,61.29,UPI (GooglePay/PhonePe),1,Hibernating,1390
TXN-IN-11370,2026-08-29,21,1,DEL-001,Delhi – Connaught Place Inner Circle,Delhi,North,SKU-SNK-005,Truffle Cheese Mushroom Panini,Gourmet Food,A,340,120,2,680,15.0,CAMPAIGN_CODE_PROMO,578.0,338.0,58.48,Debit Card,5,At Risk,2051
TXN-IN-11371,2026-07-30,13,0,DEL-001,Delhi – Connaught Place Inner Circle,Delhi,North,SKU-SNK-005,Truffle Cheese Mushroom Panini,Gourmet Food,A,340,120,1,340,0.0,NONE,340.0,220.0,64.71,UPI (GooglePay/PhonePe),5,At Risk,1433
TXN-IN-11372,2026-08-30,22,1,MUM-001,Mumbai – Bandra West Linking Rd,Mumbai,West,SKU-SNK-005,Truffle Cheese Mushroom Panini,Gourmet Food,A,340,120,1,340,0.0,NONE,340.0,220.0,64.71,Credit Card,4,Potential Loyalist,2264
TXN-IN-11373,2026-08-31,11,0,BLR-017,Bengaluru – JP Nagar (Outlet 17),Bengaluru,South,SKU-SNK-006,Smoked Paneer Tikka Sourdough,Gourmet Food,B,310,105,2,620,0.0,NONE,620.0,410.0,66.13,Cash,5,Loyal Customer,1460
TXN-IN-11374,2026-08-13,13,0,DEL-002,Delhi – Cyber Hub Gurugram,Delhi NCR,North,SKU-BEV-001,Artisanal Cold Brew (350ml),Specialty Beverages,A,240,65,2,480,0.0,NONE,480.0,350.0,72.92,Credit Card,4,At Risk,1220
TXN-IN-11375,2026-08-16,14,1,DEL-002,Delhi – Cyber Hub Gurugram,Delhi NCR,North,SKU-SNK-006,Smoked Paneer Tikka Sourdough,Gourmet Food,B,310,105,1,310,0.0,NONE,310.0,205.0,66.13,UPI (GooglePay/PhonePe),5,Loyal Customer,1520
TXN-IN-11376,2026-08-31,20,0,BLR-017,Bengaluru – JP Nagar (Outlet 17),Bengaluru,South,SKU-SNK-006,Smoked Paneer Tikka Sourdough,Gourmet Food,B,310,105,3,930,25.0,OVERRIDE_MGR_01,697.5,382.5,54.84,UPI (GooglePay/PhonePe),5,Champion,1435
TXN-IN-11377,2026-07-24,20,0,BLR-002,Bengaluru – Koramangala 5th Block,Bengaluru,South,SKU-BAKE-004,Butter Flaky Croissant,Artisanal Bakery,B,180,55,2,360,5.0,CAMPAIGN_CODE_PROMO,342.0,232.0,67.84,Credit Card,3,Potential Loyalist,1239
TXN-IN-11378,2026-08-26,11,0,HYD-001,Hyderabad – Hitec City Cyber Towers,Hyderabad,South,SKU-SNK-006,Smoked Paneer Tikka Sourdough,Gourmet Food,B,310,105,2,620,15.0,CAMPAIGN_CODE_PROMO,527.0,317.0,60.15,UPI (GooglePay/PhonePe),5,Potential Loyalist,1330
TXN-IN-11379,2026-07-31,19,0,BLR-017,Bengaluru – JP Nagar (Outlet 17),Bengaluru,South,SKU-BEV-002,Monsoon Cinnamon Latte,Specialty Beverages,A,280,80,1,280,25.0,OVERRIDE_MGR_01,210.0,130.0,61.9,UPI (GooglePay/PhonePe),4,Potential Loyalist,1389
TXN-IN-11380,2026-08-19,12,0,MUM-001,Mumbai – Bandra West Linking Rd,Mumbai,West,SKU-PKG-008,Eco-Kraft Branded Cup (Carton),Packaging,C,950,620,2,1900,0.0,NONE,1900.0,660.0,34.74,Cash,3,Champion,1617
TXN-IN-11381,2026-08-21,12,0,BLR-001,Bengaluru – Indiranagar 100ft,Bengaluru,South,SKU-BEV-002,Monsoon Cinnamon Latte,Specialty Beverages,A,280,80,1,280,15.0,CAMPAIGN_CODE_PROMO,238.0,158.0,66.39,Cash,1,Potential Loyalist,1249
TXN-IN-11382,2026-07-24,19,0,MUM-001,Mumbai – Bandra West Linking Rd,Mumbai,West,SKU-BEV-003,Nitro Cold Brew Infusion,Specialty Beverages,A,310,90,2,620,0.0,NONE,620.0,440.0,70.97,Debit Card,4,Loyal Customer,1723
TXN-IN-11383,2026-08-15,13,1,CHN-001,Chennai – Anna Nagar 2nd Avenue,Chennai,South,SKU-SNK-005,Truffle Cheese Mushroom Panini,Gourmet Food,A,340,120,1,340,0.0,NONE,340.0,220.0,64.71,UPI (GooglePay/PhonePe),5,Potential Loyalist,1336
TXN-IN-11384,2026-08-05,10,0,MUM-002,Mumbai – Lower Parel High Street,Mumbai,West,SKU-BEV-003,Nitro Cold Brew Infusion,Specialty Beverages,A,310,90,1,310,0.0,NONE,310.0,220.0,70.97,UPI (GooglePay/PhonePe),4,At Risk,920
TXN-IN-11385,2026-09-01,18,0,HYD-001,Hyderabad – Hitec City Cyber Towers,Hyderabad,South,SKU-BEV-001,Artisanal Cold Brew (350ml),Specialty Beverages,A,240,65,4,960,0.0,NONE,960.0,700.0,72.92,Credit Card,4,Potential Loyalist,1326
TXN-IN-11386,2026-08-25,19,0,MUM-002,Mumbai – Lower Parel High Street,Mumbai,West,SKU-SNK-006,Smoked Paneer Tikka Sourdough,Gourmet Food,B,310,105,1,310,0.0,NONE,310.0,205.0,66.13,Debit Card,5,Loyal Customer,1039
TXN-IN-11387,2026-08-01,14,1,MUM-001,Mumbai – Bandra West Linking Rd,Mumbai,West,SKU-BEV-003,Nitro Cold Brew Infusion,Specialty Beverages,A,310,90,1,310,0.0,NONE,310.0,220.0,70.97,Debit Card,5,Potential Loyalist,2250
TXN-IN-11388,2026-08-18,19,0,HYD-001,Hyderabad – Hitec City Cyber Towers,Hyderabad,South,SKU-PKG-008,Eco-Kraft Branded Cup (Carton),Packaging,C,950,620,1,950,0.0,NONE,950.0,330.0,34.74,UPI (GooglePay/PhonePe),3,Potential Loyalist,1407
TXN-IN-11389,2026-08-29,15,1,BLR-002,Bengaluru – Koramangala 5th Block,Bengaluru,South,SKU-DES-007,Classic Tiramisu Cup,Desserts,B,260,85,1,260,0.0,NONE,260.0,175.0,67.31,UPI (GooglePay/PhonePe),5,Hibernating,1703
TXN-IN-11390,2026-07-26,13,1,BLR-001,Bengaluru – Indiranagar 100ft,Bengaluru,South,SKU-DES-007,Classic Tiramisu Cup,Desserts,B,260,85,1,260,0.0,NONE,260.0,175.0,67.31,Debit Card,5,Loyal Customer,1612
TXN-IN-11391,2026-08-06,19,0,MUM-001,Mumbai – Bandra West Linking Rd,Mumbai,West,SKU-BAKE-004,Butter Flaky Croissant,Artisanal Bakery,B,180,55,1,180,0.0,NONE,180.0,125.0,69.44,UPI (GooglePay/PhonePe),5,Potential Loyalist,1660
TXN-IN-11392,2026-07-26,18,1,BLR-017,Bengaluru – JP Nagar (Outlet 17),Bengaluru,South,SKU-SNK-006,Smoked Paneer Tikka Sourdough,Gourmet Food,B,310,105,2,620,25.0,OVERRIDE_MGR_01,465.0,255.0,54.84,Cash,2,Loyal Customer,1840
TXN-IN-11393,2026-08-08,19,1,BLR-002,Bengaluru – Koramangala 5th Block,Bengaluru,South,SKU-SNK-006,Smoked Paneer Tikka Sourdough,Gourmet Food,B,310,105,2,620,0.0,NONE,620.0,410.0,66.13,UPI (GooglePay/PhonePe),5,Loyal Customer,1735
TXN-IN-11394,2026-08-12,16,0,BLR-002,Bengaluru – Koramangala 5th Block,Bengaluru,South,SKU-SNK-006,Smoked Paneer Tikka Sourdough,Gourmet Food,B,310,105,2,620,10.0,CAMPAIGN_CODE_PROMO,558.0,348.0,62.37,Debit Card,5,Hibernating,1376
TXN-IN-11395,2026-08-03,17,0,DEL-001,Delhi – Connaught Place Inner Circle,Delhi,North,SKU-PKG-008,Eco-Kraft Branded Cup (Carton),Packaging,C,950,620,2,1900,0.0,NONE,1900.0,660.0,34.74,Credit Card,4,At Risk,1502
TXN-IN-11396,2026-08-29,13,1,MUM-001,Mumbai – Bandra West Linking Rd,Mumbai,West,SKU-BAKE-004,Butter Flaky Croissant,Artisanal Bakery,B,180,55,2,360,0.0,NONE,360.0,250.0,69.44,UPI (GooglePay/PhonePe),5,At Risk,2245
TXN-IN-11397,2026-07-29,16,0,DEL-001,Delhi – Connaught Place Inner Circle,Delhi,North,SKU-BEV-002,Monsoon Cinnamon Latte,Specialty Beverages,A,280,80,1,280,0.0,NONE,280.0,200.0,71.43,Credit Card,5,Loyal Customer,1469
TXN-IN-11398,2026-08-06,10,0,BLR-002,Bengaluru – Koramangala 5th Block,Bengaluru,South,SKU-SNK-006,Smoked Paneer Tikka Sourdough,Gourmet Food,B,310,105,2,620,0.0,NONE,620.0,410.0,66.13,UPI (GooglePay/PhonePe),5,At Risk,1323
TXN-IN-11399,2026-08-24,16,0,BLR-002,Bengaluru – Koramangala 5th Block,Bengaluru,South,SKU-SNK-005,Truffle Cheese Mushroom Panini,Gourmet Food,A,340,120,4,1360,0.0,NONE,1360.0,880.0,64.71,Cash,5,At Risk,1248
TXN-IN-11400,2026-08-27,19,0,BLR-017,Bengaluru – JP Nagar (Outlet 17),Bengaluru,South,SKU-SNK-005,Truffle Cheese Mushroom Panini,Gourmet Food,A,340,120,2,680,25.0,OVERRIDE_MGR_01,510.0,270.0,52.94,Cash,2,Loyal Customer,1342
TXN-IN-11401,2026-08-08,9,1,MUM-002,Mumbai – Lower Parel High Street,Mumbai,West,SKU-BAKE-004,Butter Flaky Croissant,Artisanal Bakery,B,180,55,1,180,0.0,NONE,180.0,125.0,69.44,Debit Card,5,Loyal Customer,1280
TXN-IN-11402,2026-08-17,19,0,DEL-002,Delhi – Cyber Hub Gurugram,Delhi NCR,North,SKU-BEV-003,Nitro Cold Brew Infusion,Specialty Beverages,A,310,90,2,620,10.0,CAMPAIGN_CODE_PROMO,558.0,378.0,67.74,Debit Card,5,Potential Loyalist,1136
TXN-IN-11403,2026-08-07,8,0,BLR-002,Bengaluru – Koramangala 5th Block,Bengaluru,South,SKU-BEV-003,Nitro Cold Brew Infusion,Specialty Beverages,A,310,90,1,310,10.0,CAMPAIGN_CODE_PROMO,279.0,189.0,67.74,Cash,5,Champion,1384
TXN-IN-11404,2026-08-13,18,0,CHN-001,Chennai – Anna Nagar 2nd Avenue,Chennai,South,SKU-BEV-001,Artisanal Cold Brew (350ml),Specialty Beverages,A,240,65,2,480,0.0,NONE,480.0,350.0,72.92,Credit Card,4,Potential Loyalist,1004
TXN-IN-11405,2026-08-07,10,0,DEL-001,Delhi – Connaught Place Inner Circle,Delhi,North,SKU-BEV-001,Artisanal Cold Brew (350ml),Specialty Beverages,A,240,65,3,720,0.0,NONE,720.0,525.0,72.92,UPI (GooglePay/PhonePe),5,Hibernating,1455
TXN-IN-11406,2026-07-29,13,0,BLR-017,Bengaluru – JP Nagar (Outlet 17),Bengaluru,South,SKU-BEV-003,Nitro Cold Brew Infusion,Specialty Beverages,A,310,90,3,930,0.0,NONE,930.0,660.0,70.97,Credit Card,5,Loyal Customer,1357
TXN-IN-11407,2026-08-20,18,0,DEL-002,Delhi – Cyber Hub Gurugram,Delhi NCR,North,SKU-BEV-001,Artisanal Cold Brew (350ml),Specialty Beverages,A,240,65,1,240,0.0,NONE,240.0,175.0,72.92,UPI (GooglePay/PhonePe),5,Champion,1073
TXN-IN-11408,2026-08-17,20,0,BLR-002,Bengaluru – Koramangala 5th Block,Bengaluru,South,SKU-BEV-002,Monsoon Cinnamon Latte,Specialty Beverages,A,280,80,2,560,0.0,NONE,560.0,400.0,71.43,UPI (GooglePay/PhonePe),4,Loyal Customer,1213
TXN-IN-11409,2026-08-30,12,1,MUM-001,Mumbai – Bandra West Linking Rd,Mumbai,West,SKU-PKG-008,Eco-Kraft Branded Cup (Carton),Packaging,C,950,620,1,950,0.0,NONE,950.0,330.0,34.74,UPI (GooglePay/PhonePe),2,Champion,2228
TXN-IN-11410,2026-08-09,19,1,DEL-002,Delhi – Cyber Hub Gurugram,Delhi NCR,North,SKU-DES-007,Classic Tiramisu Cup,Desserts,B,260,85,1,260,0.0,NONE,260.0,175.0,67.31,Debit Card,5,Champion,1555
TXN-IN-11411,2026-07-22,8,0,MUM-001,Mumbai – Bandra West Linking Rd,Mumbai,West,SKU-BAKE-004,Butter Flaky Croissant,Artisanal Bakery,B,180,55,2,360,0.0,NONE,360.0,250.0,69.44,Cash,3,Loyal Customer,1612
TXN-IN-11412,2026-08-14,21,0,MUM-001,Mumbai – Bandra West Linking Rd,Mumbai,West,SKU-BEV-003,Nitro Cold Brew Infusion,Specialty Beverages,A,310,90,1,310,0.0,NONE,310.0,220.0,70.97,Credit Card,5,Loyal Customer,1669
TXN-IN-11413,2026-07-30,14,0,MUM-001,Mumbai – Bandra West Linking Rd,Mumbai,West,SKU-SNK-005,Truffle Cheese Mushroom Panini,Gourmet Food,A,340,120,1,340,0.0,NONE,340.0,220.0,64.71,UPI (GooglePay/PhonePe),4,Loyal Customer,1684
TXN-IN-11414,2026-08-27,11,0,CHN-001,Chennai – Anna Nagar 2nd Avenue,Chennai,South,SKU-DES-007,Classic Tiramisu Cup,Desserts,B,260,85,1,260,0.0,NONE,260.0,175.0,67.31,UPI (GooglePay/PhonePe),4,At Risk,891
TXN-IN-11415,2026-08-25,20,0,MUM-002,Mumbai – Lower Parel High Street,Mumbai,West,SKU-BAKE-004,Butter Flaky Croissant,Artisanal Bakery,B,180,55,3,540,0.0,NONE,540.0,375.0,69.44,UPI (GooglePay/PhonePe),4,Champion,964
TXN-IN-11416,2026-08-02,12,1,CHN-001,Chennai – Anna Nagar 2nd Avenue,Chennai,South,SKU-BEV-001,Artisanal Cold Brew (350ml),Specialty Beverages,A,240,65,1,240,0.0,NONE,240.0,175.0,72.92,Credit Card,5,Hibernating,1261
TXN-IN-11417,2026-08-09,12,1,HYD-001,Hyderabad – Hitec City Cyber Towers,Hyderabad,South,SKU-DES-007,Classic Tiramisu Cup,Desserts,B,260,85,2,520,0.0,NONE,520.0,350.0,67.31,Cash,5,Potential Loyalist,1966
TXN-IN-11418,2026-08-04,20,0,BLR-017,Bengaluru – JP Nagar (Outlet 17),Bengaluru,South,SKU-BEV-002,Monsoon Cinnamon Latte,Specialty Beverages,A,280,80,3,840,0.0,NONE,840.0,600.0,71.43,Credit Card,2,Loyal Customer,1437
TXN-IN-11419,2026-08-25,12,0,BLR-002,Bengaluru – Koramangala 5th Block,Bengaluru,South,SKU-BEV-002,Monsoon Cinnamon Latte,Specialty Beverages,A,280,80,1,280,0.0,NONE,280.0,200.0,71.43,Debit Card,4,Loyal Customer,1271
TXN-IN-11420,2026-08-15,20,1,BLR-001,Bengaluru – Indiranagar 100ft,Bengaluru,South,SKU-SNK-005,Truffle Cheese Mushroom Panini,Gourmet Food,A,340,120,2,680,0.0,NONE,680.0,440.0,64.71,Credit Card,5,Hibernating,1524
TXN-IN-11421,2026-07-27,11,0,BLR-001,Bengaluru – Indiranagar 100ft,Bengaluru,South,SKU-PKG-008,Eco-Kraft Branded Cup (Carton),Packaging,C,950,620,1,950,0.0,NONE,950.0,330.0,34.74,Debit Card,3,Loyal Customer,1212
TXN-IN-11422,2026-08-06,16,0,MUM-002,Mumbai – Lower Parel High Street,Mumbai,West,SKU-BEV-001,Artisanal Cold Brew (350ml),Specialty Beverages,A,240,65,2,480,0.0,NONE,480.0,350.0,72.92,UPI (GooglePay/PhonePe),5,Loyal Customer,996
TXN-IN-11423,2026-07-21,16,0,BLR-001,Bengaluru – Indiranagar 100ft,Bengaluru,South,SKU-PKG-008,Eco-Kraft Branded Cup (Carton),Packaging,C,950,620,1,950,0.0,NONE,950.0,330.0,34.74,UPI (GooglePay/PhonePe),5,Champion,1086
TXN-IN-11424,2026-08-06,13,0,MUM-002,Mumbai – Lower Parel High Street,Mumbai,West,SKU-PKG-008,Eco-Kraft Branded Cup (Carton),Packaging,C,950,620,1,950,0.0,NONE,950.0,330.0,34.74,UPI (GooglePay/PhonePe),5,Loyal Customer,900
TXN-IN-11425,2026-08-30,19,1,BLR-001,Bengaluru – Indiranagar 100ft,Bengaluru,South,SKU-DES-007,Classic Tiramisu Cup,Desserts,B,260,85,2,520,0.0,NONE,520.0,350.0,67.31,UPI (GooglePay/PhonePe),5,Champion,1566
TXN-IN-11426,2026-08-18,20,0,HYD-001,Hyderabad – Hitec City Cyber Towers,Hyderabad,South,SKU-BEV-003,Nitro Cold Brew Infusion,Specialty Beverages,A,310,90,1,310,0.0,NONE,310.0,220.0,70.97,Cash,5,Potential Loyalist,1398
TXN-IN-11427,2026-08-15,22,1,BLR-002,Bengaluru – Koramangala 5th Block,Bengaluru,South,SKU-DES-007,Classic Tiramisu Cup,Desserts,B,260,85,1,260,0.0,NONE,260.0,175.0,67.31,UPI (GooglePay/PhonePe),4,Potential Loyalist,1774
TXN-IN-11428,2026-09-01,15,0,CHN-001,Chennai – Anna Nagar 2nd Avenue,Chennai,South,SKU-DES-007,Classic Tiramisu Cup,Desserts,B,260,85,1,260,0.0,NONE,260.0,175.0,67.31,UPI (GooglePay/PhonePe),5,Loyal Customer,959
TXN-IN-11429,2026-08-17,14,0,CHN-001,Chennai – Anna Nagar 2nd Avenue,Chennai,South,SKU-BEV-003,Nitro Cold Brew Infusion,Specialty Beverages,A,310,90,3,930,0.0,NONE,930.0,660.0,70.97,UPI (GooglePay/PhonePe),5,Loyal Customer,1030
TXN-IN-11430,2026-07-30,15,0,BLR-002,Bengaluru – Koramangala 5th Block,Bengaluru,South,SKU-BAKE-004,Butter Flaky Croissant,Artisanal Bakery,B,180,55,2,360,0.0,NONE,360.0,250.0,69.44,UPI (GooglePay/PhonePe),1,Loyal Customer,1333
TXN-IN-11431,2026-07-26,18,1,BLR-001,Bengaluru – Indiranagar 100ft,Bengaluru,South,SKU-SNK-005,Truffle Cheese Mushroom Panini,Gourmet Food,A,340,120,3,1020,0.0,NONE,1020.0,660.0,64.71,UPI (GooglePay/PhonePe),4,Potential Loyalist,1597
TXN-IN-11432,2026-07-27,15,0,DEL-001,Delhi – Connaught Place Inner Circle,Delhi,North,SKU-SNK-006,Smoked Paneer Tikka Sourdough,Gourmet Food,B,310,105,1,310,0.0,NONE,310.0,205.0,66.13,Debit Card,5,Loyal Customer,1524
TXN-IN-11433,2026-09-02,16,0,BLR-017,Bengaluru – JP Nagar (Outlet 17),Bengaluru,South,SKU-BAKE-004,Butter Flaky Croissant,Artisanal Bakery,B,180,55,2,360,0.0,NONE,360.0,250.0,69.44,UPI (GooglePay/PhonePe),4,At Risk,1469
TXN-IN-11434,2026-07-26,19,1,HYD-001,Hyderabad – Hitec City Cyber Towers,Hyderabad,South,SKU-BEV-003,Nitro Cold Brew Infusion,Specialty Beverages,A,310,90,3,930,0.0,NONE,930.0,660.0,70.97,Debit Card,5,Champion,1959
TXN-IN-11435,2026-07-26,13,1,MUM-001,Mumbai – Bandra West Linking Rd,Mumbai,West,SKU-BEV-001,Artisanal Cold Brew (350ml),Specialty Beverages,A,240,65,1,240,0.0,NONE,240.0,175.0,72.92,UPI (GooglePay/PhonePe),5,Loyal Customer,2177
TXN-IN-11436,2026-08-16,18,1,DEL-001,Delhi – Connaught Place Inner Circle,Delhi,North,SKU-DES-007,Classic Tiramisu Cup,Desserts,B,260,85,1,260,0.0,NONE,260.0,175.0,67.31,Credit Card,5,Loyal Customer,2095
TXN-IN-11437,2026-08-19,17,0,BLR-001,Bengaluru – Indiranagar 100ft,Bengaluru,South,SKU-PKG-008,Eco-Kraft Branded Cup (Carton),Packaging,C,950,620,4,3800,0.0,NONE,3800.0,1320.0,34.74,Credit Card,4,At Risk,1168
TXN-IN-11438,2026-08-23,18,1,BLR-017,Bengaluru – JP Nagar (Outlet 17),Bengaluru,South,SKU-DES-007,Classic Tiramisu Cup,Desserts,B,260,85,2,520,25.0,OVERRIDE_MGR_01,390.0,220.0,56.41,Debit Card,4,Hibernating,2031
TXN-IN-11439,2026-07-25,10,1,HYD-001,Hyderabad – Hitec City Cyber Towers,Hyderabad,South,SKU-SNK-005,Truffle Cheese Mushroom Panini,Gourmet Food,A,340,120,1,340,0.0,NONE,340.0,220.0,64.71,UPI (GooglePay/PhonePe),5,Potential Loyalist,1857
TXN-IN-11440,2026-08-27,17,0,HYD-001,Hyderabad – Hitec City Cyber Towers,Hyderabad,South,SKU-BEV-001,Artisanal Cold Brew (350ml),Specialty Beverages,A,240,65,1,240,0.0,NONE,240.0,175.0,72.92,Debit Card,5,Loyal Customer,1312
TXN-IN-11441,2026-09-01,16,0,BLR-002,Bengaluru – Koramangala 5th Block,Bengaluru,South,SKU-BEV-001,Artisanal Cold Brew (350ml),Specialty Beverages,A,240,65,3,720,0.0,NONE,720.0,525.0,72.92,Debit Card,5,Loyal Customer,1337
TXN-IN-11442,2026-08-30,19,1,BLR-001,Bengaluru – Indiranagar 100ft,Bengaluru,South,SKU-SNK-005,Truffle Cheese Mushroom Panini,Gourmet Food,A,340,120,2,680,0.0,NONE,680.0,440.0,64.71,Debit Card,5,Champion,1546
TXN-IN-11443,2026-08-27,12,0,DEL-001,Delhi – Connaught Place Inner Circle,Delhi,North,SKU-DES-007,Classic Tiramisu Cup,Desserts,B,260,85,1,260,0.0,NONE,260.0,175.0,67.31,UPI (GooglePay/PhonePe),5,Champion,1519
TXN-IN-11444,2026-08-30,12,1,BLR-002,Bengaluru – Koramangala 5th Block,Bengaluru,South,SKU-DES-007,Classic Tiramisu Cup,Desserts,B,260,85,1,260,0.0,NONE,260.0,175.0,67.31,Cash,4,Champion,1761
TXN-IN-11445,2026-09-02,11,0,BLR-017,Bengaluru – JP Nagar (Outlet 17),Bengaluru,South,SKU-BEV-002,Monsoon Cinnamon Latte,Specialty Beverages,A,280,80,1,280,0.0,NONE,280.0,200.0,71.43,UPI (GooglePay/PhonePe),5,Loyal Customer,1518
TXN-IN-11446,2026-08-16,11,1,BLR-001,Bengaluru – Indiranagar 100ft,Bengaluru,South,SKU-SNK-006,Smoked Paneer Tikka Sourdough,Gourmet Food,B,310,105,2,620,0.0,NONE,620.0,410.0,66.13,Credit Card,5,Potential Loyalist,1489
TXN-IN-11447,2026-07-24,18,0,BLR-017,Bengaluru – JP Nagar (Outlet 17),Bengaluru,South,SKU-SNK-005,Truffle Cheese Mushroom Panini,Gourmet Food,A,340,120,3,1020,0.0,NONE,1020.0,660.0,64.71,UPI (GooglePay/PhonePe),3,At Risk,1370
TXN-IN-11448,2026-07-21,18,0,BLR-002,Bengaluru – Koramangala 5th Block,Bengaluru,South,SKU-BEV-002,Monsoon Cinnamon Latte,Specialty Beverages,A,280,80,2,560,0.0,NONE,560.0,400.0,71.43,Cash,5,Loyal Customer,1217
TXN-IN-11449,2026-08-31,9,0,BLR-002,Bengaluru – Koramangala 5th Block,Bengaluru,South,SKU-DES-007,Classic Tiramisu Cup,Desserts,B,260,85,1,260,0.0,NONE,260.0,175.0,67.31,Credit Card,5,Potential Loyalist,1202
TXN-IN-11450,2026-08-12,18,0,BLR-001,Bengaluru – Indiranagar 100ft,Bengaluru,South,SKU-BEV-001,Artisanal Cold Brew (350ml),Specialty Beverages,A,240,65,1,240,0.0,NONE,240.0,175.0,72.92,UPI (GooglePay/PhonePe),5,At Risk,1151
TXN-IN-11451,2026-08-04,16,0,HYD-001,Hyderabad – Hitec City Cyber Towers,Hyderabad,South,SKU-BAKE-004,Butter Flaky Croissant,Artisanal Bakery,B,180,55,1,180,0.0,NONE,180.0,125.0,69.44,UPI (GooglePay/PhonePe),5,Loyal Customer,1470
TXN-IN-11452,2026-08-23,20,1,BLR-017,Bengaluru – JP Nagar (Outlet 17),Bengaluru,South,SKU-BEV-003,Nitro Cold Brew Infusion,Specialty Beverages,A,310,90,2,620,25.0,OVERRIDE_MGR_01,465.0,285.0,61.29,UPI (GooglePay/PhonePe),1,Champion,1879
TXN-IN-11453,2026-08-04,20,0,DEL-002,Delhi – Cyber Hub Gurugram,Delhi NCR,North,SKU-SNK-006,Smoked Paneer Tikka Sourdough,Gourmet Food,B,310,105,3,930,0.0,NONE,930.0,615.0,66.13,Debit Card,5,Loyal Customer,1121
TXN-IN-11454,2026-07-21,18,0,MUM-001,Mumbai – Bandra West Linking Rd,Mumbai,West,SKU-SNK-006,Smoked Paneer Tikka Sourdough,Gourmet Food,B,310,105,1,310,0.0,NONE,310.0,205.0,66.13,UPI (GooglePay/PhonePe),5,Hibernating,1700
TXN-IN-11455,2026-08-15,13,1,BLR-002,Bengaluru – Koramangala 5th Block,Bengaluru,South,SKU-BAKE-004,Butter Flaky Croissant,Artisanal Bakery,B,180,55,2,360,0.0,NONE,360.0,250.0,69.44,Debit Card,5,Loyal Customer,1791
TXN-IN-11456,2026-07-25,15,1,BLR-002,Bengaluru – Koramangala 5th Block,Bengaluru,South,SKU-BEV-001,Artisanal Cold Brew (350ml),Specialty Beverages,A,240,65,1,240,0.0,NONE,240.0,175.0,72.92,Credit Card,5,Loyal Customer,1731
TXN-IN-11457,2026-08-08,20,1,HYD-001,Hyderabad – Hitec City Cyber Towers,Hyderabad,South,SKU-PKG-008,Eco-Kraft Branded Cup (Carton),Packaging,C,950,620,1,950,0.0,NONE,950.0,330.0,34.74,Cash,3,Potential Loyalist,1965
TXN-IN-11458,2026-08-25,19,0,BLR-002,Bengaluru – Koramangala 5th Block,Bengaluru,South,SKU-PKG-008,Eco-Kraft Branded Cup (Carton),Packaging,C,950,620,1,950,0.0,NONE,950.0,330.0,34.74,Cash,5,Potential Loyalist,1264
TXN-IN-11459,2026-08-29,18,1,MUM-002,Mumbai – Lower Parel High Street,Mumbai,West,SKU-SNK-005,Truffle Cheese Mushroom Panini,Gourmet Food,A,340,120,3,1020,0.0,NONE,1020.0,660.0,64.71,Credit Card,3,Loyal Customer,1332
TXN-IN-11460,2026-08-08,15,1,MUM-001,Mumbai – Bandra West Linking Rd,Mumbai,West,SKU-SNK-006,Smoked Paneer Tikka Sourdough,Gourmet Food,B,310,105,1,310,0.0,NONE,310.0,205.0,66.13,Debit Card,4,Champion,2303
TXN-IN-11461,2026-07-28,14,0,MUM-002,Mumbai – Lower Parel High Street,Mumbai,West,SKU-BAKE-004,Butter Flaky Croissant,Artisanal Bakery,B,180,55,2,360,0.0,NONE,360.0,250.0,69.44,Credit Card,5,Loyal Customer,1033
TXN-IN-11462,2026-07-31,12,0,BLR-017,Bengaluru – JP Nagar (Outlet 17),Bengaluru,South,SKU-SNK-005,Truffle Cheese Mushroom Panini,Gourmet Food,A,340,120,2,680,0.0,NONE,680.0,440.0,64.71,UPI (GooglePay/PhonePe),3,At Risk,1435
TXN-IN-11463,2026-08-04,21,0,DEL-002,Delhi – Cyber Hub Gurugram,Delhi NCR,North,SKU-PKG-008,Eco-Kraft Branded Cup (Carton),Packaging,C,950,620,2,1900,0.0,NONE,1900.0,660.0,34.74,Credit Card,5,Potential Loyalist,1084
TXN-IN-11464,2026-07-27,12,0,DEL-002,Delhi – Cyber Hub Gurugram,Delhi NCR,North,SKU-DES-007,Classic Tiramisu Cup,Desserts,B,260,85,1,260,0.0,NONE,260.0,175.0,67.31,Debit Card,5,Hibernating,1169
TXN-IN-11465,2026-08-06,10,0,CHN-001,Chennai – Anna Nagar 2nd Avenue,Chennai,South,SKU-DES-007,Classic Tiramisu Cup,Desserts,B,260,85,1,260,0.0,NONE,260.0,175.0,67.31,Debit Card,5,Loyal Customer,939
TXN-IN-11466,2026-08-09,14,1,BLR-017,Bengaluru – JP Nagar (Outlet 17),Bengaluru,South,SKU-BEV-003,Nitro Cold Brew Infusion,Specialty Beverages,A,310,90,1,310,5.0,CAMPAIGN_CODE_PROMO,294.5,204.5,69.44,Credit Card,5,Loyal Customer,1869
TXN-IN-11467,2026-07-26,18,1,DEL-002,Delhi – Cyber Hub Gurugram,Delhi NCR,North,SKU-BAKE-004,Butter Flaky Croissant,Artisanal Bakery,B,180,55,1,180,5.0,CAMPAIGN_CODE_PROMO,171.0,116.0,67.84,Credit Card,1,Potential Loyalist,1477
TXN-IN-11468,2026-08-16,18,1,MUM-001,Mumbai – Bandra West Linking Rd,Mumbai,West,SKU-BAKE-004,Butter Flaky Croissant,Artisanal Bakery,B,180,55,1,180,0.0,NONE,180.0,125.0,69.44,Cash,5,Champion,2152
TXN-IN-11469,2026-08-24,21,0,DEL-001,Delhi – Connaught Place Inner Circle,Delhi,North,SKU-BAKE-004,Butter Flaky Croissant,Artisanal Bakery,B,180,55,1,180,0.0,NONE,180.0,125.0,69.44,Cash,4,Hibernating,1443
TXN-IN-11470,2026-08-25,13,0,MUM-002,Mumbai – Lower Parel High Street,Mumbai,West,SKU-PKG-008,Eco-Kraft Branded Cup (Carton),Packaging,C,950,620,1,950,0.0,NONE,950.0,330.0,34.74,UPI (GooglePay/PhonePe),5,Champion,944
TXN-IN-11471,2026-08-03,18,0,MUM-002,Mumbai – Lower Parel High Street,Mumbai,West,SKU-BEV-002,Monsoon Cinnamon Latte,Specialty Beverages,A,280,80,1,280,0.0,NONE,280.0,200.0,71.43,Cash,4,Loyal Customer,959
TXN-IN-11472,2026-07-26,16,1,BLR-017,Bengaluru – JP Nagar (Outlet 17),Bengaluru,South,SKU-DES-007,Classic Tiramisu Cup,Desserts,B,260,85,2,520,0.0,NONE,520.0,350.0,67.31,Cash,4,Champion,2032
TXN-IN-11473,2026-08-06,20,0,MUM-001,Mumbai – Bandra West Linking Rd,Mumbai,West,SKU-PKG-008,Eco-Kraft Branded Cup (Carton),Packaging,C,950,620,1,950,0.0,NONE,950.0,330.0,34.74,UPI (GooglePay/PhonePe),5,Potential Loyalist,1683
TXN-IN-11474,2026-08-27,10,0,MUM-001,Mumbai – Bandra West Linking Rd,Mumbai,West,SKU-SNK-006,Smoked Paneer Tikka Sourdough,Gourmet Food,B,310,105,1,310,0.0,NONE,310.0,205.0,66.13,Debit Card,5,Loyal Customer,1625
TXN-IN-11475,2026-08-09,19,1,DEL-001,Delhi – Connaught Place Inner Circle,Delhi,North,SKU-DES-007,Classic Tiramisu Cup,Desserts,B,260,85,1,260,0.0,NONE,260.0,175.0,67.31,Debit Card,4,Loyal Customer,1951
TXN-IN-11476,2026-09-01,19,0,MUM-001,Mumbai – Bandra West Linking Rd,Mumbai,West,SKU-BEV-002,Monsoon Cinnamon Latte,Specialty Beverages,A,280,80,1,280,0.0,NONE,280.0,200.0,71.43,Credit Card,5,Champion,1681
TXN-IN-11477,2026-08-17,14,0,DEL-002,Delhi – Cyber Hub Gurugram,Delhi NCR,North,SKU-BEV-002,Monsoon Cinnamon Latte,Specialty Beverages,A,280,80,1,280,0.0,NONE,280.0,200.0,71.43,Credit Card,5,Champion,1169
TXN-IN-11478,2026-08-30,22,1,CHN-001,Chennai – Anna Nagar 2nd Avenue,Chennai,South,SKU-BAKE-004,Butter Flaky Croissant,Artisanal Bakery,B,180,55,2,360,0.0,NONE,360.0,250.0,69.44,UPI (GooglePay/PhonePe),5,At Risk,1185
TXN-IN-11479,2026-08-28,17,0,CHN-001,Chennai – Anna Nagar 2nd Avenue,Chennai,South,SKU-BEV-001,Artisanal Cold Brew (350ml),Specialty Beverages,A,240,65,1,240,0.0,NONE,240.0,175.0,72.92,UPI (GooglePay/PhonePe),5,At Risk,911
TXN-IN-11480,2026-07-31,17,0,MUM-001,Mumbai – Bandra West Linking Rd,Mumbai,West,SKU-DES-007,Classic Tiramisu Cup,Desserts,B,260,85,1,260,0.0,NONE,260.0,175.0,67.31,UPI (GooglePay/PhonePe),4,Loyal Customer,1770
TXN-IN-11481,2026-07-31,20,0,MUM-002,Mumbai – Lower Parel High Street,Mumbai,West,SKU-PKG-008,Eco-Kraft Branded Cup (Carton),Packaging,C,950,620,3,2850,0.0,NONE,2850.0,990.0,34.74,UPI (GooglePay/PhonePe),4,Champion,1097
TXN-IN-11482,2026-07-26,19,1,MUM-002,Mumbai – Lower Parel High Street,Mumbai,West,SKU-BEV-003,Nitro Cold Brew Infusion,Specialty Beverages,A,310,90,1,310,0.0,NONE,310.0,220.0,70.97,Credit Card,4,Champion,1290
TXN-IN-11483,2026-08-04,19,0,BLR-001,Bengaluru – Indiranagar 100ft,Bengaluru,South,SKU-SNK-006,Smoked Paneer Tikka Sourdough,Gourmet Food,B,310,105,3,930,0.0,NONE,930.0,615.0,66.13,UPI (GooglePay/PhonePe),5,At Risk,1170
TXN-IN-11484,2026-07-28,20,0,BLR-002,Bengaluru – Koramangala 5th Block,Bengaluru,South,SKU-BEV-001,Artisanal Cold Brew (350ml),Specialty Beverages,A,240,65,1,240,0.0,NONE,240.0,175.0,72.92,Cash,4,Loyal Customer,1271
TXN-IN-11485,2026-08-18,11,0,MUM-001,Mumbai – Bandra West Linking Rd,Mumbai,West,SKU-PKG-008,Eco-Kraft Branded Cup (Carton),Packaging,C,950,620,1,950,0.0,NONE,950.0,330.0,34.74,Cash,4,Champion,1666
TXN-IN-11486,2026-07-28,19,0,BLR-001,Bengaluru – Indiranagar 100ft,Bengaluru,South,SKU-SNK-005,Truffle Cheese Mushroom Panini,Gourmet Food,A,340,120,1,340,0.0,NONE,340.0,220.0,64.71,Debit Card,5,Potential Loyalist,1204
TXN-IN-11487,2026-08-18,18,0,CHN-001,Chennai – Anna Nagar 2nd Avenue,Chennai,South,SKU-SNK-006,Smoked Paneer Tikka Sourdough,Gourmet Food,B,310,105,2,620,0.0,NONE,620.0,410.0,66.13,Debit Card,4,Loyal Customer,944
TXN-IN-11488,2026-07-30,9,0,CHN-001,Chennai – Anna Nagar 2nd Avenue,Chennai,South,SKU-PKG-008,Eco-Kraft Branded Cup (Carton),Packaging,C,950,620,1,950,10.0,CAMPAIGN_CODE_PROMO,855.0,235.0,27.49,Credit Card,5,At Risk,937
TXN-IN-11489,2026-08-13,16,0,MUM-002,Mumbai – Lower Parel High Street,Mumbai,West,SKU-SNK-006,Smoked Paneer Tikka Sourdough,Gourmet Food,B,310,105,1,310,0.0,NONE,310.0,205.0,66.13,UPI (GooglePay/PhonePe),5,Potential Loyalist,937
TXN-IN-11490,2026-08-17,11,0,BLR-002,Bengaluru – Koramangala 5th Block,Bengaluru,South,SKU-SNK-005,Truffle Cheese Mushroom Panini,Gourmet Food,A,340,120,1,340,0.0,NONE,340.0,220.0,64.71,Debit Card,5,Loyal Customer,1382
TXN-IN-11491,2026-08-18,15,0,DEL-001,Delhi – Connaught Place Inner Circle,Delhi,North,SKU-BAKE-004,Butter Flaky Croissant,Artisanal Bakery,B,180,55,1,180,5.0,CAMPAIGN_CODE_PROMO,171.0,116.0,67.84,UPI (GooglePay/PhonePe),5,Champion,1539
TXN-IN-11492,2026-08-13,14,0,DEL-002,Delhi – Cyber Hub Gurugram,Delhi NCR,North,SKU-BEV-002,Monsoon Cinnamon Latte,Specialty Beverages,A,280,80,2,560,0.0,NONE,560.0,400.0,71.43,Debit Card,5,Hibernating,1142
TXN-IN-11493,2026-07-24,21,0,DEL-001,Delhi – Connaught Place Inner Circle,Delhi,North,SKU-SNK-006,Smoked Paneer Tikka Sourdough,Gourmet Food,B,310,105,1,310,0.0,NONE,310.0,205.0,66.13,UPI (GooglePay/PhonePe),5,Potential Loyalist,1489
TXN-IN-11494,2026-07-23,14,0,BLR-001,Bengaluru – Indiranagar 100ft,Bengaluru,South,SKU-BAKE-004,Butter Flaky Croissant,Artisanal Bakery,B,180,55,2,360,0.0,NONE,360.0,250.0,69.44,Credit Card,4,Loyal Customer,1229
TXN-IN-11495,2026-08-09,17,1,MUM-002,Mumbai – Lower Parel High Street,Mumbai,West,SKU-SNK-006,Smoked Paneer Tikka Sourdough,Gourmet Food,B,310,105,1,310,10.0,CAMPAIGN_CODE_PROMO,279.0,174.0,62.37,Debit Card,5,Loyal Customer,1413
TXN-IN-11496,2026-08-24,12,0,CHN-001,Chennai – Anna Nagar 2nd Avenue,Chennai,South,SKU-BEV-002,Monsoon Cinnamon Latte,Specialty Beverages,A,280,80,4,1120,0.0,NONE,1120.0,800.0,71.43,Credit Card,4,Loyal Customer,1024
TXN-IN-11497,2026-08-29,21,1,MUM-002,Mumbai – Lower Parel High Street,Mumbai,West,SKU-BEV-003,Nitro Cold Brew Infusion,Specialty Beverages,A,310,90,1,310,10.0,CAMPAIGN_CODE_PROMO,279.0,189.0,67.74,Credit Card,5,Champion,1320
TXN-IN-11498,2026-07-20,12,0,BLR-002,Bengaluru – Koramangala 5th Block,Bengaluru,South,SKU-BAKE-004,Butter Flaky Croissant,Artisanal Bakery,B,180,55,1,180,0.0,NONE,180.0,125.0,69.44,UPI (GooglePay/PhonePe),5,Loyal Customer,1253
TXN-IN-11499,2026-07-20,13,0,BLR-017,Bengaluru – JP Nagar (Outlet 17),Bengaluru,South,SKU-BEV-003,Nitro Cold Brew Infusion,Specialty Beverages,A,310,90,3,930,10.0,CAMPAIGN_CODE_PROMO,837.0,567.0,67.74,UPI (GooglePay/PhonePe),3,Loyal Customer,1360
TXN-IN-11500,2026-08-31,22,0,HYD-001,Hyderabad – Hitec City Cyber Towers,Hyderabad,South,SKU-SNK-006,Smoked Paneer Tikka Sourdough,Gourmet Food,B,310,105,2,620,0.0,NONE,620.0,410.0,66.13,Credit Card,5,Loyal Customer,1499
TXN-IN-11501,2026-08-10,20,0,DEL-001,Delhi – Connaught Place Inner Circle,Delhi,North,SKU-BEV-003,Nitro Cold Brew Infusion,Specialty Beverages,A,310,90,2,620,0.0,NONE,620.0,440.0,70.97,Credit Card,4,Potential Loyalist,1482
TXN-IN-11502,2026-08-03,14,0,BLR-001,Bengaluru – Indiranagar 100ft,Bengaluru,South,SKU-DES-007,Classic Tiramisu Cup,Desserts,B,260,85,1,260,0.0,NONE,260.0,175.0,67.31,Debit Card,1,Hibernating,1083
TXN-IN-11503,2026-08-26,12,0,MUM-002,Mumbai – Lower Parel High Street,Mumbai,West,SKU-SNK-005,Truffle Cheese Mushroom Panini,Gourmet Food,A,340,120,1,340,0.0,NONE,340.0,220.0,64.71,UPI (GooglePay/PhonePe),3,Champion,939
TXN-IN-11504,2026-07-26,15,1,CHN-001,Chennai – Anna Nagar 2nd Avenue,Chennai,South,SKU-SNK-006,Smoked Paneer Tikka Sourdough,Gourmet Food,B,310,105,1,310,0.0,NONE,310.0,205.0,66.13,Credit Card,5,Champion,1285
TXN-IN-11505,2026-08-31,10,0,BLR-017,Bengaluru – JP Nagar (Outlet 17),Bengaluru,South,SKU-SNK-006,Smoked Paneer Tikka Sourdough,Gourmet Food,B,310,105,3,930,25.0,OVERRIDE_MGR_01,697.5,382.5,54.84,Debit Card,4,Champion,1434
TXN-IN-11506,2026-07-27,22,0,MUM-002,Mumbai – Lower Parel High Street,Mumbai,West,SKU-BAKE-004,Butter Flaky Croissant,Artisanal Bakery,B,180,55,1,180,0.0,NONE,180.0,125.0,69.44,Debit Card,5,Loyal Customer,960
TXN-IN-11507,2026-08-07,18,0,MUM-001,Mumbai – Bandra West Linking Rd,Mumbai,West,SKU-BEV-003,Nitro Cold Brew Infusion,Specialty Beverages,A,310,90,1,310,0.0,NONE,310.0,220.0,70.97,UPI (GooglePay/PhonePe),5,Champion,1758
TXN-IN-11508,2026-07-20,11,0,BLR-002,Bengaluru – Koramangala 5th Block,Bengaluru,South,SKU-DES-007,Classic Tiramisu Cup,Desserts,B,260,85,1,260,0.0,NONE,260.0,175.0,67.31,UPI (GooglePay/PhonePe),1,Champion,1245
TXN-IN-11509,2026-07-22,14,0,BLR-002,Bengaluru – Koramangala 5th Block,Bengaluru,South,SKU-SNK-005,Truffle Cheese Mushroom Panini,Gourmet Food,A,340,120,4,1360,0.0,NONE,1360.0,880.0,64.71,Credit Card,4,Champion,1242
TXN-IN-11510,2026-08-08,18,1,DEL-001,Delhi – Connaught Place Inner Circle,Delhi,North,SKU-BEV-002,Monsoon Cinnamon Latte,Specialty Beverages,A,280,80,1,280,0.0,NONE,280.0,200.0,71.43,Cash,5,Hibernating,1988
TXN-IN-11511,2026-08-14,13,0,HYD-001,Hyderabad – Hitec City Cyber Towers,Hyderabad,South,SKU-BEV-002,Monsoon Cinnamon Latte,Specialty Beverages,A,280,80,1,280,0.0,NONE,280.0,200.0,71.43,UPI (GooglePay/PhonePe),4,Loyal Customer,1326
TXN-IN-11512,2026-08-18,19,0,MUM-002,Mumbai – Lower Parel High Street,Mumbai,West,SKU-BEV-003,Nitro Cold Brew Infusion,Specialty Beverages,A,310,90,2,620,15.0,CAMPAIGN_CODE_PROMO,527.0,347.0,65.84,UPI (GooglePay/PhonePe),4,Champion,986
TXN-IN-11513,2026-08-31,14,0,BLR-002,Bengaluru – Koramangala 5th Block,Bengaluru,South,SKU-PKG-008,Eco-Kraft Branded Cup (Carton),Packaging,C,950,620,2,1900,0.0,NONE,1900.0,660.0,34.74,Credit Card,4,At Risk,1307
TXN-IN-11514,2026-08-04,16,0,MUM-002,Mumbai – Lower Parel High Street,Mumbai,West,SKU-SNK-006,Smoked Paneer Tikka Sourdough,Gourmet Food,B,310,105,1,310,0.0,NONE,310.0,205.0,66.13,UPI (GooglePay/PhonePe),5,Loyal Customer,930
TXN-IN-11515,2026-07-29,19,0,BLR-017,Bengaluru – JP Nagar (Outlet 17),Bengaluru,South,SKU-PKG-008,Eco-Kraft Branded Cup (Carton),Packaging,C,950,620,1,950,25.0,OVERRIDE_MGR_01,712.5,92.5,12.98,Credit Card,3,Potential Loyalist,1451
TXN-IN-11516,2026-08-15,12,1,BLR-017,Bengaluru – JP Nagar (Outlet 17),Bengaluru,South,SKU-SNK-005,Truffle Cheese Mushroom Panini,Gourmet Food,A,340,120,3,1020,5.0,CAMPAIGN_CODE_PROMO,969.0,609.0,62.85,Debit Card,5,Champion,1845
TXN-IN-11517,2026-08-05,16,0,DEL-002,Delhi – Cyber Hub Gurugram,Delhi NCR,North,SKU-BEV-003,Nitro Cold Brew Infusion,Specialty Beverages,A,310,90,2,620,0.0,NONE,620.0,440.0,70.97,Credit Card,5,At Risk,1210
TXN-IN-11518,2026-09-03,19,0,DEL-002,Delhi – Cyber Hub Gurugram,Delhi NCR,North,SKU-SNK-006,Smoked Paneer Tikka Sourdough,Gourmet Food,B,310,105,4,1240,0.0,NONE,1240.0,820.0,66.13,UPI (GooglePay/PhonePe),5,Potential Loyalist,1084
TXN-IN-11519,2026-08-15,14,1,BLR-017,Bengaluru – JP Nagar (Outlet 17),Bengaluru,South,SKU-PKG-008,Eco-Kraft Branded Cup (Carton),Packaging,C,950,620,3,2850,25.0,OVERRIDE_MGR_01,2137.5,277.5,12.98,UPI (GooglePay/PhonePe),3,Hibernating,1888
TXN-IN-11520,2026-07-31,18,0,DEL-002,Delhi – Cyber Hub Gurugram,Delhi NCR,North,SKU-BEV-001,Artisanal Cold Brew (350ml),Specialty Beverages,A,240,65,2,480,0.0,NONE,480.0,350.0,72.92,Cash,5,Champion,1143
TXN-IN-11521,2026-08-21,19,0,MUM-001,Mumbai – Bandra West Linking Rd,Mumbai,West,SKU-BAKE-004,Butter Flaky Croissant,Artisanal Bakery,B,180,55,1,180,0.0,NONE,180.0,125.0,69.44,Cash,5,Loyal Customer,1705
TXN-IN-11522,2026-08-26,19,0,MUM-001,Mumbai – Bandra West Linking Rd,Mumbai,West,SKU-DES-007,Classic Tiramisu Cup,Desserts,B,260,85,2,520,15.0,CAMPAIGN_CODE_PROMO,442.0,272.0,61.54,Cash,5,Loyal Customer,1763
TXN-IN-11523,2026-08-18,15,0,BLR-001,Bengaluru – Indiranagar 100ft,Bengaluru,South,SKU-SNK-005,Truffle Cheese Mushroom Panini,Gourmet Food,A,340,120,1,340,0.0,NONE,340.0,220.0,64.71,UPI (GooglePay/PhonePe),5,At Risk,1188
TXN-IN-11524,2026-08-27,12,0,MUM-001,Mumbai – Bandra West Linking Rd,Mumbai,West,SKU-SNK-006,Smoked Paneer Tikka Sourdough,Gourmet Food,B,310,105,2,620,0.0,NONE,620.0,410.0,66.13,UPI (GooglePay/PhonePe),4,Potential Loyalist,1718
TXN-IN-11525,2026-08-05,13,0,DEL-002,Delhi – Cyber Hub Gurugram,Delhi NCR,North,SKU-SNK-005,Truffle Cheese Mushroom Panini,Gourmet Food,A,340,120,1,340,0.0,NONE,340.0,220.0,64.71,Debit Card,5,Champion,1032
TXN-IN-11526,2026-07-24,20,0,MUM-002,Mumbai – Lower Parel High Street,Mumbai,West,SKU-DES-007,Classic Tiramisu Cup,Desserts,B,260,85,1,260,0.0,NONE,260.0,175.0,67.31,Credit Card,4,Potential Loyalist,1027
TXN-IN-11527,2026-08-26,20,0,MUM-001,Mumbai – Bandra West Linking Rd,Mumbai,West,SKU-SNK-005,Truffle Cheese Mushroom Panini,Gourmet Food,A,340,120,2,680,0.0,NONE,680.0,440.0,64.71,Debit Card,5,Loyal Customer,1709
TXN-IN-11528,2026-08-30,10,1,MUM-001,Mumbai – Bandra West Linking Rd,Mumbai,West,SKU-BEV-001,Artisanal Cold Brew (350ml),Specialty Beverages,A,240,65,2,480,0.0,NONE,480.0,350.0,72.92,Debit Card,5,Champion,2338
TXN-IN-11529,2026-08-05,15,0,BLR-002,Bengaluru – Koramangala 5th Block,Bengaluru,South,SKU-SNK-005,Truffle Cheese Mushroom Panini,Gourmet Food,A,340,120,2,680,0.0,NONE,680.0,440.0,64.71,UPI (GooglePay/PhonePe),4,Loyal Customer,1395
TXN-IN-11530,2026-08-07,12,0,MUM-002,Mumbai – Lower Parel High Street,Mumbai,West,SKU-BEV-002,Monsoon Cinnamon Latte,Specialty Beverages,A,280,80,1,280,5.0,CAMPAIGN_CODE_PROMO,266.0,186.0,69.92,UPI (GooglePay/PhonePe),5,Potential Loyalist,1094
TXN-IN-11531,2026-08-06,14,0,BLR-002,Bengaluru – Koramangala 5th Block,Bengaluru,South,SKU-BEV-002,Monsoon Cinnamon Latte,Specialty Beverages,A,280,80,2,560,0.0,NONE,560.0,400.0,71.43,Cash,5,Champion,1371
TXN-IN-11532,2026-08-28,11,0,MUM-002,Mumbai – Lower Parel High Street,Mumbai,West,SKU-BEV-002,Monsoon Cinnamon Latte,Specialty Beverages,A,280,80,1,280,0.0,NONE,280.0,200.0,71.43,UPI (GooglePay/PhonePe),5,Loyal Customer,904
TXN-IN-11533,2026-08-28,14,0,BLR-017,Bengaluru – JP Nagar (Outlet 17),Bengaluru,South,SKU-BEV-002,Monsoon Cinnamon Latte,Specialty Beverages,A,280,80,1,280,0.0,NONE,280.0,200.0,71.43,UPI (GooglePay/PhonePe),5,Hibernating,1501
TXN-IN-11534,2026-08-11,19,0,BLR-001,Bengaluru – Indiranagar 100ft,Bengaluru,South,SKU-SNK-006,Smoked Paneer Tikka Sourdough,Gourmet Food,B,310,105,3,930,0.0,NONE,930.0,615.0,66.13,Cash,4,Loyal Customer,1112
TXN-IN-11535,2026-08-01,19,1,HYD-001,Hyderabad – Hitec City Cyber Towers,Hyderabad,South,SKU-BEV-002,Monsoon Cinnamon Latte,Specialty Beverages,A,280,80,4,1120,0.0,NONE,1120.0,800.0,71.43,Debit Card,5,Loyal Customer,1878
TXN-IN-11536,2026-08-30,9,1,DEL-001,Delhi – Connaught Place Inner Circle,Delhi,North,SKU-BAKE-004,Butter Flaky Croissant,Artisanal Bakery,B,180,55,3,540,0.0,NONE,540.0,375.0,69.44,Cash,5,Hibernating,2040
TXN-IN-11537,2026-08-30,8,1,DEL-001,Delhi – Connaught Place Inner Circle,Delhi,North,SKU-DES-007,Classic Tiramisu Cup,Desserts,B,260,85,2,520,0.0,NONE,520.0,350.0,67.31,Debit Card,5,At Risk,2097
TXN-IN-11538,2026-08-22,16,1,CHN-001,Chennai – Anna Nagar 2nd Avenue,Chennai,South,SKU-BEV-002,Monsoon Cinnamon Latte,Specialty Beverages,A,280,80,2,560,0.0,NONE,560.0,400.0,71.43,Cash,4,Loyal Customer,1321
TXN-IN-11539,2026-07-22,20,0,DEL-001,Delhi – Connaught Place Inner Circle,Delhi,North,SKU-BAKE-004,Butter Flaky Croissant,Artisanal Bakery,B,180,55,1,180,0.0,NONE,180.0,125.0,69.44,UPI (GooglePay/PhonePe),5,Loyal Customer,1455
TXN-IN-11540,2026-09-02,13,0,MUM-002,Mumbai – Lower Parel High Street,Mumbai,West,SKU-DES-007,Classic Tiramisu Cup,Desserts,B,260,85,4,1040,0.0,NONE,1040.0,700.0,67.31,UPI (GooglePay/PhonePe),1,Loyal Customer,1027
TXN-IN-11541,2026-08-08,22,1,MUM-002,Mumbai – Lower Parel High Street,Mumbai,West,SKU-DES-007,Classic Tiramisu Cup,Desserts,B,260,85,1,260,0.0,NONE,260.0,175.0,67.31,UPI (GooglePay/PhonePe),3,Hibernating,1397
TXN-IN-11542,2026-08-27,22,0,BLR-017,Bengaluru – JP Nagar (Outlet 17),Bengaluru,South,SKU-SNK-006,Smoked Paneer Tikka Sourdough,Gourmet Food,B,310,105,1,310,0.0,NONE,310.0,205.0,66.13,UPI (GooglePay/PhonePe),5,Champion,1360
TXN-IN-11543,2026-08-03,19,0,BLR-001,Bengaluru – Indiranagar 100ft,Bengaluru,South,SKU-SNK-005,Truffle Cheese Mushroom Panini,Gourmet Food,A,340,120,1,340,0.0,NONE,340.0,220.0,64.71,UPI (GooglePay/PhonePe),4,Loyal Customer,1217
TXN-IN-11544,2026-09-02,18,0,CHN-001,Chennai – Anna Nagar 2nd Avenue,Chennai,South,SKU-SNK-005,Truffle Cheese Mushroom Panini,Gourmet Food,A,340,120,3,1020,10.0,CAMPAIGN_CODE_PROMO,918.0,558.0,60.78,UPI (GooglePay/PhonePe),5,At Risk,863
TXN-IN-11545,2026-08-31,11,0,DEL-001,Delhi – Connaught Place Inner Circle,Delhi,North,SKU-SNK-005,Truffle Cheese Mushroom Panini,Gourmet Food,A,340,120,2,680,15.0,CAMPAIGN_CODE_PROMO,578.0,338.0,58.48,UPI (GooglePay/PhonePe),5,Loyal Customer,1540
TXN-IN-11546,2026-08-12,18,0,DEL-002,Delhi – Cyber Hub Gurugram,Delhi NCR,North,SKU-BEV-002,Monsoon Cinnamon Latte,Specialty Beverages,A,280,80,1,280,0.0,NONE,280.0,200.0,71.43,UPI (GooglePay/PhonePe),5,Champion,1186
TXN-IN-11547,2026-08-25,19,0,BLR-017,Bengaluru – JP Nagar (Outlet 17),Bengaluru,South,SKU-BEV-001,Artisanal Cold Brew (350ml),Specialty Beverages,A,240,65,1,240,25.0,OVERRIDE_MGR_01,180.0,115.0,63.89,Cash,4,Potential Loyalist,1409
TXN-IN-11548,2026-08-25,10,0,MUM-001,Mumbai – Bandra West Linking Rd,Mumbai,West,SKU-PKG-008,Eco-Kraft Branded Cup (Carton),Packaging,C,950,620,1,950,0.0,NONE,950.0,330.0,34.74,Debit Card,5,Loyal Customer,1658
TXN-IN-11549,2026-07-28,13,0,DEL-002,Delhi – Cyber Hub Gurugram,Delhi NCR,North,SKU-DES-007,Classic Tiramisu Cup,Desserts,B,260,85,3,780,0.0,NONE,780.0,525.0,67.31,UPI (GooglePay/PhonePe),4,Loyal Customer,1174
TXN-IN-11550,2026-08-20,12,0,BLR-001,Bengaluru – Indiranagar 100ft,Bengaluru,South,SKU-BEV-002,Monsoon Cinnamon Latte,Specialty Beverages,A,280,80,1,280,0.0,NONE,280.0,200.0,71.43,UPI (GooglePay/PhonePe),5,At Risk,1218
TXN-IN-11551,2026-07-27,13,0,MUM-001,Mumbai – Bandra West Linking Rd,Mumbai,West,SKU-BEV-003,Nitro Cold Brew Infusion,Specialty Beverages,A,310,90,2,620,0.0,NONE,620.0,440.0,70.97,UPI (GooglePay/PhonePe),4,Potential Loyalist,1604
TXN-IN-11552,2026-08-02,18,1,MUM-002,Mumbai – Lower Parel High Street,Mumbai,West,SKU-BEV-002,Monsoon Cinnamon Latte,Specialty Beverages,A,280,80,2,560,0.0,NONE,560.0,400.0,71.43,UPI (GooglePay/PhonePe),5,Loyal Customer,1357
TXN-IN-11553,2026-07-29,14,0,BLR-002,Bengaluru – Koramangala 5th Block,Bengaluru,South,SKU-BEV-002,Monsoon Cinnamon Latte,Specialty Beverages,A,280,80,3,840,0.0,NONE,840.0,600.0,71.43,Cash,4,Loyal Customer,1251
TXN-IN-11554,2026-08-29,12,1,BLR-002,Bengaluru – Koramangala 5th Block,Bengaluru,South,SKU-BAKE-004,Butter Flaky Croissant,Artisanal Bakery,B,180,55,1,180,0.0,NONE,180.0,125.0,69.44,UPI (GooglePay/PhonePe),5,Hibernating,1759
TXN-IN-11555,2026-07-23,12,0,MUM-002,Mumbai – Lower Parel High Street,Mumbai,West,SKU-BEV-001,Artisanal Cold Brew (350ml),Specialty Beverages,A,240,65,1,240,0.0,NONE,240.0,175.0,72.92,UPI (GooglePay/PhonePe),4,Loyal Customer,952
TXN-IN-11556,2026-08-15,13,1,BLR-017,Bengaluru – JP Nagar (Outlet 17),Bengaluru,South,SKU-SNK-005,Truffle Cheese Mushroom Panini,Gourmet Food,A,340,120,1,340,25.0,OVERRIDE_MGR_01,255.0,135.0,52.94,UPI (GooglePay/PhonePe),2,Champion,1953
TXN-IN-11557,2026-08-11,19,0,MUM-002,Mumbai – Lower Parel High Street,Mumbai,West,SKU-BAKE-004,Butter Flaky Croissant,Artisanal Bakery,B,180,55,1,180,0.0,NONE,180.0,125.0,69.44,Debit Card,2,Loyal Customer,1022
TXN-IN-11558,2026-08-03,13,0,HYD-001,Hyderabad – Hitec City Cyber Towers,Hyderabad,South,SKU-BEV-003,Nitro Cold Brew Infusion,Specialty Beverages,A,310,90,1,310,0.0,NONE,310.0,220.0,70.97,UPI (GooglePay/PhonePe),1,Loyal Customer,1474
TXN-IN-11559,2026-07-29,17,0,BLR-017,Bengaluru – JP Nagar (Outlet 17),Bengaluru,South,SKU-SNK-005,Truffle Cheese Mushroom Panini,Gourmet Food,A,340,120,2,680,0.0,NONE,680.0,440.0,64.71,Cash,4,Potential Loyalist,1345
TXN-IN-11560,2026-07-24,13,0,BLR-017,Bengaluru – JP Nagar (Outlet 17),Bengaluru,South,SKU-BAKE-004,Butter Flaky Croissant,Artisanal Bakery,B,180,55,3,540,25.0,OVERRIDE_MGR_01,405.0,240.0,59.26,Cash,3,Hibernating,1386
TXN-IN-11561,2026-08-29,8,1,HYD-001,Hyderabad – Hitec City Cyber Towers,Hyderabad,South,SKU-BEV-001,Artisanal Cold Brew (350ml),Specialty Beverages,A,240,65,1,240,0.0,NONE,240.0,175.0,72.92,Cash,5,Loyal Customer,1919
TXN-IN-11562,2026-08-01,19,1,BLR-002,Bengaluru – Koramangala 5th Block,Bengaluru,South,SKU-BEV-002,Monsoon Cinnamon Latte,Specialty Beverages,A,280,80,2,560,0.0,NONE,560.0,400.0,71.43,Credit Card,5,Potential Loyalist,1819
TXN-IN-11563,2026-08-27,18,0,DEL-001,Delhi – Connaught Place Inner Circle,Delhi,North,SKU-BEV-002,Monsoon Cinnamon Latte,Specialty Beverages,A,280,80,1,280,0.0,NONE,280.0,200.0,71.43,Credit Card,5,Loyal Customer,1540
TXN-IN-11564,2026-08-04,15,0,CHN-001,Chennai – Anna Nagar 2nd Avenue,Chennai,South,SKU-SNK-006,Smoked Paneer Tikka Sourdough,Gourmet Food,B,310,105,1,310,0.0,NONE,310.0,205.0,66.13,UPI (GooglePay/PhonePe),5,At Risk,899
TXN-IN-11565,2026-08-15,17,1,BLR-001,Bengaluru – Indiranagar 100ft,Bengaluru,South,SKU-BAKE-004,Butter Flaky Croissant,Artisanal Bakery,B,180,55,1,180,0.0,NONE,180.0,125.0,69.44,UPI (GooglePay/PhonePe),4,Hibernating,1584
TXN-IN-11566,2026-09-03,12,0,BLR-002,Bengaluru – Koramangala 5th Block,Bengaluru,South,SKU-BAKE-004,Butter Flaky Croissant,Artisanal Bakery,B,180,55,2,360,10.0,CAMPAIGN_CODE_PROMO,324.0,214.0,66.05,UPI (GooglePay/PhonePe),3,Loyal Customer,1271
TXN-IN-11567,2026-08-30,21,1,HYD-001,Hyderabad – Hitec City Cyber Towers,Hyderabad,South,SKU-BAKE-004,Butter Flaky Croissant,Artisanal Bakery,B,180,55,1,180,0.0,NONE,180.0,125.0,69.44,UPI (GooglePay/PhonePe),4,Potential Loyalist,1933
TXN-IN-11568,2026-08-29,13,1,MUM-001,Mumbai – Bandra West Linking Rd,Mumbai,West,SKU-BEV-001,Artisanal Cold Brew (350ml),Specialty Beverages,A,240,65,1,240,0.0,NONE,240.0,175.0,72.92,UPI (GooglePay/PhonePe),3,Loyal Customer,2202
TXN-IN-11569,2026-08-15,18,1,DEL-001,Delhi – Connaught Place Inner Circle,Delhi,North,SKU-BEV-002,Monsoon Cinnamon Latte,Specialty Beverages,A,280,80,1,280,0.0,NONE,280.0,200.0,71.43,Credit Card,5,Potential Loyalist,2036
TXN-IN-11570,2026-08-17,11,0,CHN-001,Chennai – Anna Nagar 2nd Avenue,Chennai,South,SKU-BEV-003,Nitro Cold Brew Infusion,Specialty Beverages,A,310,90,1,310,0.0,NONE,310.0,220.0,70.97,UPI (GooglePay/PhonePe),4,Champion,880
TXN-IN-11571,2026-08-03,12,0,BLR-001,Bengaluru – Indiranagar 100ft,Bengaluru,South,SKU-BEV-003,Nitro Cold Brew Infusion,Specialty Beverages,A,310,90,1,310,10.0,CAMPAIGN_CODE_PROMO,279.0,189.0,67.74,UPI (GooglePay/PhonePe),4,Champion,1104
TXN-IN-11572,2026-07-22,19,0,BLR-017,Bengaluru – JP Nagar (Outlet 17),Bengaluru,South,SKU-BAKE-004,Butter Flaky Croissant,Artisanal Bakery,B,180,55,1,180,0.0,NONE,180.0,125.0,69.44,Debit Card,5,Champion,1380
TXN-IN-11573,2026-08-19,9,0,DEL-002,Delhi – Cyber Hub Gurugram,Delhi NCR,North,SKU-BEV-001,Artisanal Cold Brew (350ml),Specialty Beverages,A,240,65,1,240,0.0,NONE,240.0,175.0,72.92,Debit Card,5,Potential Loyalist,1074
TXN-IN-11574,2026-07-24,13,0,BLR-002,Bengaluru – Koramangala 5th Block,Bengaluru,South,SKU-DES-007,Classic Tiramisu Cup,Desserts,B,260,85,1,260,0.0,NONE,260.0,175.0,67.31,Credit Card,4,Potential Loyalist,1373
TXN-IN-11575,2026-08-22,22,1,DEL-001,Delhi – Connaught Place Inner Circle,Delhi,North,SKU-PKG-008,Eco-Kraft Branded Cup (Carton),Packaging,C,950,620,1,950,0.0,NONE,950.0,330.0,34.74,Cash,5,Loyal Customer,1989
TXN-IN-11576,2026-08-28,18,0,HYD-001,Hyderabad – Hitec City Cyber Towers,Hyderabad,South,SKU-SNK-005,Truffle Cheese Mushroom Panini,Gourmet Food,A,340,120,1,340,0.0,NONE,340.0,220.0,64.71,UPI (GooglePay/PhonePe),5,Loyal Customer,1507
TXN-IN-11577,2026-08-23,11,1,HYD-001,Hyderabad – Hitec City Cyber Towers,Hyderabad,South,SKU-BEV-002,Monsoon Cinnamon Latte,Specialty Beverages,A,280,80,3,840,0.0,NONE,840.0,600.0,71.43,UPI (GooglePay/PhonePe),5,Potential Loyalist,1824
TXN-IN-11578,2026-08-24,18,0,HYD-001,Hyderabad – Hitec City Cyber Towers,Hyderabad,South,SKU-DES-007,Classic Tiramisu Cup,Desserts,B,260,85,3,780,0.0,NONE,780.0,525.0,67.31,UPI (GooglePay/PhonePe),5,Champion,1369
TXN-IN-11579,2026-07-28,18,0,MUM-001,Mumbai – Bandra West Linking Rd,Mumbai,West,SKU-BEV-001,Artisanal Cold Brew (350ml),Specialty Beverages,A,240,65,1,240,0.0,NONE,240.0,175.0,72.92,UPI (GooglePay/PhonePe),5,Champion,1704
TXN-IN-11580,2026-08-23,17,1,BLR-017,Bengaluru – JP Nagar (Outlet 17),Bengaluru,South,SKU-SNK-005,Truffle Cheese Mushroom Panini,Gourmet Food,A,340,120,1,340,10.0,CAMPAIGN_CODE_PROMO,306.0,186.0,60.78,UPI (GooglePay/PhonePe),5,Potential Loyalist,2015
TXN-IN-11581,2026-08-29,10,1,BLR-017,Bengaluru – JP Nagar (Outlet 17),Bengaluru,South,SKU-BEV-003,Nitro Cold Brew Infusion,Specialty Beverages,A,310,90,2,620,0.0,NONE,620.0,440.0,70.97,Credit Card,5,Potential Loyalist,1923
TXN-IN-11582,2026-07-21,19,0,BLR-001,Bengaluru – Indiranagar 100ft,Bengaluru,South,SKU-BEV-001,Artisanal Cold Brew (350ml),Specialty Beverages,A,240,65,2,480,0.0,NONE,480.0,350.0,72.92,UPI (GooglePay/PhonePe),5,Champion,1260
TXN-IN-11583,2026-08-29,16,1,BLR-017,Bengaluru – JP Nagar (Outlet 17),Bengaluru,South,SKU-BEV-002,Monsoon Cinnamon Latte,Specialty Beverages,A,280,80,2,560,0.0,NONE,560.0,400.0,71.43,Cash,4,Champion,1998
TXN-IN-11584,2026-08-27,13,0,BLR-001,Bengaluru – Indiranagar 100ft,Bengaluru,South,SKU-BEV-003,Nitro Cold Brew Infusion,Specialty Beverages,A,310,90,4,1240,0.0,NONE,1240.0,880.0,70.97,Cash,4,Potential Loyalist,1136
TXN-IN-11585,2026-07-30,18,0,BLR-017,Bengaluru – JP Nagar (Outlet 17),Bengaluru,South,SKU-BEV-003,Nitro Cold Brew Infusion,Specialty Beverages,A,310,90,2,620,0.0,NONE,620.0,440.0,70.97,UPI (GooglePay/PhonePe),5,At Risk,1413
TXN-IN-11586,2026-08-21,9,0,BLR-001,Bengaluru – Indiranagar 100ft,Bengaluru,South,SKU-SNK-006,Smoked Paneer Tikka Sourdough,Gourmet Food,B,310,105,1,310,0.0,NONE,310.0,205.0,66.13,UPI (GooglePay/PhonePe),5,Champion,1239
TXN-IN-11587,2026-08-05,14,0,MUM-001,Mumbai – Bandra West Linking Rd,Mumbai,West,SKU-DES-007,Classic Tiramisu Cup,Desserts,B,260,85,1,260,0.0,NONE,260.0,175.0,67.31,Cash,5,Champion,1666
TXN-IN-11588,2026-08-25,19,0,BLR-017,Bengaluru – JP Nagar (Outlet 17),Bengaluru,South,SKU-BAKE-004,Butter Flaky Croissant,Artisanal Bakery,B,180,55,1,180,0.0,NONE,180.0,125.0,69.44,Credit Card,4,Loyal Customer,1383
TXN-IN-11589,2026-08-25,9,0,DEL-002,Delhi – Cyber Hub Gurugram,Delhi NCR,North,SKU-BEV-001,Artisanal Cold Brew (350ml),Specialty Beverages,A,240,65,2,480,0.0,NONE,480.0,350.0,72.92,Debit Card,5,Loyal Customer,1177
TXN-IN-11590,2026-08-24,8,0,HYD-001,Hyderabad – Hitec City Cyber Towers,Hyderabad,South,SKU-SNK-006,Smoked Paneer Tikka Sourdough,Gourmet Food,B,310,105,2,620,0.0,NONE,620.0,410.0,66.13,Cash,5,Champion,1378
TXN-IN-11591,2026-07-23,17,0,BLR-017,Bengaluru – JP Nagar (Outlet 17),Bengaluru,South,SKU-DES-007,Classic Tiramisu Cup,Desserts,B,260,85,1,260,0.0,NONE,260.0,175.0,67.31,UPI (GooglePay/PhonePe),5,Potential Loyalist,1504
TXN-IN-11592,2026-07-31,21,0,CHN-001,Chennai – Anna Nagar 2nd Avenue,Chennai,South,SKU-PKG-008,Eco-Kraft Branded Cup (Carton),Packaging,C,950,620,1,950,0.0,NONE,950.0,330.0,34.74,Debit Card,4,Champion,1005
TXN-IN-11593,2026-07-24,18,0,DEL-002,Delhi – Cyber Hub Gurugram,Delhi NCR,North,SKU-SNK-005,Truffle Cheese Mushroom Panini,Gourmet Food,A,340,120,1,340,10.0,CAMPAIGN_CODE_PROMO,306.0,186.0,60.78,Cash,4,Potential Loyalist,1153
TXN-IN-11594,2026-08-25,9,0,MUM-002,Mumbai – Lower Parel High Street,Mumbai,West,SKU-DES-007,Classic Tiramisu Cup,Desserts,B,260,85,1,260,0.0,NONE,260.0,175.0,67.31,UPI (GooglePay/PhonePe),5,Potential Loyalist,1035
TXN-IN-11595,2026-08-16,19,1,MUM-001,Mumbai – Bandra West Linking Rd,Mumbai,West,SKU-BEV-002,Monsoon Cinnamon Latte,Specialty Beverages,A,280,80,1,280,5.0,CAMPAIGN_CODE_PROMO,266.0,186.0,69.92,Debit Card,5,Hibernating,2246
TXN-IN-11596,2026-07-30,20,0,DEL-001,Delhi – Connaught Place Inner Circle,Delhi,North,SKU-SNK-006,Smoked Paneer Tikka Sourdough,Gourmet Food,B,310,105,2,620,10.0,CAMPAIGN_CODE_PROMO,558.0,348.0,62.37,UPI (GooglePay/PhonePe),4,Loyal Customer,1559
TXN-IN-11597,2026-09-01,20,0,BLR-002,Bengaluru – Koramangala 5th Block,Bengaluru,South,SKU-SNK-005,Truffle Cheese Mushroom Panini,Gourmet Food,A,340,120,1,340,0.0,NONE,340.0,220.0,64.71,UPI (GooglePay/PhonePe),5,Loyal Customer,1271
TXN-IN-11598,2026-08-07,19,0,CHN-001,Chennai – Anna Nagar 2nd Avenue,Chennai,South,SKU-BEV-001,Artisanal Cold Brew (350ml),Specialty Beverages,A,240,65,2,480,0.0,NONE,480.0,350.0,72.92,Cash,4,Loyal Customer,910
TXN-IN-11599,2026-08-10,19,0,BLR-002,Bengaluru – Koramangala 5th Block,Bengaluru,South,SKU-PKG-008,Eco-Kraft Branded Cup (Carton),Packaging,C,950,620,2,1900,0.0,NONE,1900.0,660.0,34.74,Credit Card,5,Potential Loyalist,1214
TXN-IN-11600,2026-08-07,12,0,MUM-001,Mumbai – Bandra West Linking Rd,Mumbai,West,SKU-BAKE-004,Butter Flaky Croissant,Artisanal Bakery,B,180,55,3,540,0.0,NONE,540.0,375.0,69.44,Credit Card,5,Loyal Customer,1720
TXN-IN-11601,2026-08-09,20,1,BLR-017,Bengaluru – JP Nagar (Outlet 17),Bengaluru,South,SKU-DES-007,Classic Tiramisu Cup,Desserts,B,260,85,2,520,15.0,CAMPAIGN_CODE_PROMO,442.0,272.0,61.54,Cash,5,Loyal Customer,1868
TXN-IN-11602,2026-08-23,11,1,BLR-001,Bengaluru – Indiranagar 100ft,Bengaluru,South,SKU-BAKE-004,Butter Flaky Croissant,Artisanal Bakery,B,180,55,1,180,0.0,NONE,180.0,125.0,69.44,Debit Card,5,Loyal Customer,1554
TXN-IN-11603,2026-08-03,19,0,BLR-001,Bengaluru – Indiranagar 100ft,Bengaluru,South,SKU-DES-007,Classic Tiramisu Cup,Desserts,B,260,85,3,780,0.0,NONE,780.0,525.0,67.31,Cash,4,Loyal Customer,1153
TXN-IN-11604,2026-08-13,20,0,BLR-017,Bengaluru – JP Nagar (Outlet 17),Bengaluru,South,SKU-PKG-008,Eco-Kraft Branded Cup (Carton),Packaging,C,950,620,4,3800,0.0,NONE,3800.0,1320.0,34.74,Cash,3,Champion,1387
TXN-IN-11605,2026-08-02,14,1,BLR-001,Bengaluru – Indiranagar 100ft,Bengaluru,South,SKU-BEV-001,Artisanal Cold Brew (350ml),Specialty Beverages,A,240,65,2,480,0.0,NONE,480.0,350.0,72.92,Cash,5,Loyal Customer,1475
TXN-IN-11606,2026-08-04,19,0,DEL-002,Delhi – Cyber Hub Gurugram,Delhi NCR,North,SKU-SNK-006,Smoked Paneer Tikka Sourdough,Gourmet Food,B,310,105,1,310,0.0,NONE,310.0,205.0,66.13,Credit Card,4,Loyal Customer,1205
TXN-IN-11607,2026-08-15,18,1,BLR-001,Bengaluru – Indiranagar 100ft,Bengaluru,South,SKU-BAKE-004,Butter Flaky Croissant,Artisanal Bakery,B,180,55,1,180,0.0,NONE,180.0,125.0,69.44,UPI (GooglePay/PhonePe),5,Potential Loyalist,1503
TXN-IN-11608,2026-08-22,13,1,MUM-002,Mumbai – Lower Parel High Street,Mumbai,West,SKU-BEV-002,Monsoon Cinnamon Latte,Specialty Beverages,A,280,80,1,280,0.0,NONE,280.0,200.0,71.43,Debit Card,5,Champion,1278
TXN-IN-11609,2026-08-15,12,1,MUM-001,Mumbai – Bandra West Linking Rd,Mumbai,West,SKU-BEV-003,Nitro Cold Brew Infusion,Specialty Beverages,A,310,90,2,620,0.0,NONE,620.0,440.0,70.97,Cash,5,Champion,2262
TXN-IN-11610,2026-08-06,11,0,DEL-001,Delhi – Connaught Place Inner Circle,Delhi,North,SKU-SNK-006,Smoked Paneer Tikka Sourdough,Gourmet Food,B,310,105,1,310,0.0,NONE,310.0,205.0,66.13,Credit Card,5,Loyal Customer,1611
TXN-IN-11611,2026-07-22,14,0,DEL-001,Delhi – Connaught Place Inner Circle,Delhi,North,SKU-BEV-001,Artisanal Cold Brew (350ml),Specialty Beverages,A,240,65,2,480,0.0,NONE,480.0,350.0,72.92,Debit Card,5,Hibernating,1610
TXN-IN-11612,2026-07-22,11,0,CHN-001,Chennai – Anna Nagar 2nd Avenue,Chennai,South,SKU-BEV-002,Monsoon Cinnamon Latte,Specialty Beverages,A,280,80,1,280,0.0,NONE,280.0,200.0,71.43,UPI (GooglePay/PhonePe),2,Hibernating,854
TXN-IN-11613,2026-08-22,20,1,MUM-001,Mumbai – Bandra West Linking Rd,Mumbai,West,SKU-SNK-006,Smoked Paneer Tikka Sourdough,Gourmet Food,B,310,105,1,310,5.0,CAMPAIGN_CODE_PROMO,294.5,189.5,64.35,Debit Card,5,Loyal Customer,2229
TXN-IN-11614,2026-08-02,13,1,BLR-017,Bengaluru – JP Nagar (Outlet 17),Bengaluru,South,SKU-BEV-003,Nitro Cold Brew Infusion,Specialty Beverages,A,310,90,2,620,25.0,OVERRIDE_MGR_01,465.0,285.0,61.29,UPI (GooglePay/PhonePe),4,Champion,1983
TXN-IN-11615,2026-07-26,17,1,HYD-001,Hyderabad – Hitec City Cyber Towers,Hyderabad,South,SKU-PKG-008,Eco-Kraft Branded Cup (Carton),Packaging,C,950,620,1,950,0.0,NONE,950.0,330.0,34.74,Cash,5,Loyal Customer,1863
TXN-IN-11616,2026-08-07,20,0,BLR-001,Bengaluru – Indiranagar 100ft,Bengaluru,South,SKU-BEV-002,Monsoon Cinnamon Latte,Specialty Beverages,A,280,80,1,280,15.0,CAMPAIGN_CODE_PROMO,238.0,158.0,66.39,Debit Card,4,Loyal Customer,1130
TXN-IN-11617,2026-08-19,12,0,CHN-001,Chennai – Anna Nagar 2nd Avenue,Chennai,South,SKU-BEV-003,Nitro Cold Brew Infusion,Specialty Beverages,A,310,90,1,310,0.0,NONE,310.0,220.0,70.97,Cash,4,Champion,1010
TXN-IN-11618,2026-08-12,9,0,HYD-001,Hyderabad – Hitec City Cyber Towers,Hyderabad,South,SKU-BEV-001,Artisanal Cold Brew (350ml),Specialty Beverages,A,240,65,2,480,0.0,NONE,480.0,350.0,72.92,Cash,5,Champion,1384
TXN-IN-11619,2026-08-07,16,0,BLR-002,Bengaluru – Koramangala 5th Block,Bengaluru,South,SKU-BEV-001,Artisanal Cold Brew (350ml),Specialty Beverages,A,240,65,2,480,0.0,NONE,480.0,350.0,72.92,UPI (GooglePay/PhonePe),5,Loyal Customer,1346
TXN-IN-11620,2026-08-28,18,0,DEL-002,Delhi – Cyber Hub Gurugram,Delhi NCR,North,SKU-DES-007,Classic Tiramisu Cup,Desserts,B,260,85,3,780,0.0,NONE,780.0,525.0,67.31,Cash,4,Potential Loyalist,1193
TXN-IN-11621,2026-09-01,13,0,HYD-001,Hyderabad – Hitec City Cyber Towers,Hyderabad,South,SKU-BEV-002,Monsoon Cinnamon Latte,Specialty Beverages,A,280,80,3,840,0.0,NONE,840.0,600.0,71.43,Credit Card,5,Potential Loyalist,1455
TXN-IN-11622,2026-08-04,13,0,BLR-002,Bengaluru – Koramangala 5th Block,Bengaluru,South,SKU-SNK-006,Smoked Paneer Tikka Sourdough,Gourmet Food,B,310,105,2,620,0.0,NONE,620.0,410.0,66.13,Credit Card,5,Potential Loyalist,1249
TXN-IN-11623,2026-07-31,19,0,MUM-001,Mumbai – Bandra West Linking Rd,Mumbai,West,SKU-BEV-002,Monsoon Cinnamon Latte,Specialty Beverages,A,280,80,1,280,0.0,NONE,280.0,200.0,71.43,Credit Card,4,Potential Loyalist,1680
TXN-IN-11624,2026-08-14,19,0,CHN-001,Chennai – Anna Nagar 2nd Avenue,Chennai,South,SKU-BEV-001,Artisanal Cold Brew (350ml),Specialty Beverages,A,240,65,1,240,0.0,NONE,240.0,175.0,72.92,Debit Card,5,Potential Loyalist,957
TXN-IN-11625,2026-08-15,12,1,BLR-001,Bengaluru – Indiranagar 100ft,Bengaluru,South,SKU-PKG-008,Eco-Kraft Branded Cup (Carton),Packaging,C,950,620,1,950,0.0,NONE,950.0,330.0,34.74,UPI (GooglePay/PhonePe),5,Champion,1643
TXN-IN-11626,2026-08-31,17,0,DEL-001,Delhi – Connaught Place Inner Circle,Delhi,North,SKU-BAKE-004,Butter Flaky Croissant,Artisanal Bakery,B,180,55,3,540,0.0,NONE,540.0,375.0,69.44,Cash,4,At Risk,1492
TXN-IN-11627,2026-07-20,11,0,DEL-001,Delhi – Connaught Place Inner Circle,Delhi,North,SKU-DES-007,Classic Tiramisu Cup,Desserts,B,260,85,3,780,15.0,CAMPAIGN_CODE_PROMO,663.0,408.0,61.54,Cash,4,Loyal Customer,1560
TXN-IN-11628,2026-07-29,12,0,DEL-002,Delhi – Cyber Hub Gurugram,Delhi NCR,North,SKU-SNK-006,Smoked Paneer Tikka Sourdough,Gourmet Food,B,310,105,1,310,0.0,NONE,310.0,205.0,66.13,UPI (GooglePay/PhonePe),4,Loyal Customer,1116
TXN-IN-11629,2026-08-11,12,0,DEL-002,Delhi – Cyber Hub Gurugram,Delhi NCR,North,SKU-BEV-002,Monsoon Cinnamon Latte,Specialty Beverages,A,280,80,3,840,0.0,NONE,840.0,600.0,71.43,Debit Card,5,At Risk,1057
TXN-IN-11630,2026-08-01,22,1,CHN-001,Chennai – Anna Nagar 2nd Avenue,Chennai,South,SKU-SNK-006,Smoked Paneer Tikka Sourdough,Gourmet Food,B,310,105,2,620,0.0,NONE,620.0,410.0,66.13,Credit Card,4,Potential Loyalist,1264
TXN-IN-11631,2026-08-23,19,1,BLR-002,Bengaluru – Koramangala 5th Block,Bengaluru,South,SKU-BAKE-004,Butter Flaky Croissant,Artisanal Bakery,B,180,55,2,360,0.0,NONE,360.0,250.0,69.44,Credit Card,4,Champion,1655
TXN-IN-11632,2026-07-30,18,0,HYD-001,Hyderabad – Hitec City Cyber Towers,Hyderabad,South,SKU-BAKE-004,Butter Flaky Croissant,Artisanal Bakery,B,180,55,1,180,0.0,NONE,180.0,125.0,69.44,Cash,5,At Risk,1326
TXN-IN-11633,2026-07-23,10,0,BLR-017,Bengaluru – JP Nagar (Outlet 17),Bengaluru,South,SKU-DES-007,Classic Tiramisu Cup,Desserts,B,260,85,1,260,0.0,NONE,260.0,175.0,67.31,Credit Card,4,At Risk,1346
TXN-IN-11634,2026-07-23,18,0,BLR-017,Bengaluru – JP Nagar (Outlet 17),Bengaluru,South,SKU-DES-007,Classic Tiramisu Cup,Desserts,B,260,85,1,260,25.0,OVERRIDE_MGR_01,195.0,110.0,56.41,Credit Card,5,Potential Loyalist,1353
TXN-IN-11635,2026-08-18,17,0,DEL-002,Delhi – Cyber Hub Gurugram,Delhi NCR,North,SKU-BEV-003,Nitro Cold Brew Infusion,Specialty Beverages,A,310,90,3,930,0.0,NONE,930.0,660.0,70.97,Debit Card,4,Potential Loyalist,1032
TXN-IN-11636,2026-08-12,20,0,MUM-001,Mumbai – Bandra West Linking Rd,Mumbai,West,SKU-SNK-005,Truffle Cheese Mushroom Panini,Gourmet Food,A,340,120,1,340,0.0,NONE,340.0,220.0,64.71,Cash,5,Champion,1752
TXN-IN-11637,2026-08-17,15,0,BLR-002,Bengaluru – Koramangala 5th Block,Bengaluru,South,SKU-DES-007,Classic Tiramisu Cup,Desserts,B,260,85,2,520,5.0,CAMPAIGN_CODE_PROMO,494.0,324.0,65.59,Credit Card,5,Potential Loyalist,1390
TXN-IN-11638,2026-08-20,22,0,HYD-001,Hyderabad – Hitec City Cyber Towers,Hyderabad,South,SKU-DES-007,Classic Tiramisu Cup,Desserts,B,260,85,3,780,0.0,NONE,780.0,525.0,67.31,Cash,5,Potential Loyalist,1315
TXN-IN-11639,2026-08-14,12,0,CHN-001,Chennai – Anna Nagar 2nd Avenue,Chennai,South,SKU-SNK-005,Truffle Cheese Mushroom Panini,Gourmet Food,A,340,120,1,340,0.0,NONE,340.0,220.0,64.71,UPI (GooglePay/PhonePe),5,Champion,920
TXN-IN-11640,2026-08-11,21,0,BLR-002,Bengaluru – Koramangala 5th Block,Bengaluru,South,SKU-BAKE-004,Butter Flaky Croissant,Artisanal Bakery,B,180,55,1,180,15.0,CAMPAIGN_CODE_PROMO,153.0,98.0,64.05,UPI (GooglePay/PhonePe),5,Champion,1242
TXN-IN-11641,2026-09-01,8,0,BLR-017,Bengaluru – JP Nagar (Outlet 17),Bengaluru,South,SKU-BEV-002,Monsoon Cinnamon Latte,Specialty Beverages,A,280,80,2,560,25.0,OVERRIDE_MGR_01,420.0,260.0,61.9,Debit Card,4,Potential Loyalist,1373
TXN-IN-11642,2026-08-18,12,0,HYD-001,Hyderabad – Hitec City Cyber Towers,Hyderabad,South,SKU-SNK-006,Smoked Paneer Tikka Sourdough,Gourmet Food,B,310,105,1,310,0.0,NONE,310.0,205.0,66.13,Cash,5,Loyal Customer,1322
TXN-IN-11643,2026-07-30,15,0,DEL-001,Delhi – Connaught Place Inner Circle,Delhi,North,SKU-BEV-001,Artisanal Cold Brew (350ml),Specialty Beverages,A,240,65,1,240,0.0,NONE,240.0,175.0,72.92,UPI (GooglePay/PhonePe),5,Loyal Customer,1433
TXN-IN-11644,2026-08-04,20,0,HYD-001,Hyderabad – Hitec City Cyber Towers,Hyderabad,South,SKU-BAKE-004,Butter Flaky Croissant,Artisanal Bakery,B,180,55,2,360,0.0,NONE,360.0,250.0,69.44,Cash,5,Champion,1428
TXN-IN-11645,2026-08-20,10,0,CHN-001,Chennai – Anna Nagar 2nd Avenue,Chennai,South,SKU-BEV-003,Nitro Cold Brew Infusion,Specialty Beverages,A,310,90,3,930,0.0,NONE,930.0,660.0,70.97,UPI (GooglePay/PhonePe),3,At Risk,990
TXN-IN-11646,2026-08-23,13,1,BLR-002,Bengaluru – Koramangala 5th Block,Bengaluru,South,SKU-BEV-002,Monsoon Cinnamon Latte,Specialty Beverages,A,280,80,2,560,0.0,NONE,560.0,400.0,71.43,Debit Card,5,Loyal Customer,1836
TXN-IN-11647,2026-08-20,20,0,HYD-001,Hyderabad – Hitec City Cyber Towers,Hyderabad,South,SKU-BAKE-004,Butter Flaky Croissant,Artisanal Bakery,B,180,55,2,360,0.0,NONE,360.0,250.0,69.44,Cash,5,Champion,1441
TXN-IN-11648,2026-07-31,14,0,CHN-001,Chennai – Anna Nagar 2nd Avenue,Chennai,South,SKU-SNK-006,Smoked Paneer Tikka Sourdough,Gourmet Food,B,310,105,1,310,0.0,NONE,310.0,205.0,66.13,Debit Card,2,Champion,1019
TXN-IN-11649,2026-08-26,21,0,CHN-001,Chennai – Anna Nagar 2nd Avenue,Chennai,South,SKU-DES-007,Classic Tiramisu Cup,Desserts,B,260,85,1,260,10.0,CAMPAIGN_CODE_PROMO,234.0,149.0,63.68,UPI (GooglePay/PhonePe),5,Hibernating,900
TXN-IN-11650,2026-08-14,8,0,CHN-001,Chennai – Anna Nagar 2nd Avenue,Chennai,South,SKU-BEV-003,Nitro Cold Brew Infusion,Specialty Beverages,A,310,90,3,930,0.0,NONE,930.0,660.0,70.97,Debit Card,5,Champion,883
TXN-IN-11651,2026-07-31,12,0,MUM-001,Mumbai – Bandra West Linking Rd,Mumbai,West,SKU-SNK-006,Smoked Paneer Tikka Sourdough,Gourmet Food,B,310,105,1,310,0.0,NONE,310.0,205.0,66.13,Credit Card,5,Loyal Customer,1684
TXN-IN-11652,2026-07-26,19,1,MUM-002,Mumbai – Lower Parel High Street,Mumbai,West,SKU-DES-007,Classic Tiramisu Cup,Desserts,B,260,85,2,520,0.0,NONE,520.0,350.0,67.31,UPI (GooglePay/PhonePe),5,Loyal Customer,1326
TXN-IN-11653,2026-08-25,21,0,DEL-002,Delhi – Cyber Hub Gurugram,Delhi NCR,North,SKU-PKG-008,Eco-Kraft Branded Cup (Carton),Packaging,C,950,620,2,1900,0.0,NONE,1900.0,660.0,34.74,Cash,4,Loyal Customer,1130
TXN-IN-11654,2026-08-28,20,0,CHN-001,Chennai – Anna Nagar 2nd Avenue,Chennai,South,SKU-SNK-005,Truffle Cheese Mushroom Panini,Gourmet Food,A,340,120,2,680,0.0,NONE,680.0,440.0,64.71,UPI (GooglePay/PhonePe),3,Champion,924
TXN-IN-11655,2026-07-22,18,0,MUM-001,Mumbai – Bandra West Linking Rd,Mumbai,West,SKU-DES-007,Classic Tiramisu Cup,Desserts,B,260,85,4,1040,0.0,NONE,1040.0,700.0,67.31,Cash,2,Potential Loyalist,1646
TXN-IN-11656,2026-08-27,13,0,DEL-001,Delhi – Connaught Place Inner Circle,Delhi,North,SKU-BEV-002,Monsoon Cinnamon Latte,Specialty Beverages,A,280,80,2,560,0.0,NONE,560.0,400.0,71.43,Cash,5,Hibernating,1612
TXN-IN-11657,2026-07-22,12,0,HYD-001,Hyderabad – Hitec City Cyber Towers,Hyderabad,South,SKU-BEV-002,Monsoon Cinnamon Latte,Specialty Beverages,A,280,80,1,280,0.0,NONE,280.0,200.0,71.43,Debit Card,5,Loyal Customer,1448
TXN-IN-11658,2026-08-31,16,0,BLR-002,Bengaluru – Koramangala 5th Block,Bengaluru,South,SKU-BEV-001,Artisanal Cold Brew (350ml),Specialty Beverages,A,240,65,3,720,0.0,NONE,720.0,525.0,72.92,UPI (GooglePay/PhonePe),2,Champion,1360
TXN-IN-11659,2026-08-31,17,0,HYD-001,Hyderabad – Hitec City Cyber Towers,Hyderabad,South,SKU-PKG-008,Eco-Kraft Branded Cup (Carton),Packaging,C,950,620,2,1900,0.0,NONE,1900.0,660.0,34.74,Cash,5,Loyal Customer,1437
TXN-IN-11660,2026-09-03,18,0,BLR-002,Bengaluru – Koramangala 5th Block,Bengaluru,South,SKU-BEV-003,Nitro Cold Brew Infusion,Specialty Beverages,A,310,90,1,310,0.0,NONE,310.0,220.0,70.97,UPI (GooglePay/PhonePe),4,Loyal Customer,1374
TXN-IN-11661,2026-08-22,19,1,BLR-001,Bengaluru – Indiranagar 100ft,Bengaluru,South,SKU-DES-007,Classic Tiramisu Cup,Desserts,B,260,85,2,520,0.0,NONE,520.0,350.0,67.31,Credit Card,5,Loyal Customer,1479
TXN-IN-11662,2026-08-31,18,0,DEL-001,Delhi – Connaught Place Inner Circle,Delhi,North,SKU-DES-007,Classic Tiramisu Cup,Desserts,B,260,85,1,260,0.0,NONE,260.0,175.0,67.31,Cash,5,Potential Loyalist,1462
TXN-IN-11663,2026-08-06,14,0,CHN-001,Chennai – Anna Nagar 2nd Avenue,Chennai,South,SKU-BEV-003,Nitro Cold Brew Infusion,Specialty Beverages,A,310,90,2,620,0.0,NONE,620.0,440.0,70.97,Credit Card,5,Loyal Customer,957
TXN-IN-11664,2026-08-26,20,0,DEL-002,Delhi – Cyber Hub Gurugram,Delhi NCR,North,SKU-BAKE-004,Butter Flaky Croissant,Artisanal Bakery,B,180,55,1,180,0.0,NONE,180.0,125.0,69.44,UPI (GooglePay/PhonePe),4,Potential Loyalist,1054
TXN-IN-11665,2026-09-01,20,0,CHN-001,Chennai – Anna Nagar 2nd Avenue,Chennai,South,SKU-SNK-005,Truffle Cheese Mushroom Panini,Gourmet Food,A,340,120,2,680,0.0,NONE,680.0,440.0,64.71,UPI (GooglePay/PhonePe),5,At Risk,986
TXN-IN-11666,2026-07-26,10,1,DEL-001,Delhi – Connaught Place Inner Circle,Delhi,North,SKU-DES-007,Classic Tiramisu Cup,Desserts,B,260,85,1,260,0.0,NONE,260.0,175.0,67.31,Credit Card,5,Potential Loyalist,2129
TXN-IN-11667,2026-08-19,21,0,BLR-002,Bengaluru – Koramangala 5th Block,Bengaluru,South,SKU-SNK-006,Smoked Paneer Tikka Sourdough,Gourmet Food,B,310,105,1,310,0.0,NONE,310.0,205.0,66.13,Cash,5,Potential Loyalist,1287
TXN-IN-11668,2026-08-22,22,1,DEL-001,Delhi – Connaught Place Inner Circle,Delhi,North,SKU-BEV-002,Monsoon Cinnamon Latte,Specialty Beverages,A,280,80,1,280,0.0,NONE,280.0,200.0,71.43,Cash,4,Loyal Customer,1951
TXN-IN-11669,2026-08-30,21,1,HYD-001,Hyderabad – Hitec City Cyber Towers,Hyderabad,South,SKU-SNK-005,Truffle Cheese Mushroom Panini,Gourmet Food,A,340,120,4,1360,0.0,NONE,1360.0,880.0,64.71,UPI (GooglePay/PhonePe),4,Potential Loyalist,1993
TXN-IN-11670,2026-09-01,12,0,MUM-002,Mumbai – Lower Parel High Street,Mumbai,West,SKU-SNK-005,Truffle Cheese Mushroom Panini,Gourmet Food,A,340,120,1,340,0.0,NONE,340.0,220.0,64.71,UPI (GooglePay/PhonePe),3,At Risk,1047
TXN-IN-11671,2026-07-24,12,0,BLR-017,Bengaluru – JP Nagar (Outlet 17),Bengaluru,South,SKU-PKG-008,Eco-Kraft Branded Cup (Carton),Packaging,C,950,620,2,1900,25.0,OVERRIDE_MGR_01,1425.0,185.0,12.98,Credit Card,5,Champion,1433
TXN-IN-11672,2026-08-02,13,1,DEL-002,Delhi – Cyber Hub Gurugram,Delhi NCR,North,SKU-SNK-005,Truffle Cheese Mushroom Panini,Gourmet Food,A,340,120,1,340,10.0,CAMPAIGN_CODE_PROMO,306.0,186.0,60.78,UPI (GooglePay/PhonePe),5,Potential Loyalist,1498
TXN-IN-11673,2026-08-28,20,0,MUM-001,Mumbai – Bandra West Linking Rd,Mumbai,West,SKU-DES-007,Classic Tiramisu Cup,Desserts,B,260,85,1,260,0.0,NONE,260.0,175.0,67.31,UPI (GooglePay/PhonePe),4,Loyal Customer,1651
TXN-IN-11674,2026-07-22,12,0,BLR-001,Bengaluru – Indiranagar 100ft,Bengaluru,South,SKU-SNK-005,Truffle Cheese Mushroom Panini,Gourmet Food,A,340,120,4,1360,0.0,NONE,1360.0,880.0,64.71,UPI (GooglePay/PhonePe),5,Potential Loyalist,1092
TXN-IN-11675,2026-07-22,18,0,DEL-001,Delhi – Connaught Place Inner Circle,Delhi,North,SKU-BEV-003,Nitro Cold Brew Infusion,Specialty Beverages,A,310,90,1,310,0.0,NONE,310.0,220.0,70.97,UPI (GooglePay/PhonePe),4,Loyal Customer,1563
TXN-IN-11676,2026-07-23,14,0,BLR-002,Bengaluru – Koramangala 5th Block,Bengaluru,South,SKU-PKG-008,Eco-Kraft Branded Cup (Carton),Packaging,C,950,620,1,950,0.0,NONE,950.0,330.0,34.74,Cash,5,At Risk,1289
TXN-IN-11677,2026-08-14,17,0,BLR-002,Bengaluru – Koramangala 5th Block,Bengaluru,South,SKU-BEV-003,Nitro Cold Brew Infusion,Specialty Beverages,A,310,90,3,930,0.0,NONE,930.0,660.0,70.97,Debit Card,5,Hibernating,1397
TXN-IN-11678,2026-08-26,16,0,CHN-001,Chennai – Anna Nagar 2nd Avenue,Chennai,South,SKU-DES-007,Classic Tiramisu Cup,Desserts,B,260,85,2,520,0.0,NONE,520.0,350.0,67.31,Credit Card,3,Champion,1020
TXN-IN-11679,2026-08-10,20,0,CHN-001,Chennai – Anna Nagar 2nd Avenue,Chennai,South,SKU-SNK-006,Smoked Paneer Tikka Sourdough,Gourmet Food,B,310,105,4,1240,0.0,NONE,1240.0,820.0,66.13,Credit Card,4,Loyal Customer,933
TXN-IN-11680,2026-08-09,13,1,MUM-002,Mumbai – Lower Parel High Street,Mumbai,West,SKU-BEV-003,Nitro Cold Brew Infusion,Specialty Beverages,A,310,90,1,310,0.0,NONE,310.0,220.0,70.97,UPI (GooglePay/PhonePe),2,At Risk,1352
TXN-IN-11681,2026-08-10,8,0,BLR-001,Bengaluru – Indiranagar 100ft,Bengaluru,South,SKU-BEV-003,Nitro Cold Brew Infusion,Specialty Beverages,A,310,90,3,930,5.0,CAMPAIGN_CODE_PROMO,883.5,613.5,69.44,Credit Card,5,Champion,1235
TXN-IN-11682,2026-08-03,20,0,BLR-017,Bengaluru – JP Nagar (Outlet 17),Bengaluru,South,SKU-BAKE-004,Butter Flaky Croissant,Artisanal Bakery,B,180,55,1,180,0.0,NONE,180.0,125.0,69.44,Credit Card,3,Champion,1341
TXN-IN-11683,2026-08-09,12,1,DEL-001,Delhi – Connaught Place Inner Circle,Delhi,North,SKU-PKG-008,Eco-Kraft Branded Cup (Carton),Packaging,C,950,620,1,950,0.0,NONE,950.0,330.0,34.74,Cash,4,Potential Loyalist,2017
TXN-IN-11684,2026-08-08,18,1,MUM-002,Mumbai – Lower Parel High Street,Mumbai,West,SKU-DES-007,Classic Tiramisu Cup,Desserts,B,260,85,1,260,0.0,NONE,260.0,175.0,67.31,UPI (GooglePay/PhonePe),5,At Risk,1299
TXN-IN-11685,2026-08-16,13,1,HYD-001,Hyderabad – Hitec City Cyber Towers,Hyderabad,South,SKU-PKG-008,Eco-Kraft Branded Cup (Carton),Packaging,C,950,620,2,1900,0.0,NONE,1900.0,660.0,34.74,UPI (GooglePay/PhonePe),5,At Risk,1985
TXN-IN-11686,2026-09-03,21,0,BLR-002,Bengaluru – Koramangala 5th Block,Bengaluru,South,SKU-SNK-006,Smoked Paneer Tikka Sourdough,Gourmet Food,B,310,105,1,310,5.0,CAMPAIGN_CODE_PROMO,294.5,189.5,64.35,UPI (GooglePay/PhonePe),4,At Risk,1227
TXN-IN-11687,2026-07-28,18,0,MUM-001,Mumbai – Bandra West Linking Rd,Mumbai,West,SKU-BEV-002,Monsoon Cinnamon Latte,Specialty Beverages,A,280,80,1,280,0.0,NONE,280.0,200.0,71.43,UPI (GooglePay/PhonePe),4,Potential Loyalist,1585
TXN-IN-11688,2026-08-13,15,0,BLR-001,Bengaluru – Indiranagar 100ft,Bengaluru,South,SKU-BEV-002,Monsoon Cinnamon Latte,Specialty Beverages,A,280,80,1,280,0.0,NONE,280.0,200.0,71.43,UPI (GooglePay/PhonePe),4,Loyal Customer,1076
TXN-IN-11689,2026-08-23,19,1,BLR-002,Bengaluru – Koramangala 5th Block,Bengaluru,South,SKU-PKG-008,Eco-Kraft Branded Cup (Carton),Packaging,C,950,620,1,950,0.0,NONE,950.0,330.0,34.74,UPI (GooglePay/PhonePe),4,At Risk,1770
TXN-IN-11690,2026-08-18,14,0,DEL-001,Delhi – Connaught Place Inner Circle,Delhi,North,SKU-SNK-005,Truffle Cheese Mushroom Panini,Gourmet Food,A,340,120,2,680,0.0,NONE,680.0,440.0,64.71,Debit Card,5,Champion,1566
TXN-IN-11691,2026-07-22,17,0,DEL-001,Delhi – Connaught Place Inner Circle,Delhi,North,SKU-BEV-003,Nitro Cold Brew Infusion,Specialty Beverages,A,310,90,2,620,0.0,NONE,620.0,440.0,70.97,Debit Card,5,Potential Loyalist,1481
TXN-IN-11692,2026-07-26,12,1,DEL-002,Delhi – Cyber Hub Gurugram,Delhi NCR,North,SKU-BEV-001,Artisanal Cold Brew (350ml),Specialty Beverages,A,240,65,1,240,0.0,NONE,240.0,175.0,72.92,UPI (GooglePay/PhonePe),4,Champion,1522
TXN-IN-11693,2026-09-01,19,0,MUM-001,Mumbai – Bandra West Linking Rd,Mumbai,West,SKU-BAKE-004,Butter Flaky Croissant,Artisanal Bakery,B,180,55,1,180,0.0,NONE,180.0,125.0,69.44,Cash,4,Hibernating,1577
TXN-IN-11694,2026-08-09,21,1,BLR-002,Bengaluru – Koramangala 5th Block,Bengaluru,South,SKU-BEV-003,Nitro Cold Brew Infusion,Specialty Beverages,A,310,90,1,310,0.0,NONE,310.0,220.0,70.97,UPI (GooglePay/PhonePe),4,At Risk,1673
TXN-IN-11695,2026-08-16,13,1,DEL-001,Delhi – Connaught Place Inner Circle,Delhi,North,SKU-BEV-002,Monsoon Cinnamon Latte,Specialty Beverages,A,280,80,2,560,0.0,NONE,560.0,400.0,71.43,UPI (GooglePay/PhonePe),3,Loyal Customer,2038
TXN-IN-11696,2026-09-02,21,0,MUM-001,Mumbai – Bandra West Linking Rd,Mumbai,West,SKU-BAKE-004,Butter Flaky Croissant,Artisanal Bakery,B,180,55,1,180,0.0,NONE,180.0,125.0,69.44,UPI (GooglePay/PhonePe),5,Potential Loyalist,1758
TXN-IN-11697,2026-08-20,13,0,MUM-001,Mumbai – Bandra West Linking Rd,Mumbai,West,SKU-BEV-003,Nitro Cold Brew Infusion,Specialty Beverages,A,310,90,2,620,0.0,NONE,620.0,440.0,70.97,Cash,5,At Risk,1717
TXN-IN-11698,2026-08-20,18,0,BLR-017,Bengaluru – JP Nagar (Outlet 17),Bengaluru,South,SKU-BEV-003,Nitro Cold Brew Infusion,Specialty Beverages,A,310,90,3,930,0.0,NONE,930.0,660.0,70.97,UPI (GooglePay/PhonePe),5,Champion,1357
TXN-IN-11699,2026-07-30,20,0,BLR-001,Bengaluru – Indiranagar 100ft,Bengaluru,South,SKU-SNK-006,Smoked Paneer Tikka Sourdough,Gourmet Food,B,310,105,1,310,0.0,NONE,310.0,205.0,66.13,Cash,3,Potential Loyalist,1124
TXN-IN-11700,2026-08-20,17,0,DEL-001,Delhi – Connaught Place Inner Circle,Delhi,North,SKU-BEV-003,Nitro Cold Brew Infusion,Specialty Beverages,A,310,90,2,620,0.0,NONE,620.0,440.0,70.97,UPI (GooglePay/PhonePe),5,Champion,1592
TXN-IN-11701,2026-07-26,19,1,BLR-002,Bengaluru – Koramangala 5th Block,Bengaluru,South,SKU-SNK-006,Smoked Paneer Tikka Sourdough,Gourmet Food,B,310,105,1,310,0.0,NONE,310.0,205.0,66.13,Cash,5,Champion,1659
TXN-IN-11702,2026-08-05,21,0,CHN-001,Chennai – Anna Nagar 2nd Avenue,Chennai,South,SKU-PKG-008,Eco-Kraft Branded Cup (Carton),Packaging,C,950,620,2,1900,0.0,NONE,1900.0,660.0,34.74,Cash,5,At Risk,952
TXN-IN-11703,2026-08-11,14,0,MUM-001,Mumbai – Bandra West Linking Rd,Mumbai,West,SKU-SNK-006,Smoked Paneer Tikka Sourdough,Gourmet Food,B,310,105,2,620,0.0,NONE,620.0,410.0,66.13,Cash,5,Champion,1762
TXN-IN-11704,2026-07-22,13,0,MUM-001,Mumbai – Bandra West Linking Rd,Mumbai,West,SKU-BEV-001,Artisanal Cold Brew (350ml),Specialty Beverages,A,240,65,1,240,0.0,NONE,240.0,175.0,72.92,UPI (GooglePay/PhonePe),4,At Risk,1716
TXN-IN-11705,2026-08-09,20,1,BLR-017,Bengaluru – JP Nagar (Outlet 17),Bengaluru,South,SKU-PKG-008,Eco-Kraft Branded Cup (Carton),Packaging,C,950,620,1,950,25.0,OVERRIDE_MGR_01,712.5,92.5,12.98,UPI (GooglePay/PhonePe),3,Hibernating,1860
TXN-IN-11706,2026-07-21,19,0,BLR-002,Bengaluru – Koramangala 5th Block,Bengaluru,South,SKU-BEV-003,Nitro Cold Brew Infusion,Specialty Beverages,A,310,90,2,620,0.0,NONE,620.0,440.0,70.97,Credit Card,4,Champion,1250
TXN-IN-11707,2026-08-19,20,0,MUM-002,Mumbai – Lower Parel High Street,Mumbai,West,SKU-BAKE-004,Butter Flaky Croissant,Artisanal Bakery,B,180,55,1,180,0.0,NONE,180.0,125.0,69.44,Cash,5,Loyal Customer,953
TXN-IN-11708,2026-09-01,11,0,HYD-001,Hyderabad – Hitec City Cyber Towers,Hyderabad,South,SKU-BEV-002,Monsoon Cinnamon Latte,Specialty Beverages,A,280,80,2,560,0.0,NONE,560.0,400.0,71.43,UPI (GooglePay/PhonePe),4,Champion,1350
TXN-IN-11709,2026-07-27,18,0,HYD-001,Hyderabad – Hitec City Cyber Towers,Hyderabad,South,SKU-DES-007,Classic Tiramisu Cup,Desserts,B,260,85,1,260,15.0,CAMPAIGN_CODE_PROMO,221.0,136.0,61.54,UPI (GooglePay/PhonePe),5,Loyal Customer,1336
TXN-IN-11710,2026-07-28,19,0,BLR-002,Bengaluru – Koramangala 5th Block,Bengaluru,South,SKU-BEV-001,Artisanal Cold Brew (350ml),Specialty Beverages,A,240,65,1,240,0.0,NONE,240.0,175.0,72.92,Credit Card,4,Hibernating,1394
TXN-IN-11711,2026-08-17,19,0,MUM-001,Mumbai – Bandra West Linking Rd,Mumbai,West,SKU-BAKE-004,Butter Flaky Croissant,Artisanal Bakery,B,180,55,3,540,0.0,NONE,540.0,375.0,69.44,Credit Card,5,Loyal Customer,1656
TXN-IN-11712,2026-08-02,16,1,CHN-001,Chennai – Anna Nagar 2nd Avenue,Chennai,South,SKU-BEV-001,Artisanal Cold Brew (350ml),Specialty Beverages,A,240,65,2,480,0.0,NONE,480.0,350.0,72.92,Credit Card,4,Champion,1357
TXN-IN-11713,2026-08-07,9,0,BLR-002,Bengaluru – Koramangala 5th Block,Bengaluru,South,SKU-BEV-002,Monsoon Cinnamon Latte,Specialty Beverages,A,280,80,1,280,0.0,NONE,280.0,200.0,71.43,Debit Card,4,Champion,1286
TXN-IN-11714,2026-07-20,13,0,DEL-001,Delhi – Connaught Place Inner Circle,Delhi,North,SKU-BEV-003,Nitro Cold Brew Infusion,Specialty Beverages,A,310,90,1,310,15.0,CAMPAIGN_CODE_PROMO,263.5,173.5,65.84,UPI (GooglePay/PhonePe),4,Loyal Customer,1509
TXN-IN-11715,2026-08-13,12,0,BLR-017,Bengaluru – JP Nagar (Outlet 17),Bengaluru,South,SKU-BEV-001,Artisanal Cold Brew (350ml),Specialty Beverages,A,240,65,2,480,0.0,NONE,480.0,350.0,72.92,UPI (GooglePay/PhonePe),4,Loyal Customer,1344
TXN-IN-11716,2026-07-26,13,1,MUM-001,Mumbai – Bandra West Linking Rd,Mumbai,West,SKU-PKG-008,Eco-Kraft Branded Cup (Carton),Packaging,C,950,620,1,950,0.0,NONE,950.0,330.0,34.74,Credit Card,5,Loyal Customer,2246
TXN-IN-11717,2026-08-08,13,1,BLR-002,Bengaluru – Koramangala 5th Block,Bengaluru,South,SKU-BAKE-004,Butter Flaky Croissant,Artisanal Bakery,B,180,55,2,360,15.0,CAMPAIGN_CODE_PROMO,306.0,196.0,64.05,UPI (GooglePay/PhonePe),5,Hibernating,1661
TXN-IN-11718,2026-08-16,16,1,BLR-017,Bengaluru – JP Nagar (Outlet 17),Bengaluru,South,SKU-SNK-006,Smoked Paneer Tikka Sourdough,Gourmet Food,B,310,105,2,620,0.0,NONE,620.0,410.0,66.13,UPI (GooglePay/PhonePe),5,Champion,2021
TXN-IN-11719,2026-07-25,9,1,DEL-002,Delhi – Cyber Hub Gurugram,Delhi NCR,North,SKU-DES-007,Classic Tiramisu Cup,Desserts,B,260,85,3,780,0.0,NONE,780.0,525.0,67.31,UPI (GooglePay/PhonePe),3,Loyal Customer,1432
TXN-IN-11720,2026-08-10,12,0,DEL-001,Delhi – Connaught Place Inner Circle,Delhi,North,SKU-SNK-005,Truffle Cheese Mushroom Panini,Gourmet Food,A,340,120,4,1360,0.0,NONE,1360.0,880.0,64.71,UPI (GooglePay/PhonePe),5,Potential Loyalist,1493
TXN-IN-11721,2026-07-22,18,0,MUM-001,Mumbai – Bandra West Linking Rd,Mumbai,West,SKU-BEV-001,Artisanal Cold Brew (350ml),Specialty Beverages,A,240,65,1,240,0.0,NONE,240.0,175.0,72.92,Debit Card,2,Loyal Customer,1766
TXN-IN-11722,2026-08-29,19,1,HYD-001,Hyderabad – Hitec City Cyber Towers,Hyderabad,South,SKU-SNK-006,Smoked Paneer Tikka Sourdough,Gourmet Food,B,310,105,1,310,0.0,NONE,310.0,205.0,66.13,Credit Card,5,Potential Loyalist,1885
TXN-IN-11723,2026-08-12,21,0,MUM-002,Mumbai – Lower Parel High Street,Mumbai,West,SKU-DES-007,Classic Tiramisu Cup,Desserts,B,260,85,2,520,0.0,NONE,520.0,350.0,67.31,UPI (GooglePay/PhonePe),5,At Risk,1018
TXN-IN-11724,2026-08-16,10,1,BLR-001,Bengaluru – Indiranagar 100ft,Bengaluru,South,SKU-BEV-002,Monsoon Cinnamon Latte,Specialty Beverages,A,280,80,1,280,15.0,CAMPAIGN_CODE_PROMO,238.0,158.0,66.39,UPI (GooglePay/PhonePe),5,Champion,1660
TXN-IN-11725,2026-08-15,15,1,CHN-001,Chennai – Anna Nagar 2nd Avenue,Chennai,South,SKU-BAKE-004,Butter Flaky Croissant,Artisanal Bakery,B,180,55,1,180,0.0,NONE,180.0,125.0,69.44,UPI (GooglePay/PhonePe),5,Loyal Customer,1172
TXN-IN-11726,2026-08-23,18,1,BLR-001,Bengaluru – Indiranagar 100ft,Bengaluru,South,SKU-BEV-002,Monsoon Cinnamon Latte,Specialty Beverages,A,280,80,2,560,0.0,NONE,560.0,400.0,71.43,UPI (GooglePay/PhonePe),5,At Risk,1499
TXN-IN-11727,2026-08-10,17,0,BLR-001,Bengaluru – Indiranagar 100ft,Bengaluru,South,SKU-PKG-008,Eco-Kraft Branded Cup (Carton),Packaging,C,950,620,1,950,0.0,NONE,950.0,330.0,34.74,UPI (GooglePay/PhonePe),5,Loyal Customer,1128
TXN-IN-11728,2026-08-10,13,0,BLR-017,Bengaluru – JP Nagar (Outlet 17),Bengaluru,South,SKU-BEV-001,Artisanal Cold Brew (350ml),Specialty Beverages,A,240,65,2,480,0.0,NONE,480.0,350.0,72.92,Debit Card,5,At Risk,1384
TXN-IN-11729,2026-07-27,15,0,MUM-001,Mumbai – Bandra West Linking Rd,Mumbai,West,SKU-BEV-001,Artisanal Cold Brew (350ml),Specialty Beverages,A,240,65,1,240,0.0,NONE,240.0,175.0,72.92,Cash,4,Loyal Customer,1750
TXN-IN-11730,2026-08-16,11,1,MUM-002,Mumbai – Lower Parel High Street,Mumbai,West,SKU-PKG-008,Eco-Kraft Branded Cup (Carton),Packaging,C,950,620,1,950,5.0,CAMPAIGN_CODE_PROMO,902.5,282.5,31.3,UPI (GooglePay/PhonePe),4,Champion,1355
TXN-IN-11731,2026-08-05,12,0,DEL-002,Delhi – Cyber Hub Gurugram,Delhi NCR,North,SKU-DES-007,Classic Tiramisu Cup,Desserts,B,260,85,1,260,0.0,NONE,260.0,175.0,67.31,UPI (GooglePay/PhonePe),5,At Risk,1199
TXN-IN-11732,2026-08-19,13,0,BLR-001,Bengaluru – Indiranagar 100ft,Bengaluru,South,SKU-BEV-001,Artisanal Cold Brew (350ml),Specialty Beverages,A,240,65,1,240,0.0,NONE,240.0,175.0,72.92,UPI (GooglePay/PhonePe),5,Loyal Customer,1220
TXN-IN-11733,2026-07-21,18,0,BLR-017,Bengaluru – JP Nagar (Outlet 17),Bengaluru,South,SKU-BEV-002,Monsoon Cinnamon Latte,Specialty Beverages,A,280,80,1,280,10.0,CAMPAIGN_CODE_PROMO,252.0,172.0,68.25,UPI (GooglePay/PhonePe),5,Potential Loyalist,1489
TXN-IN-11734,2026-08-04,17,0,CHN-001,Chennai – Anna Nagar 2nd Avenue,Chennai,South,SKU-BEV-002,Monsoon Cinnamon Latte,Specialty Beverages,A,280,80,2,560,0.0,NONE,560.0,400.0,71.43,Credit Card,5,Loyal Customer,1010
TXN-IN-11735,2026-09-03,9,0,BLR-017,Bengaluru – JP Nagar (Outlet 17),Bengaluru,South,SKU-SNK-006,Smoked Paneer Tikka Sourdough,Gourmet Food,B,310,105,2,620,0.0,NONE,620.0,410.0,66.13,Cash,5,At Risk,1467
TXN-IN-11736,2026-08-14,18,0,CHN-001,Chennai – Anna Nagar 2nd Avenue,Chennai,South,SKU-PKG-008,Eco-Kraft Branded Cup (Carton),Packaging,C,950,620,2,1900,0.0,NONE,1900.0,660.0,34.74,Cash,5,Champion,946
TXN-IN-11737,2026-08-13,21,0,CHN-001,Chennai – Anna Nagar 2nd Avenue,Chennai,South,SKU-SNK-005,Truffle Cheese Mushroom Panini,Gourmet Food,A,340,120,1,340,0.0,NONE,340.0,220.0,64.71,UPI (GooglePay/PhonePe),5,Loyal Customer,852
TXN-IN-11738,2026-08-20,20,0,HYD-001,Hyderabad – Hitec City Cyber Towers,Hyderabad,South,SKU-SNK-005,Truffle Cheese Mushroom Panini,Gourmet Food,A,340,120,1,340,0.0,NONE,340.0,220.0,64.71,Debit Card,5,Potential Loyalist,1441
TXN-IN-11739,2026-08-31,16,0,MUM-002,Mumbai – Lower Parel High Street,Mumbai,West,SKU-BEV-002,Monsoon Cinnamon Latte,Specialty Beverages,A,280,80,4,1120,15.0,CAMPAIGN_CODE_PROMO,952.0,632.0,66.39,Credit Card,5,Loyal Customer,1069
TXN-IN-11740,2026-07-28,17,0,BLR-001,Bengaluru – Indiranagar 100ft,Bengaluru,South,SKU-BAKE-004,Butter Flaky Croissant,Artisanal Bakery,B,180,55,1,180,0.0,NONE,180.0,125.0,69.44,Cash,4,Champion,1175
TXN-IN-11741,2026-07-23,18,0,BLR-002,Bengaluru – Koramangala 5th Block,Bengaluru,South,SKU-BEV-001,Artisanal Cold Brew (350ml),Specialty Beverages,A,240,65,2,480,0.0,NONE,480.0,350.0,72.92,Cash,2,Potential Loyalist,1260
TXN-IN-11742,2026-08-12,20,0,CHN-001,Chennai – Anna Nagar 2nd Avenue,Chennai,South,SKU-PKG-008,Eco-Kraft Branded Cup (Carton),Packaging,C,950,620,3,2850,10.0,CAMPAIGN_CODE_PROMO,2565.0,705.0,27.49,UPI (GooglePay/PhonePe),4,Loyal Customer,1000
TXN-IN-11743,2026-08-26,20,0,MUM-002,Mumbai – Lower Parel High Street,Mumbai,West,SKU-BEV-001,Artisanal Cold Brew (350ml),Specialty Beverages,A,240,65,2,480,0.0,NONE,480.0,350.0,72.92,Debit Card,3,Loyal Customer,935
TXN-IN-11744,2026-07-30,20,0,BLR-017,Bengaluru – JP Nagar (Outlet 17),Bengaluru,South,SKU-PKG-008,Eco-Kraft Branded Cup (Carton),Packaging,C,950,620,3,2850,0.0,NONE,2850.0,990.0,34.74,UPI (GooglePay/PhonePe),5,Loyal Customer,1469
TXN-IN-11745,2026-08-12,10,0,HYD-001,Hyderabad – Hitec City Cyber Towers,Hyderabad,South,SKU-BEV-001,Artisanal Cold Brew (350ml),Specialty Beverages,A,240,65,1,240,15.0,CAMPAIGN_CODE_PROMO,204.0,139.0,68.14,UPI (GooglePay/PhonePe),5,Loyal Customer,1480
TXN-IN-11746,2026-07-25,10,1,BLR-002,Bengaluru – Koramangala 5th Block,Bengaluru,South,SKU-BAKE-004,Butter Flaky Croissant,Artisanal Bakery,B,180,55,1,180,0.0,NONE,180.0,125.0,69.44,UPI (GooglePay/PhonePe),4,Potential Loyalist,1688
TXN-IN-11747,2026-08-21,18,0,HYD-001,Hyderabad – Hitec City Cyber Towers,Hyderabad,South,SKU-SNK-005,Truffle Cheese Mushroom Panini,Gourmet Food,A,340,120,2,680,0.0,NONE,680.0,440.0,64.71,Cash,5,Potential Loyalist,1410
TXN-IN-11748,2026-08-26,18,0,HYD-001,Hyderabad – Hitec City Cyber Towers,Hyderabad,South,SKU-BEV-001,Artisanal Cold Brew (350ml),Specialty Beverages,A,240,65,1,240,0.0,NONE,240.0,175.0,72.92,UPI (GooglePay/PhonePe),5,Potential Loyalist,1458
TXN-IN-11749,2026-08-16,17,1,BLR-017,Bengaluru – JP Nagar (Outlet 17),Bengaluru,South,SKU-SNK-006,Smoked Paneer Tikka Sourdough,Gourmet Food,B,310,105,1,310,0.0,NONE,310.0,205.0,66.13,Debit Card,5,At Risk,2013
TXN-IN-11750,2026-08-24,14,0,CHN-001,Chennai – Anna Nagar 2nd Avenue,Chennai,South,SKU-BAKE-004,Butter Flaky Croissant,Artisanal Bakery,B,180,55,1,180,10.0,CAMPAIGN_CODE_PROMO,162.0,107.0,66.05,Cash,4,At Risk,1011
TXN-IN-11751,2026-08-30,9,1,DEL-002,Delhi – Cyber Hub Gurugram,Delhi NCR,North,SKU-BEV-003,Nitro Cold Brew Infusion,Specialty Beverages,A,310,90,1,310,0.0,NONE,310.0,220.0,70.97,Debit Card,4,Loyal Customer,1561
TXN-IN-11752,2026-08-13,21,0,DEL-002,Delhi – Cyber Hub Gurugram,Delhi NCR,North,SKU-BAKE-004,Butter Flaky Croissant,Artisanal Bakery,B,180,55,2,360,0.0,NONE,360.0,250.0,69.44,Credit Card,5,Loyal Customer,1036
TXN-IN-11753,2026-08-17,11,0,BLR-001,Bengaluru – Indiranagar 100ft,Bengaluru,South,SKU-BEV-003,Nitro Cold Brew Infusion,Specialty Beverages,A,310,90,2,620,10.0,CAMPAIGN_CODE_PROMO,558.0,378.0,67.74,Cash,4,At Risk,1174
TXN-IN-11754,2026-08-06,21,0,CHN-001,Chennai – Anna Nagar 2nd Avenue,Chennai,South,SKU-BEV-003,Nitro Cold Brew Infusion,Specialty Beverages,A,310,90,1,310,0.0,NONE,310.0,220.0,70.97,UPI (GooglePay/PhonePe),5,Loyal Customer,1018
TXN-IN-11755,2026-08-21,11,0,MUM-001,Mumbai – Bandra West Linking Rd,Mumbai,West,SKU-BEV-001,Artisanal Cold Brew (350ml),Specialty Beverages,A,240,65,3,720,0.0,NONE,720.0,525.0,72.92,Debit Card,5,Hibernating,1704
TXN-IN-11756,2026-08-17,20,0,BLR-017,Bengaluru – JP Nagar (Outlet 17),Bengaluru,South,SKU-DES-007,Classic Tiramisu Cup,Desserts,B,260,85,1,260,25.0,OVERRIDE_MGR_01,195.0,110.0,56.41,UPI (GooglePay/PhonePe),2,Loyal Customer,1533
TXN-IN-11757,2026-08-04,20,0,DEL-001,Delhi – Connaught Place Inner Circle,Delhi,North,SKU-BEV-003,Nitro Cold Brew Infusion,Specialty Beverages,A,310,90,4,1240,0.0,NONE,1240.0,880.0,70.97,UPI (GooglePay/PhonePe),5,Loyal Customer,1524
TXN-IN-11758,2026-07-20,9,0,DEL-001,Delhi – Connaught Place Inner Circle,Delhi,North,SKU-BEV-003,Nitro Cold Brew Infusion,Specialty Beverages,A,310,90,4,1240,0.0,NONE,1240.0,880.0,70.97,Cash,5,Loyal Customer,1619
TXN-IN-11759,2026-09-02,21,0,BLR-001,Bengaluru – Indiranagar 100ft,Bengaluru,South,SKU-BEV-003,Nitro Cold Brew Infusion,Specialty Beverages,A,310,90,1,310,0.0,NONE,310.0,220.0,70.97,Debit Card,5,Champion,1094
TXN-IN-11760,2026-08-16,19,1,DEL-001,Delhi – Connaught Place Inner Circle,Delhi,North,SKU-BEV-001,Artisanal Cold Brew (350ml),Specialty Beverages,A,240,65,3,720,0.0,NONE,720.0,525.0,72.92,Cash,5,At Risk,2065
TXN-IN-11761,2026-08-19,18,0,BLR-017,Bengaluru – JP Nagar (Outlet 17),Bengaluru,South,SKU-BEV-003,Nitro Cold Brew Infusion,Specialty Beverages,A,310,90,2,620,0.0,NONE,620.0,440.0,70.97,UPI (GooglePay/PhonePe),5,Hibernating,1526
TXN-IN-11762,2026-07-20,12,0,DEL-002,Delhi – Cyber Hub Gurugram,Delhi NCR,North,SKU-PKG-008,Eco-Kraft Branded Cup (Carton),Packaging,C,950,620,2,1900,0.0,NONE,1900.0,660.0,34.74,Debit Card,5,Loyal Customer,1046
TXN-IN-11763,2026-08-03,18,0,DEL-001,Delhi – Connaught Place Inner Circle,Delhi,North,SKU-BEV-003,Nitro Cold Brew Infusion,Specialty Beverages,A,310,90,3,930,0.0,NONE,930.0,660.0,70.97,Cash,5,Potential Loyalist,1578
TXN-IN-11764,2026-08-04,17,0,DEL-002,Delhi – Cyber Hub Gurugram,Delhi NCR,North,SKU-PKG-008,Eco-Kraft Branded Cup (Carton),Packaging,C,950,620,1,950,0.0,NONE,950.0,330.0,34.74,UPI (GooglePay/PhonePe),5,Loyal Customer,1100
TXN-IN-11765,2026-08-31,11,0,BLR-001,Bengaluru – Indiranagar 100ft,Bengaluru,South,SKU-BEV-002,Monsoon Cinnamon Latte,Specialty Beverages,A,280,80,1,280,0.0,NONE,280.0,200.0,71.43,UPI (GooglePay/PhonePe),5,Potential Loyalist,1192
TXN-IN-11766,2026-08-12,9,0,MUM-001,Mumbai – Bandra West Linking Rd,Mumbai,West,SKU-DES-007,Classic Tiramisu Cup,Desserts,B,260,85,3,780,10.0,CAMPAIGN_CODE_PROMO,702.0,447.0,63.68,UPI (GooglePay/PhonePe),5,Potential Loyalist,1628
TXN-IN-11767,2026-08-27,13,0,CHN-001,Chennai – Anna Nagar 2nd Avenue,Chennai,South,SKU-DES-007,Classic Tiramisu Cup,Desserts,B,260,85,1,260,0.0,NONE,260.0,175.0,67.31,UPI (GooglePay/PhonePe),5,Loyal Customer,923
TXN-IN-11768,2026-08-12,10,0,BLR-001,Bengaluru – Indiranagar 100ft,Bengaluru,South,SKU-DES-007,Classic Tiramisu Cup,Desserts,B,260,85,1,260,0.0,NONE,260.0,175.0,67.31,Cash,5,Champion,1205
TXN-IN-11769,2026-08-26,21,0,MUM-002,Mumbai – Lower Parel High Street,Mumbai,West,SKU-BEV-003,Nitro Cold Brew Infusion,Specialty Beverages,A,310,90,1,310,0.0,NONE,310.0,220.0,70.97,Credit Card,4,Potential Loyalist,1042
TXN-IN-11770,2026-08-28,10,0,DEL-002,Delhi – Cyber Hub Gurugram,Delhi NCR,North,SKU-DES-007,Classic Tiramisu Cup,Desserts,B,260,85,1,260,0.0,NONE,260.0,175.0,67.31,Credit Card,5,At Risk,1099
TXN-IN-11771,2026-08-09,16,1,DEL-002,Delhi – Cyber Hub Gurugram,Delhi NCR,North,SKU-SNK-006,Smoked Paneer Tikka Sourdough,Gourmet Food,B,310,105,1,310,0.0,NONE,310.0,205.0,66.13,UPI (GooglePay/PhonePe),5,Potential Loyalist,1483
TXN-IN-11772,2026-08-09,20,1,MUM-001,Mumbai – Bandra West Linking Rd,Mumbai,West,SKU-BAKE-004,Butter Flaky Croissant,Artisanal Bakery,B,180,55,2,360,5.0,CAMPAIGN_CODE_PROMO,342.0,232.0,67.84,UPI (GooglePay/PhonePe),3,Loyal Customer,2250
TXN-IN-11773,2026-08-13,14,0,BLR-002,Bengaluru – Koramangala 5th Block,Bengaluru,South,SKU-BEV-003,Nitro Cold Brew Infusion,Specialty Beverages,A,310,90,2,620,0.0,NONE,620.0,440.0,70.97,UPI (GooglePay/PhonePe),5,Loyal Customer,1355
TXN-IN-11774,2026-08-11,21,0,MUM-001,Mumbai – Bandra West Linking Rd,Mumbai,West,SKU-BEV-001,Artisanal Cold Brew (350ml),Specialty Beverages,A,240,65,1,240,0.0,NONE,240.0,175.0,72.92,UPI (GooglePay/PhonePe),5,Champion,1616
TXN-IN-11775,2026-08-17,16,0,DEL-002,Delhi – Cyber Hub Gurugram,Delhi NCR,North,SKU-PKG-008,Eco-Kraft Branded Cup (Carton),Packaging,C,950,620,2,1900,0.0,NONE,1900.0,660.0,34.74,Credit Card,4,Loyal Customer,1046
TXN-IN-11776,2026-07-25,11,1,BLR-002,Bengaluru – Koramangala 5th Block,Bengaluru,South,SKU-SNK-005,Truffle Cheese Mushroom Panini,Gourmet Food,A,340,120,2,680,0.0,NONE,680.0,440.0,64.71,Cash,4,Loyal Customer,1780
TXN-IN-11777,2026-08-29,20,1,DEL-002,Delhi – Cyber Hub Gurugram,Delhi NCR,North,SKU-BEV-001,Artisanal Cold Brew (350ml),Specialty Beverages,A,240,65,1,240,0.0,NONE,240.0,175.0,72.92,UPI (GooglePay/PhonePe),5,Loyal Customer,1506
TXN-IN-11778,2026-08-19,10,0,HYD-001,Hyderabad – Hitec City Cyber Towers,Hyderabad,South,SKU-BEV-003,Nitro Cold Brew Infusion,Specialty Beverages,A,310,90,1,310,0.0,NONE,310.0,220.0,70.97,Credit Card,5,Potential Loyalist,1313
TXN-IN-11779,2026-08-06,15,0,HYD-001,Hyderabad – Hitec City Cyber Towers,Hyderabad,South,SKU-BEV-003,Nitro Cold Brew Infusion,Specialty Beverages,A,310,90,4,1240,0.0,NONE,1240.0,880.0,70.97,UPI (GooglePay/PhonePe),4,Loyal Customer,1347
TXN-IN-11780,2026-07-27,13,0,BLR-002,Bengaluru – Koramangala 5th Block,Bengaluru,South,SKU-BEV-001,Artisanal Cold Brew (350ml),Specialty Beverages,A,240,65,1,240,0.0,NONE,240.0,175.0,72.92,Debit Card,5,Loyal Customer,1378
TXN-IN-11781,2026-08-26,14,0,DEL-002,Delhi – Cyber Hub Gurugram,Delhi NCR,North,SKU-BEV-001,Artisanal Cold Brew (350ml),Specialty Beverages,A,240,65,1,240,0.0,NONE,240.0,175.0,72.92,UPI (GooglePay/PhonePe),5,Loyal Customer,1151
TXN-IN-11782,2026-07-31,17,0,MUM-002,Mumbai – Lower Parel High Street,Mumbai,West,SKU-BEV-003,Nitro Cold Brew Infusion,Specialty Beverages,A,310,90,1,310,0.0,NONE,310.0,220.0,70.97,Cash,5,Loyal Customer,1092
TXN-IN-11783,2026-08-06,15,0,BLR-001,Bengaluru – Indiranagar 100ft,Bengaluru,South,SKU-BEV-001,Artisanal Cold Brew (350ml),Specialty Beverages,A,240,65,2,480,0.0,NONE,480.0,350.0,72.92,Credit Card,5,Loyal Customer,1259
TXN-IN-11784,2026-07-29,21,0,MUM-001,Mumbai – Bandra West Linking Rd,Mumbai,West,SKU-BEV-002,Monsoon Cinnamon Latte,Specialty Beverages,A,280,80,1,280,0.0,NONE,280.0,200.0,71.43,Debit Card,5,Loyal Customer,1765
TXN-IN-11785,2026-08-20,19,0,BLR-017,Bengaluru – JP Nagar (Outlet 17),Bengaluru,South,SKU-PKG-008,Eco-Kraft Branded Cup (Carton),Packaging,C,950,620,1,950,0.0,NONE,950.0,330.0,34.74,Credit Card,4,Potential Loyalist,1382
TXN-IN-11786,2026-08-20,20,0,BLR-002,Bengaluru – Koramangala 5th Block,Bengaluru,South,SKU-BEV-001,Artisanal Cold Brew (350ml),Specialty Beverages,A,240,65,1,240,0.0,NONE,240.0,175.0,72.92,UPI (GooglePay/PhonePe),4,At Risk,1290
TXN-IN-11787,2026-09-03,10,0,BLR-001,Bengaluru – Indiranagar 100ft,Bengaluru,South,SKU-BEV-001,Artisanal Cold Brew (350ml),Specialty Beverages,A,240,65,2,480,0.0,NONE,480.0,350.0,72.92,UPI (GooglePay/PhonePe),4,Loyal Customer,1252
TXN-IN-11788,2026-08-29,22,1,MUM-001,Mumbai – Bandra West Linking Rd,Mumbai,West,SKU-BEV-001,Artisanal Cold Brew (350ml),Specialty Beverages,A,240,65,1,240,0.0,NONE,240.0,175.0,72.92,Credit Card,4,Loyal Customer,2184
TXN-IN-11789,2026-08-06,20,0,MUM-001,Mumbai – Bandra West Linking Rd,Mumbai,West,SKU-SNK-006,Smoked Paneer Tikka Sourdough,Gourmet Food,B,310,105,2,620,15.0,CAMPAIGN_CODE_PROMO,527.0,317.0,60.15,UPI (GooglePay/PhonePe),5,Potential Loyalist,1671
TXN-IN-11790,2026-08-17,10,0,HYD-001,Hyderabad – Hitec City Cyber Towers,Hyderabad,South,SKU-SNK-005,Truffle Cheese Mushroom Panini,Gourmet Food,A,340,120,1,340,0.0,NONE,340.0,220.0,64.71,UPI (GooglePay/PhonePe),5,Loyal Customer,1481
TXN-IN-11791,2026-08-12,20,0,MUM-002,Mumbai – Lower Parel High Street,Mumbai,West,SKU-SNK-005,Truffle Cheese Mushroom Panini,Gourmet Food,A,340,120,1,340,0.0,NONE,340.0,220.0,64.71,Cash,3,Potential Loyalist,1021
TXN-IN-11792,2026-08-27,17,0,MUM-001,Mumbai – Bandra West Linking Rd,Mumbai,West,SKU-PKG-008,Eco-Kraft Branded Cup (Carton),Packaging,C,950,620,2,1900,15.0,CAMPAIGN_CODE_PROMO,1615.0,375.0,23.22,Credit Card,5,Loyal Customer,1607
TXN-IN-11793,2026-08-23,19,1,HYD-001,Hyderabad – Hitec City Cyber Towers,Hyderabad,South,SKU-SNK-005,Truffle Cheese Mushroom Panini,Gourmet Food,A,340,120,3,1020,0.0,NONE,1020.0,660.0,64.71,Cash,5,Hibernating,1931
TXN-IN-11794,2026-08-21,22,0,BLR-002,Bengaluru – Koramangala 5th Block,Bengaluru,South,SKU-BEV-001,Artisanal Cold Brew (350ml),Specialty Beverages,A,240,65,1,240,0.0,NONE,240.0,175.0,72.92,UPI (GooglePay/PhonePe),4,Champion,1315
TXN-IN-11795,2026-09-01,9,0,BLR-002,Bengaluru – Koramangala 5th Block,Bengaluru,South,SKU-SNK-005,Truffle Cheese Mushroom Panini,Gourmet Food,A,340,120,1,340,15.0,CAMPAIGN_CODE_PROMO,289.0,169.0,58.48,Cash,5,Hibernating,1381
TXN-IN-11796,2026-08-05,12,0,BLR-002,Bengaluru – Koramangala 5th Block,Bengaluru,South,SKU-SNK-005,Truffle Cheese Mushroom Panini,Gourmet Food,A,340,120,1,340,0.0,NONE,340.0,220.0,64.71,UPI (GooglePay/PhonePe),5,Champion,1260
TXN-IN-11797,2026-08-04,22,0,BLR-017,Bengaluru – JP Nagar (Outlet 17),Bengaluru,South,SKU-BEV-003,Nitro Cold Brew Infusion,Specialty Beverages,A,310,90,4,1240,0.0,NONE,1240.0,880.0,70.97,Debit Card,3,Champion,1485
TXN-IN-11798,2026-08-02,17,1,BLR-002,Bengaluru – Koramangala 5th Block,Bengaluru,South,SKU-BEV-001,Artisanal Cold Brew (350ml),Specialty Beverages,A,240,65,2,480,0.0,NONE,480.0,350.0,72.92,UPI (GooglePay/PhonePe),5,At Risk,1651
TXN-IN-11799,2026-07-31,8,0,MUM-001,Mumbai – Bandra West Linking Rd,Mumbai,West,SKU-BEV-003,Nitro Cold Brew Infusion,Specialty Beverages,A,310,90,3,930,0.0,NONE,930.0,660.0,70.97,Debit Card,5,Loyal Customer,1581
TXN-IN-11800,2026-07-21,11,0,CHN-001,Chennai – Anna Nagar 2nd Avenue,Chennai,South,SKU-PKG-008,Eco-Kraft Branded Cup (Carton),Packaging,C,950,620,2,1900,0.0,NONE,1900.0,660.0,34.74,Credit Card,5,Loyal Customer,863
TXN-IN-11801,2026-08-07,13,0,BLR-001,Bengaluru – Indiranagar 100ft,Bengaluru,South,SKU-BAKE-004,Butter Flaky Croissant,Artisanal Bakery,B,180,55,3,540,0.0,NONE,540.0,375.0,69.44,UPI (GooglePay/PhonePe),4,Champion,1200
TXN-IN-11802,2026-07-23,19,0,HYD-001,Hyderabad – Hitec City Cyber Towers,Hyderabad,South,SKU-SNK-005,Truffle Cheese Mushroom Panini,Gourmet Food,A,340,120,1,340,0.0,NONE,340.0,220.0,64.71,UPI (GooglePay/PhonePe),5,Loyal Customer,1460
TXN-IN-11803,2026-08-09,19,1,BLR-017,Bengaluru – JP Nagar (Outlet 17),Bengaluru,South,SKU-BEV-001,Artisanal Cold Brew (350ml),Specialty Beverages,A,240,65,1,240,0.0,NONE,240.0,175.0,72.92,Debit Card,3,Champion,1908
TXN-IN-11804,2026-08-10,14,0,DEL-002,Delhi – Cyber Hub Gurugram,Delhi NCR,North,SKU-PKG-008,Eco-Kraft Branded Cup (Carton),Packaging,C,950,620,2,1900,0.0,NONE,1900.0,660.0,34.74,UPI (GooglePay/PhonePe),5,Hibernating,1191
TXN-IN-11805,2026-08-13,8,0,DEL-002,Delhi – Cyber Hub Gurugram,Delhi NCR,North,SKU-SNK-005,Truffle Cheese Mushroom Panini,Gourmet Food,A,340,120,1,340,0.0,NONE,340.0,220.0,64.71,Credit Card,5,Champion,1043
TXN-IN-11806,2026-09-03,16,0,MUM-001,Mumbai – Bandra West Linking Rd,Mumbai,West,SKU-SNK-005,Truffle Cheese Mushroom Panini,Gourmet Food,A,340,120,1,340,0.0,NONE,340.0,220.0,64.71,Debit Card,4,Hibernating,1721
TXN-IN-11807,2026-08-06,8,0,HYD-001,Hyderabad – Hitec City Cyber Towers,Hyderabad,South,SKU-BEV-001,Artisanal Cold Brew (350ml),Specialty Beverages,A,240,65,1,240,0.0,NONE,240.0,175.0,72.92,UPI (GooglePay/PhonePe),5,Loyal Customer,1385
TXN-IN-11808,2026-08-24,17,0,BLR-002,Bengaluru – Koramangala 5th Block,Bengaluru,South,SKU-DES-007,Classic Tiramisu Cup,Desserts,B,260,85,1,260,0.0,NONE,260.0,175.0,67.31,UPI (GooglePay/PhonePe),5,Loyal Customer,1203
TXN-IN-11809,2026-08-22,17,1,MUM-001,Mumbai – Bandra West Linking Rd,Mumbai,West,SKU-DES-007,Classic Tiramisu Cup,Desserts,B,260,85,2,520,0.0,NONE,520.0,350.0,67.31,UPI (GooglePay/PhonePe),5,Hibernating,2316
TXN-IN-11810,2026-08-30,14,1,HYD-001,Hyderabad – Hitec City Cyber Towers,Hyderabad,South,SKU-BEV-002,Monsoon Cinnamon Latte,Specialty Beverages,A,280,80,1,280,0.0,NONE,280.0,200.0,71.43,UPI (GooglePay/PhonePe),5,At Risk,1941
TXN-IN-11811,2026-08-18,13,0,DEL-002,Delhi – Cyber Hub Gurugram,Delhi NCR,North,SKU-BEV-001,Artisanal Cold Brew (350ml),Specialty Beverages,A,240,65,2,480,5.0,CAMPAIGN_CODE_PROMO,456.0,326.0,71.49,UPI (GooglePay/PhonePe),5,Potential Loyalist,1111
TXN-IN-11812,2026-08-18,13,0,CHN-001,Chennai – Anna Nagar 2nd Avenue,Chennai,South,SKU-BEV-003,Nitro Cold Brew Infusion,Specialty Beverages,A,310,90,1,310,5.0,CAMPAIGN_CODE_PROMO,294.5,204.5,69.44,Cash,5,Champion,858
TXN-IN-11813,2026-08-18,21,0,DEL-001,Delhi – Connaught Place Inner Circle,Delhi,North,SKU-SNK-006,Smoked Paneer Tikka Sourdough,Gourmet Food,B,310,105,1,310,10.0,CAMPAIGN_CODE_PROMO,279.0,174.0,62.37,Debit Card,5,Champion,1611
TXN-IN-11814,2026-07-28,12,0,HYD-001,Hyderabad – Hitec City Cyber Towers,Hyderabad,South,SKU-SNK-005,Truffle Cheese Mushroom Panini,Gourmet Food,A,340,120,1,340,15.0,CAMPAIGN_CODE_PROMO,289.0,169.0,58.48,Cash,5,Champion,1492
TXN-IN-11815,2026-08-26,12,0,DEL-002,Delhi – Cyber Hub Gurugram,Delhi NCR,North,SKU-BEV-003,Nitro Cold Brew Infusion,Specialty Beverages,A,310,90,1,310,10.0,CAMPAIGN_CODE_PROMO,279.0,189.0,67.74,Credit Card,5,Champion,1033
TXN-IN-11816,2026-09-03,11,0,MUM-002,Mumbai – Lower Parel High Street,Mumbai,West,SKU-SNK-006,Smoked Paneer Tikka Sourdough,Gourmet Food,B,310,105,1,310,0.0,NONE,310.0,205.0,66.13,Credit Card,4,Loyal Customer,911
TXN-IN-11817,2026-08-09,18,1,DEL-002,Delhi – Cyber Hub Gurugram,Delhi NCR,North,SKU-BEV-003,Nitro Cold Brew Infusion,Specialty Beverages,A,310,90,1,310,10.0,CAMPAIGN_CODE_PROMO,279.0,189.0,67.74,Debit Card,4,Potential Loyalist,1409
TXN-IN-11818,2026-07-23,19,0,BLR-017,Bengaluru – JP Nagar (Outlet 17),Bengaluru,South,SKU-DES-007,Classic Tiramisu Cup,Desserts,B,260,85,1,260,25.0,OVERRIDE_MGR_01,195.0,110.0,56.41,Credit Card,4,Champion,1374
TXN-IN-11819,2026-08-06,21,0,HYD-001,Hyderabad – Hitec City Cyber Towers,Hyderabad,South,SKU-BEV-003,Nitro Cold Brew Infusion,Specialty Beverages,A,310,90,1,310,0.0,NONE,310.0,220.0,70.97,Credit Card,5,Champion,1443
TXN-IN-11820,2026-08-30,13,1,CHN-001,Chennai – Anna Nagar 2nd Avenue,Chennai,South,SKU-BEV-003,Nitro Cold Brew Infusion,Specialty Beverages,A,310,90,1,310,0.0,NONE,310.0,220.0,70.97,UPI (GooglePay/PhonePe),5,Loyal Customer,1261
TXN-IN-11821,2026-08-23,10,1,DEL-001,Delhi – Connaught Place Inner Circle,Delhi,North,SKU-BEV-001,Artisanal Cold Brew (350ml),Specialty Beverages,A,240,65,1,240,0.0,NONE,240.0,175.0,72.92,Cash,4,Potential Loyalist,1960
TXN-IN-11822,2026-07-25,18,1,BLR-017,Bengaluru – JP Nagar (Outlet 17),Bengaluru,South,SKU-SNK-006,Smoked Paneer Tikka Sourdough,Gourmet Food,B,310,105,4,1240,0.0,NONE,1240.0,820.0,66.13,UPI (GooglePay/PhonePe),1,Potential Loyalist,1917
TXN-IN-11823,2026-07-31,9,0,DEL-002,Delhi – Cyber Hub Gurugram,Delhi NCR,North,SKU-BEV-002,Monsoon Cinnamon Latte,Specialty Beverages,A,280,80,2,560,0.0,NONE,560.0,400.0,71.43,Debit Card,5,Loyal Customer,1071
TXN-IN-11824,2026-07-22,15,0,BLR-001,Bengaluru – Indiranagar 100ft,Bengaluru,South,SKU-PKG-008,Eco-Kraft Branded Cup (Carton),Packaging,C,950,620,1,950,0.0,NONE,950.0,330.0,34.74,UPI (GooglePay/PhonePe),5,Loyal Customer,1249
TXN-IN-11825,2026-08-30,14,1,BLR-017,Bengaluru – JP Nagar (Outlet 17),Bengaluru,South,SKU-SNK-005,Truffle Cheese Mushroom Panini,Gourmet Food,A,340,120,2,680,25.0,OVERRIDE_MGR_01,510.0,270.0,52.94,UPI (GooglePay/PhonePe),4,Loyal Customer,1979
TXN-IN-11826,2026-08-25,18,0,MUM-001,Mumbai – Bandra West Linking Rd,Mumbai,West,SKU-DES-007,Classic Tiramisu Cup,Desserts,B,260,85,1,260,0.0,NONE,260.0,175.0,67.31,Debit Card,4,Loyal Customer,1757
TXN-IN-11827,2026-07-25,12,1,CHN-001,Chennai – Anna Nagar 2nd Avenue,Chennai,South,SKU-BEV-003,Nitro Cold Brew Infusion,Specialty Beverages,A,310,90,4,1240,0.0,NONE,1240.0,880.0,70.97,Cash,5,At Risk,1347
TXN-IN-11828,2026-07-24,12,0,BLR-001,Bengaluru – Indiranagar 100ft,Bengaluru,South,SKU-SNK-005,Truffle Cheese Mushroom Panini,Gourmet Food,A,340,120,1,340,0.0,NONE,340.0,220.0,64.71,Cash,5,Potential Loyalist,1087
TXN-IN-11829,2026-08-18,19,0,MUM-002,Mumbai – Lower Parel High Street,Mumbai,West,SKU-BAKE-004,Butter Flaky Croissant,Artisanal Bakery,B,180,55,4,720,0.0,NONE,720.0,500.0,69.44,Debit Card,5,Potential Loyalist,961
TXN-IN-11830,2026-08-10,15,0,BLR-002,Bengaluru – Koramangala 5th Block,Bengaluru,South,SKU-DES-007,Classic Tiramisu Cup,Desserts,B,260,85,1,260,0.0,NONE,260.0,175.0,67.31,Cash,5,Potential Loyalist,1314
TXN-IN-11831,2026-08-01,22,1,CHN-001,Chennai – Anna Nagar 2nd Avenue,Chennai,South,SKU-BAKE-004,Butter Flaky Croissant,Artisanal Bakery,B,180,55,4,720,0.0,NONE,720.0,500.0,69.44,Cash,5,Loyal Customer,1207
TXN-IN-11832,2026-08-09,19,1,MUM-001,Mumbai – Bandra West Linking Rd,Mumbai,West,SKU-DES-007,Classic Tiramisu Cup,Desserts,B,260,85,3,780,0.0,NONE,780.0,525.0,67.31,Credit Card,5,Champion,2159
TXN-IN-11833,2026-08-10,16,0,DEL-001,Delhi – Connaught Place Inner Circle,Delhi,North,SKU-BEV-001,Artisanal Cold Brew (350ml),Specialty Beverages,A,240,65,1,240,0.0,NONE,240.0,175.0,72.92,UPI (GooglePay/PhonePe),5,Loyal Customer,1505
TXN-IN-11834,2026-08-11,12,0,BLR-017,Bengaluru – JP Nagar (Outlet 17),Bengaluru,South,SKU-SNK-006,Smoked Paneer Tikka Sourdough,Gourmet Food,B,310,105,4,1240,0.0,NONE,1240.0,820.0,66.13,UPI (GooglePay/PhonePe),5,Loyal Customer,1425
TXN-IN-11835,2026-08-09,19,1,BLR-017,Bengaluru – JP Nagar (Outlet 17),Bengaluru,South,SKU-BEV-001,Artisanal Cold Brew (350ml),Specialty Beverages,A,240,65,1,240,0.0,NONE,240.0,175.0,72.92,Cash,5,Champion,1858
TXN-IN-11836,2026-07-26,22,1,HYD-001,Hyderabad – Hitec City Cyber Towers,Hyderabad,South,SKU-DES-007,Classic Tiramisu Cup,Desserts,B,260,85,1,260,10.0,CAMPAIGN_CODE_PROMO,234.0,149.0,63.68,Credit Card,4,Loyal Customer,1895
TXN-IN-11837,2026-07-23,15,0,BLR-002,Bengaluru – Koramangala 5th Block,Bengaluru,South,SKU-BEV-003,Nitro Cold Brew Infusion,Specialty Beverages,A,310,90,2,620,0.0,NONE,620.0,440.0,70.97,UPI (GooglePay/PhonePe),5,At Risk,1268
TXN-IN-11838,2026-09-02,20,0,BLR-017,Bengaluru – JP Nagar (Outlet 17),Bengaluru,South,SKU-BEV-003,Nitro Cold Brew Infusion,Specialty Beverages,A,310,90,4,1240,0.0,NONE,1240.0,880.0,70.97,Credit Card,4,At Risk,1431
TXN-IN-11839,2026-07-23,19,0,BLR-001,Bengaluru – Indiranagar 100ft,Bengaluru,South,SKU-BEV-003,Nitro Cold Brew Infusion,Specialty Beverages,A,310,90,3,930,0.0,NONE,930.0,660.0,70.97,UPI (GooglePay/PhonePe),5,Champion,1124
TXN-IN-11840,2026-07-31,20,0,DEL-001,Delhi – Connaught Place Inner Circle,Delhi,North,SKU-SNK-005,Truffle Cheese Mushroom Panini,Gourmet Food,A,340,120,1,340,0.0,NONE,340.0,220.0,64.71,Debit Card,5,Hibernating,1546
TXN-IN-11841,2026-07-26,16,1,HYD-001,Hyderabad – Hitec City Cyber Towers,Hyderabad,South,SKU-BAKE-004,Butter Flaky Croissant,Artisanal Bakery,B,180,55,2,360,0.0,NONE,360.0,250.0,69.44,Credit Card,4,Loyal Customer,1889
TXN-IN-11842,2026-08-30,20,1,BLR-001,Bengaluru – Indiranagar 100ft,Bengaluru,South,SKU-BAKE-004,Butter Flaky Croissant,Artisanal Bakery,B,180,55,2,360,10.0,CAMPAIGN_CODE_PROMO,324.0,214.0,66.05,Credit Card,2,Potential Loyalist,1549
TXN-IN-11843,2026-07-20,14,0,MUM-001,Mumbai – Bandra West Linking Rd,Mumbai,West,SKU-BEV-002,Monsoon Cinnamon Latte,Specialty Beverages,A,280,80,1,280,0.0,NONE,280.0,200.0,71.43,UPI (GooglePay/PhonePe),5,Loyal Customer,1748
TXN-IN-11844,2026-08-07,18,0,BLR-017,Bengaluru – JP Nagar (Outlet 17),Bengaluru,South,SKU-BEV-002,Monsoon Cinnamon Latte,Specialty Beverages,A,280,80,1,280,0.0,NONE,280.0,200.0,71.43,Credit Card,3,Potential Loyalist,1384
TXN-IN-11845,2026-08-23,13,1,DEL-001,Delhi – Connaught Place Inner Circle,Delhi,North,SKU-SNK-006,Smoked Paneer Tikka Sourdough,Gourmet Food,B,310,105,2,620,0.0,NONE,620.0,410.0,66.13,Cash,5,Champion,2044
TXN-IN-11846,2026-07-24,16,0,BLR-001,Bengaluru – Indiranagar 100ft,Bengaluru,South,SKU-BEV-001,Artisanal Cold Brew (350ml),Specialty Beverages,A,240,65,1,240,0.0,NONE,240.0,175.0,72.92,UPI (GooglePay/PhonePe),4,Loyal Customer,1179
TXN-IN-11847,2026-08-24,19,0,BLR-001,Bengaluru – Indiranagar 100ft,Bengaluru,South,SKU-BEV-002,Monsoon Cinnamon Latte,Specialty Beverages,A,280,80,1,280,0.0,NONE,280.0,200.0,71.43,UPI (GooglePay/PhonePe),4,At Risk,1192
TXN-IN-11848,2026-08-21,21,0,MUM-002,Mumbai – Lower Parel High Street,Mumbai,West,SKU-BEV-003,Nitro Cold Brew Infusion,Specialty Beverages,A,310,90,2,620,0.0,NONE,620.0,440.0,70.97,Cash,4,Loyal Customer,1078
TXN-IN-11849,2026-08-12,17,0,MUM-001,Mumbai – Bandra West Linking Rd,Mumbai,West,SKU-BEV-001,Artisanal Cold Brew (350ml),Specialty Beverages,A,240,65,1,240,0.0,NONE,240.0,175.0,72.92,UPI (GooglePay/PhonePe),5,Champion,1611
TXN-IN-11850,2026-08-29,12,1,DEL-001,Delhi – Connaught Place Inner Circle,Delhi,North,SKU-BEV-001,Artisanal Cold Brew (350ml),Specialty Beverages,A,240,65,1,240,0.0,NONE,240.0,175.0,72.92,Credit Card,5,Loyal Customer,2018
TXN-IN-11851,2026-07-26,10,1,HYD-001,Hyderabad – Hitec City Cyber Towers,Hyderabad,South,SKU-SNK-005,Truffle Cheese Mushroom Panini,Gourmet Food,A,340,120,1,340,0.0,NONE,340.0,220.0,64.71,Cash,4,Champion,1852
TXN-IN-11852,2026-08-08,19,1,DEL-001,Delhi – Connaught Place Inner Circle,Delhi,North,SKU-BEV-002,Monsoon Cinnamon Latte,Specialty Beverages,A,280,80,1,280,5.0,CAMPAIGN_CODE_PROMO,266.0,186.0,69.92,Debit Card,4,Champion,2007
TXN-IN-11853,2026-07-20,13,0,CHN-001,Chennai – Anna Nagar 2nd Avenue,Chennai,South,SKU-DES-007,Classic Tiramisu Cup,Desserts,B,260,85,1,260,0.0,NONE,260.0,175.0,67.31,UPI (GooglePay/PhonePe),5,Loyal Customer,896
TXN-IN-11854,2026-07-28,14,0,BLR-001,Bengaluru – Indiranagar 100ft,Bengaluru,South,SKU-SNK-005,Truffle Cheese Mushroom Panini,Gourmet Food,A,340,120,3,1020,0.0,NONE,1020.0,660.0,64.71,Debit Card,5,At Risk,1214
TXN-IN-11855,2026-08-24,17,0,CHN-001,Chennai – Anna Nagar 2nd Avenue,Chennai,South,SKU-PKG-008,Eco-Kraft Branded Cup (Carton),Packaging,C,950,620,1,950,0.0,NONE,950.0,330.0,34.74,UPI (GooglePay/PhonePe),5,Loyal Customer,948
TXN-IN-11856,2026-08-08,21,1,BLR-002,Bengaluru – Koramangala 5th Block,Bengaluru,South,SKU-DES-007,Classic Tiramisu Cup,Desserts,B,260,85,1,260,0.0,NONE,260.0,175.0,67.31,UPI (GooglePay/PhonePe),4,At Risk,1684
TXN-IN-11857,2026-08-18,10,0,DEL-001,Delhi – Connaught Place Inner Circle,Delhi,North,SKU-SNK-006,Smoked Paneer Tikka Sourdough,Gourmet Food,B,310,105,1,310,0.0,NONE,310.0,205.0,66.13,Debit Card,3,Potential Loyalist,1452
TXN-IN-11858,2026-07-20,14,0,HYD-001,Hyderabad – Hitec City Cyber Towers,Hyderabad,South,SKU-BEV-002,Monsoon Cinnamon Latte,Specialty Beverages,A,280,80,1,280,0.0,NONE,280.0,200.0,71.43,Cash,5,Champion,1489
TXN-IN-11859,2026-07-30,21,0,BLR-017,Bengaluru – JP Nagar (Outlet 17),Bengaluru,South,SKU-BEV-003,Nitro Cold Brew Infusion,Specialty Beverages,A,310,90,1,310,15.0,CAMPAIGN_CODE_PROMO,263.5,173.5,65.84,Debit Card,4,Potential Loyalist,1484
TXN-IN-11860,2026-07-26,17,1,DEL-002,Delhi – Cyber Hub Gurugram,Delhi NCR,North,SKU-BEV-002,Monsoon Cinnamon Latte,Specialty Beverages,A,280,80,2,560,0.0,NONE,560.0,400.0,71.43,Credit Card,5,Loyal Customer,1591
TXN-IN-11861,2026-08-26,16,0,DEL-001,Delhi – Connaught Place Inner Circle,Delhi,North,SKU-PKG-008,Eco-Kraft Branded Cup (Carton),Packaging,C,950,620,2,1900,0.0,NONE,1900.0,660.0,34.74,UPI (GooglePay/PhonePe),5,Loyal Customer,1601
TXN-IN-11862,2026-07-23,19,0,DEL-001,Delhi – Connaught Place Inner Circle,Delhi,North,SKU-BAKE-004,Butter Flaky Croissant,Artisanal Bakery,B,180,55,1,180,0.0,NONE,180.0,125.0,69.44,UPI (GooglePay/PhonePe),5,Hibernating,1575
TXN-IN-11863,2026-07-29,20,0,CHN-001,Chennai – Anna Nagar 2nd Avenue,Chennai,South,SKU-PKG-008,Eco-Kraft Branded Cup (Carton),Packaging,C,950,620,3,2850,0.0,NONE,2850.0,990.0,34.74,Credit Card,3,Potential Loyalist,971
TXN-IN-11864,2026-07-28,10,0,BLR-002,Bengaluru – Koramangala 5th Block,Bengaluru,South,SKU-PKG-008,Eco-Kraft Branded Cup (Carton),Packaging,C,950,620,1,950,0.0,NONE,950.0,330.0,34.74,Cash,5,Champion,1258
TXN-IN-11865,2026-07-28,13,0,BLR-002,Bengaluru – Koramangala 5th Block,Bengaluru,South,SKU-BEV-001,Artisanal Cold Brew (350ml),Specialty Beverages,A,240,65,1,240,0.0,NONE,240.0,175.0,72.92,Credit Card,4,Potential Loyalist,1391
TXN-IN-11866,2026-08-22,21,1,BLR-017,Bengaluru – JP Nagar (Outlet 17),Bengaluru,South,SKU-BEV-002,Monsoon Cinnamon Latte,Specialty Beverages,A,280,80,1,280,25.0,OVERRIDE_MGR_01,210.0,130.0,61.9,Cash,3,Potential Loyalist,2025
TXN-IN-11867,2026-08-29,12,1,BLR-001,Bengaluru – Indiranagar 100ft,Bengaluru,South,SKU-BEV-003,Nitro Cold Brew Infusion,Specialty Beverages,A,310,90,1,310,15.0,CAMPAIGN_CODE_PROMO,263.5,173.5,65.84,UPI (GooglePay/PhonePe),5,Champion,1655
TXN-IN-11868,2026-08-17,11,0,HYD-001,Hyderabad – Hitec City Cyber Towers,Hyderabad,South,SKU-SNK-006,Smoked Paneer Tikka Sourdough,Gourmet Food,B,310,105,3,930,0.0,NONE,930.0,615.0,66.13,UPI (GooglePay/PhonePe),5,Champion,1508
TXN-IN-11869,2026-07-28,20,0,CHN-001,Chennai – Anna Nagar 2nd Avenue,Chennai,South,SKU-BEV-002,Monsoon Cinnamon Latte,Specialty Beverages,A,280,80,1,280,0.0,NONE,280.0,200.0,71.43,Debit Card,5,Potential Loyalist,854
TXN-IN-11870,2026-08-11,14,0,MUM-001,Mumbai – Bandra West Linking Rd,Mumbai,West,SKU-PKG-008,Eco-Kraft Branded Cup (Carton),Packaging,C,950,620,1,950,0.0,NONE,950.0,330.0,34.74,UPI (GooglePay/PhonePe),4,Champion,1766
TXN-IN-11871,2026-07-24,11,0,BLR-001,Bengaluru – Indiranagar 100ft,Bengaluru,South,SKU-BEV-003,Nitro Cold Brew Infusion,Specialty Beverages,A,310,90,4,1240,0.0,NONE,1240.0,880.0,70.97,UPI (GooglePay/PhonePe),5,Loyal Customer,1225
TXN-IN-11872,2026-07-22,19,0,BLR-002,Bengaluru – Koramangala 5th Block,Bengaluru,South,SKU-BAKE-004,Butter Flaky Croissant,Artisanal Bakery,B,180,55,1,180,0.0,NONE,180.0,125.0,69.44,Cash,4,Champion,1299
TXN-IN-11873,2026-08-14,19,0,BLR-002,Bengaluru – Koramangala 5th Block,Bengaluru,South,SKU-BEV-003,Nitro Cold Brew Infusion,Specialty Beverages,A,310,90,2,620,0.0,NONE,620.0,440.0,70.97,UPI (GooglePay/PhonePe),5,Champion,1214
TXN-IN-11874,2026-08-12,15,0,DEL-002,Delhi – Cyber Hub Gurugram,Delhi NCR,North,SKU-SNK-006,Smoked Paneer Tikka Sourdough,Gourmet Food,B,310,105,4,1240,0.0,NONE,1240.0,820.0,66.13,Debit Card,5,Potential Loyalist,1030
TXN-IN-11875,2026-08-13,10,0,MUM-001,Mumbai – Bandra West Linking Rd,Mumbai,West,SKU-DES-007,Classic Tiramisu Cup,Desserts,B,260,85,3,780,0.0,NONE,780.0,525.0,67.31,Debit Card,5,Champion,1718
TXN-IN-11876,2026-08-07,16,0,MUM-002,Mumbai – Lower Parel High Street,Mumbai,West,SKU-SNK-005,Truffle Cheese Mushroom Panini,Gourmet Food,A,340,120,2,680,0.0,NONE,680.0,440.0,64.71,UPI (GooglePay/PhonePe),4,Potential Loyalist,948
TXN-IN-11877,2026-09-03,13,0,MUM-001,Mumbai – Bandra West Linking Rd,Mumbai,West,SKU-DES-007,Classic Tiramisu Cup,Desserts,B,260,85,1,260,0.0,NONE,260.0,175.0,67.31,UPI (GooglePay/PhonePe),5,Champion,1613
TXN-IN-11878,2026-08-13,11,0,BLR-002,Bengaluru – Koramangala 5th Block,Bengaluru,South,SKU-DES-007,Classic Tiramisu Cup,Desserts,B,260,85,3,780,0.0,NONE,780.0,525.0,67.31,UPI (GooglePay/PhonePe),5,Potential Loyalist,1370
TXN-IN-11879,2026-07-28,12,0,DEL-001,Delhi – Connaught Place Inner Circle,Delhi,North,SKU-SNK-006,Smoked Paneer Tikka Sourdough,Gourmet Food,B,310,105,1,310,0.0,NONE,310.0,205.0,66.13,Cash,4,Hibernating,1556
TXN-IN-11880,2026-08-20,13,0,BLR-017,Bengaluru – JP Nagar (Outlet 17),Bengaluru,South,SKU-DES-007,Classic Tiramisu Cup,Desserts,B,260,85,1,260,25.0,OVERRIDE_MGR_01,195.0,110.0,56.41,UPI (GooglePay/PhonePe),3,Loyal Customer,1396
TXN-IN-11881,2026-08-01,20,1,CHN-001,Chennai – Anna Nagar 2nd Avenue,Chennai,South,SKU-SNK-006,Smoked Paneer Tikka Sourdough,Gourmet Food,B,310,105,2,620,0.0,NONE,620.0,410.0,66.13,Credit Card,2,Hibernating,1209
TXN-IN-11882,2026-08-12,13,0,BLR-001,Bengaluru – Indiranagar 100ft,Bengaluru,South,SKU-SNK-006,Smoked Paneer Tikka Sourdough,Gourmet Food,B,310,105,1,310,0.0,NONE,310.0,205.0,66.13,UPI (GooglePay/PhonePe),2,Champion,1246
TXN-IN-11883,2026-08-04,14,0,BLR-017,Bengaluru – JP Nagar (Outlet 17),Bengaluru,South,SKU-BEV-002,Monsoon Cinnamon Latte,Specialty Beverages,A,280,80,2,560,0.0,NONE,560.0,400.0,71.43,UPI (GooglePay/PhonePe),5,Potential Loyalist,1434
TXN-IN-11884,2026-08-18,19,0,DEL-002,Delhi – Cyber Hub Gurugram,Delhi NCR,North,SKU-SNK-005,Truffle Cheese Mushroom Panini,Gourmet Food,A,340,120,1,340,0.0,NONE,340.0,220.0,64.71,Credit Card,4,Hibernating,1182
TXN-IN-11885,2026-08-10,16,0,MUM-001,Mumbai – Bandra West Linking Rd,Mumbai,West,SKU-SNK-006,Smoked Paneer Tikka Sourdough,Gourmet Food,B,310,105,4,1240,0.0,NONE,1240.0,820.0,66.13,Credit Card,5,Hibernating,1722
TXN-IN-11886,2026-08-21,21,0,DEL-002,Delhi – Cyber Hub Gurugram,Delhi NCR,North,SKU-BEV-002,Monsoon Cinnamon Latte,Specialty Beverages,A,280,80,1,280,5.0,CAMPAIGN_CODE_PROMO,266.0,186.0,69.92,Credit Card,5,Champion,1198
TXN-IN-11887,2026-07-20,20,0,DEL-001,Delhi – Connaught Place Inner Circle,Delhi,North,SKU-SNK-005,Truffle Cheese Mushroom Panini,Gourmet Food,A,340,120,1,340,0.0,NONE,340.0,220.0,64.71,Debit Card,5,Loyal Customer,1515
TXN-IN-11888,2026-08-25,16,0,DEL-002,Delhi – Cyber Hub Gurugram,Delhi NCR,North,SKU-DES-007,Classic Tiramisu Cup,Desserts,B,260,85,1,260,5.0,CAMPAIGN_CODE_PROMO,247.0,162.0,65.59,UPI (GooglePay/PhonePe),5,Hibernating,1054
TXN-IN-11889,2026-08-04,14,0,DEL-001,Delhi – Connaught Place Inner Circle,Delhi,North,SKU-BEV-002,Monsoon Cinnamon Latte,Specialty Beverages,A,280,80,1,280,0.0,NONE,280.0,200.0,71.43,Credit Card,5,Potential Loyalist,1487
TXN-IN-11890,2026-08-30,20,1,CHN-001,Chennai – Anna Nagar 2nd Avenue,Chennai,South,SKU-BAKE-004,Butter Flaky Croissant,Artisanal Bakery,B,180,55,1,180,0.0,NONE,180.0,125.0,69.44,UPI (GooglePay/PhonePe),5,Loyal Customer,1241
TXN-IN-11891,2026-08-02,12,1,BLR-001,Bengaluru – Indiranagar 100ft,Bengaluru,South,SKU-PKG-008,Eco-Kraft Branded Cup (Carton),Packaging,C,950,620,2,1900,0.0,NONE,1900.0,660.0,34.74,UPI (GooglePay/PhonePe),5,At Risk,1476
TXN-IN-11892,2026-07-21,17,0,CHN-001,Chennai – Anna Nagar 2nd Avenue,Chennai,South,SKU-BEV-002,Monsoon Cinnamon Latte,Specialty Beverages,A,280,80,1,280,0.0,NONE,280.0,200.0,71.43,UPI (GooglePay/PhonePe),5,Champion,934
TXN-IN-11893,2026-08-24,17,0,HYD-001,Hyderabad – Hitec City Cyber Towers,Hyderabad,South,SKU-BEV-002,Monsoon Cinnamon Latte,Specialty Beverages,A,280,80,3,840,0.0,NONE,840.0,600.0,71.43,UPI (GooglePay/PhonePe),5,Hibernating,1381
TXN-IN-11894,2026-07-31,20,0,DEL-002,Delhi – Cyber Hub Gurugram,Delhi NCR,North,SKU-PKG-008,Eco-Kraft Branded Cup (Carton),Packaging,C,950,620,1,950,0.0,NONE,950.0,330.0,34.74,Debit Card,5,Loyal Customer,1184
TXN-IN-11895,2026-07-30,20,0,BLR-001,Bengaluru – Indiranagar 100ft,Bengaluru,South,SKU-DES-007,Classic Tiramisu Cup,Desserts,B,260,85,2,520,0.0,NONE,520.0,350.0,67.31,UPI (GooglePay/PhonePe),3,Loyal Customer,1103
TXN-IN-11896,2026-08-25,15,0,DEL-002,Delhi – Cyber Hub Gurugram,Delhi NCR,North,SKU-DES-007,Classic Tiramisu Cup,Desserts,B,260,85,2,520,0.0,NONE,520.0,350.0,67.31,UPI (GooglePay/PhonePe),5,At Risk,1185
TXN-IN-11897,2026-07-22,21,0,DEL-001,Delhi – Connaught Place Inner Circle,Delhi,North,SKU-BEV-003,Nitro Cold Brew Infusion,Specialty Beverages,A,310,90,2,620,10.0,CAMPAIGN_CODE_PROMO,558.0,378.0,67.74,Credit Card,4,Potential Loyalist,1431
TXN-IN-11898,2026-07-22,19,0,BLR-001,Bengaluru – Indiranagar 100ft,Bengaluru,South,SKU-BEV-003,Nitro Cold Brew Infusion,Specialty Beverages,A,310,90,1,310,0.0,NONE,310.0,220.0,70.97,UPI (GooglePay/PhonePe),5,Loyal Customer,1239
TXN-IN-11899,2026-08-01,13,1,BLR-017,Bengaluru – JP Nagar (Outlet 17),Bengaluru,South,SKU-DES-007,Classic Tiramisu Cup,Desserts,B,260,85,1,260,0.0,NONE,260.0,175.0,67.31,UPI (GooglePay/PhonePe),4,Champion,1938
TXN-IN-11900,2026-08-22,21,1,BLR-017,Bengaluru – JP Nagar (Outlet 17),Bengaluru,South,SKU-PKG-008,Eco-Kraft Branded Cup (Carton),Packaging,C,950,620,4,3800,25.0,OVERRIDE_MGR_01,2850.0,370.0,12.98,UPI (GooglePay/PhonePe),4,Potential Loyalist,1969
TXN-IN-11901,2026-08-14,12,0,BLR-002,Bengaluru – Koramangala 5th Block,Bengaluru,South,SKU-BEV-001,Artisanal Cold Brew (350ml),Specialty Beverages,A,240,65,2,480,0.0,NONE,480.0,350.0,72.92,Debit Card,4,Loyal Customer,1384
TXN-IN-11902,2026-08-12,12,0,DEL-001,Delhi – Connaught Place Inner Circle,Delhi,North,SKU-BAKE-004,Butter Flaky Croissant,Artisanal Bakery,B,180,55,3,540,0.0,NONE,540.0,375.0,69.44,Debit Card,5,Potential Loyalist,1553
TXN-IN-11903,2026-08-27,20,0,BLR-002,Bengaluru – Koramangala 5th Block,Bengaluru,South,SKU-BEV-001,Artisanal Cold Brew (350ml),Specialty Beverages,A,240,65,1,240,0.0,NONE,240.0,175.0,72.92,UPI (GooglePay/PhonePe),4,Champion,1258
TXN-IN-11904,2026-08-16,21,1,DEL-002,Delhi – Cyber Hub Gurugram,Delhi NCR,North,SKU-BEV-002,Monsoon Cinnamon Latte,Specialty Beverages,A,280,80,1,280,0.0,NONE,280.0,200.0,71.43,UPI (GooglePay/PhonePe),3,Loyal Customer,1522
TXN-IN-11905,2026-07-22,17,0,CHN-001,Chennai – Anna Nagar 2nd Avenue,Chennai,South,SKU-BEV-003,Nitro Cold Brew Infusion,Specialty Beverages,A,310,90,1,310,0.0,NONE,310.0,220.0,70.97,Cash,4,At Risk,891
TXN-IN-11906,2026-08-13,11,0,BLR-001,Bengaluru – Indiranagar 100ft,Bengaluru,South,SKU-BEV-002,Monsoon Cinnamon Latte,Specialty Beverages,A,280,80,1,280,0.0,NONE,280.0,200.0,71.43,Credit Card,4,Hibernating,1211
TXN-IN-11907,2026-08-03,21,0,CHN-001,Chennai – Anna Nagar 2nd Avenue,Chennai,South,SKU-BEV-003,Nitro Cold Brew Infusion,Specialty Beverages,A,310,90,2,620,0.0,NONE,620.0,440.0,70.97,Debit Card,3,Potential Loyalist,976
TXN-IN-11908,2026-08-05,16,0,DEL-002,Delhi – Cyber Hub Gurugram,Delhi NCR,North,SKU-PKG-008,Eco-Kraft Branded Cup (Carton),Packaging,C,950,620,1,950,0.0,NONE,950.0,330.0,34.74,UPI (GooglePay/PhonePe),5,Hibernating,1075
TXN-IN-11909,2026-09-02,21,0,BLR-002,Bengaluru – Koramangala 5th Block,Bengaluru,South,SKU-BEV-003,Nitro Cold Brew Infusion,Specialty Beverages,A,310,90,4,1240,0.0,NONE,1240.0,880.0,70.97,UPI (GooglePay/PhonePe),4,Loyal Customer,1239
TXN-IN-11910,2026-08-11,18,0,CHN-001,Chennai – Anna Nagar 2nd Avenue,Chennai,South,SKU-BEV-003,Nitro Cold Brew Infusion,Specialty Beverages,A,310,90,2,620,0.0,NONE,620.0,440.0,70.97,UPI (GooglePay/PhonePe),5,Hibernating,943
TXN-IN-11911,2026-07-23,18,0,DEL-002,Delhi – Cyber Hub Gurugram,Delhi NCR,North,SKU-BEV-003,Nitro Cold Brew Infusion,Specialty Beverages,A,310,90,2,620,0.0,NONE,620.0,440.0,70.97,UPI (GooglePay/PhonePe),5,Champion,1119
TXN-IN-11912,2026-08-04,18,0,HYD-001,Hyderabad – Hitec City Cyber Towers,Hyderabad,South,SKU-BAKE-004,Butter Flaky Croissant,Artisanal Bakery,B,180,55,1,180,0.0,NONE,180.0,125.0,69.44,Credit Card,5,Potential Loyalist,1380
TXN-IN-11913,2026-07-26,13,1,MUM-001,Mumbai – Bandra West Linking Rd,Mumbai,West,SKU-BEV-001,Artisanal Cold Brew (350ml),Specialty Beverages,A,240,65,1,240,0.0,NONE,240.0,175.0,72.92,Credit Card,4,Potential Loyalist,2229
TXN-IN-11914,2026-07-29,14,0,BLR-001,Bengaluru – Indiranagar 100ft,Bengaluru,South,SKU-BEV-002,Monsoon Cinnamon Latte,Specialty Beverages,A,280,80,1,280,0.0,NONE,280.0,200.0,71.43,UPI (GooglePay/PhonePe),5,Loyal Customer,1172
TXN-IN-11915,2026-08-03,13,0,HYD-001,Hyderabad – Hitec City Cyber Towers,Hyderabad,South,SKU-SNK-006,Smoked Paneer Tikka Sourdough,Gourmet Food,B,310,105,1,310,0.0,NONE,310.0,205.0,66.13,Debit Card,5,Loyal Customer,1455
TXN-IN-11916,2026-07-24,15,0,BLR-002,Bengaluru – Koramangala 5th Block,Bengaluru,South,SKU-BEV-002,Monsoon Cinnamon Latte,Specialty Beverages,A,280,80,1,280,0.0,NONE,280.0,200.0,71.43,UPI (GooglePay/PhonePe),5,Potential Loyalist,1372
TXN-IN-11917,2026-08-10,17,0,DEL-001,Delhi – Connaught Place Inner Circle,Delhi,North,SKU-DES-007,Classic Tiramisu Cup,Desserts,B,260,85,1,260,0.0,NONE,260.0,175.0,67.31,Cash,4,Loyal Customer,1474
TXN-IN-11918,2026-08-26,14,0,DEL-001,Delhi – Connaught Place Inner Circle,Delhi,North,SKU-PKG-008,Eco-Kraft Branded Cup (Carton),Packaging,C,950,620,1,950,0.0,NONE,950.0,330.0,34.74,Debit Card,4,At Risk,1424
TXN-IN-11919,2026-08-05,18,0,BLR-002,Bengaluru – Koramangala 5th Block,Bengaluru,South,SKU-DES-007,Classic Tiramisu Cup,Desserts,B,260,85,4,1040,15.0,CAMPAIGN_CODE_PROMO,884.0,544.0,61.54,Debit Card,5,Potential Loyalist,1222
TXN-IN-11920,2026-07-29,18,0,MUM-002,Mumbai – Lower Parel High Street,Mumbai,West,SKU-BEV-002,Monsoon Cinnamon Latte,Specialty Beverages,A,280,80,3,840,0.0,NONE,840.0,600.0,71.43,Debit Card,3,Potential Loyalist,1018
TXN-IN-11921,2026-08-23,21,1,HYD-001,Hyderabad – Hitec City Cyber Towers,Hyderabad,South,SKU-DES-007,Classic Tiramisu Cup,Desserts,B,260,85,1,260,0.0,NONE,260.0,175.0,67.31,UPI (GooglePay/PhonePe),5,Loyal Customer,1919
TXN-IN-11922,2026-08-03,18,0,BLR-017,Bengaluru – JP Nagar (Outlet 17),Bengaluru,South,SKU-BEV-003,Nitro Cold Brew Infusion,Specialty Beverages,A,310,90,1,310,10.0,CAMPAIGN_CODE_PROMO,279.0,189.0,67.74,Cash,2,Loyal Customer,1461
TXN-IN-11923,2026-08-30,20,1,CHN-001,Chennai – Anna Nagar 2nd Avenue,Chennai,South,SKU-DES-007,Classic Tiramisu Cup,Desserts,B,260,85,1,260,0.0,NONE,260.0,175.0,67.31,Cash,3,Potential Loyalist,1241
TXN-IN-11924,2026-08-01,14,1,BLR-017,Bengaluru – JP Nagar (Outlet 17),Bengaluru,South,SKU-BEV-002,Monsoon Cinnamon Latte,Specialty Beverages,A,280,80,2,560,25.0,OVERRIDE_MGR_01,420.0,260.0,61.9,UPI (GooglePay/PhonePe),3,Potential Loyalist,2000
TXN-IN-11925,2026-08-10,9,0,BLR-002,Bengaluru – Koramangala 5th Block,Bengaluru,South,SKU-BAKE-004,Butter Flaky Croissant,Artisanal Bakery,B,180,55,1,180,5.0,CAMPAIGN_CODE_PROMO,171.0,116.0,67.84,Credit Card,4,Potential Loyalist,1324
TXN-IN-11926,2026-08-13,16,0,MUM-002,Mumbai – Lower Parel High Street,Mumbai,West,SKU-SNK-005,Truffle Cheese Mushroom Panini,Gourmet Food,A,340,120,2,680,0.0,NONE,680.0,440.0,64.71,Debit Card,5,Champion,935
TXN-IN-11927,2026-08-15,13,1,CHN-001,Chennai – Anna Nagar 2nd Avenue,Chennai,South,SKU-PKG-008,Eco-Kraft Branded Cup (Carton),Packaging,C,950,620,1,950,0.0,NONE,950.0,330.0,34.74,Debit Card,5,Loyal Customer,1276
TXN-IN-11928,2026-08-26,11,0,HYD-001,Hyderabad – Hitec City Cyber Towers,Hyderabad,South,SKU-SNK-005,Truffle Cheese Mushroom Panini,Gourmet Food,A,340,120,3,1020,0.0,NONE,1020.0,660.0,64.71,Debit Card,3,Loyal Customer,1318
TXN-IN-11929,2026-08-05,13,0,DEL-001,Delhi – Connaught Place Inner Circle,Delhi,North,SKU-BEV-001,Artisanal Cold Brew (350ml),Specialty Beverages,A,240,65,1,240,0.0,NONE,240.0,175.0,72.92,UPI (GooglePay/PhonePe),5,Champion,1609
TXN-IN-11930,2026-08-13,21,0,MUM-002,Mumbai – Lower Parel High Street,Mumbai,West,SKU-DES-007,Classic Tiramisu Cup,Desserts,B,260,85,2,520,0.0,NONE,520.0,350.0,67.31,UPI (GooglePay/PhonePe),3,Loyal Customer,991
TXN-IN-11931,2026-07-28,10,0,DEL-002,Delhi – Cyber Hub Gurugram,Delhi NCR,North,SKU-BAKE-004,Butter Flaky Croissant,Artisanal Bakery,B,180,55,1,180,0.0,NONE,180.0,125.0,69.44,Debit Card,4,Champion,1109
TXN-IN-11932,2026-07-27,18,0,BLR-002,Bengaluru – Koramangala 5th Block,Bengaluru,South,SKU-BEV-003,Nitro Cold Brew Infusion,Specialty Beverages,A,310,90,1,310,0.0,NONE,310.0,220.0,70.97,UPI (GooglePay/PhonePe),1,At Risk,1357
TXN-IN-11933,2026-08-07,14,0,CHN-001,Chennai – Anna Nagar 2nd Avenue,Chennai,South,SKU-SNK-006,Smoked Paneer Tikka Sourdough,Gourmet Food,B,310,105,2,620,0.0,NONE,620.0,410.0,66.13,Debit Card,5,Hibernating,1032
TXN-IN-11934,2026-08-05,13,0,MUM-002,Mumbai – Lower Parel High Street,Mumbai,West,SKU-BAKE-004,Butter Flaky Croissant,Artisanal Bakery,B,180,55,1,180,10.0,CAMPAIGN_CODE_PROMO,162.0,107.0,66.05,Cash,5,Loyal Customer,1054
TXN-IN-11935,2026-08-26,21,0,MUM-001,Mumbai – Bandra West Linking Rd,Mumbai,West,SKU-BAKE-004,Butter Flaky Croissant,Artisanal Bakery,B,180,55,2,360,0.0,NONE,360.0,250.0,69.44,Cash,5,Champion,1639
TXN-IN-11936,2026-08-15,18,1,MUM-002,Mumbai – Lower Parel High Street,Mumbai,West,SKU-BEV-001,Artisanal Cold Brew (350ml),Specialty Beverages,A,240,65,1,240,0.0,NONE,240.0,175.0,72.92,Cash,5,Champion,1394
TXN-IN-11937,2026-08-10,19,0,CHN-001,Chennai – Anna Nagar 2nd Avenue,Chennai,South,SKU-DES-007,Classic Tiramisu Cup,Desserts,B,260,85,1,260,0.0,NONE,260.0,175.0,67.31,UPI (GooglePay/PhonePe),1,Potential Loyalist,976
TXN-IN-11938,2026-08-30,12,1,CHN-001,Chennai – Anna Nagar 2nd Avenue,Chennai,South,SKU-SNK-005,Truffle Cheese Mushroom Panini,Gourmet Food,A,340,120,1,340,0.0,NONE,340.0,220.0,64.71,Cash,5,Champion,1206
TXN-IN-11939,2026-07-27,13,0,HYD-001,Hyderabad – Hitec City Cyber Towers,Hyderabad,South,SKU-BEV-001,Artisanal Cold Brew (350ml),Specialty Beverages,A,240,65,1,240,0.0,NONE,240.0,175.0,72.92,Credit Card,5,Potential Loyalist,1510
TXN-IN-11940,2026-08-15,18,1,DEL-001,Delhi – Connaught Place Inner Circle,Delhi,North,SKU-SNK-006,Smoked Paneer Tikka Sourdough,Gourmet Food,B,310,105,1,310,0.0,NONE,310.0,205.0,66.13,UPI (GooglePay/PhonePe),5,Champion,2022
TXN-IN-11941,2026-08-06,10,0,DEL-002,Delhi – Cyber Hub Gurugram,Delhi NCR,North,SKU-SNK-005,Truffle Cheese Mushroom Panini,Gourmet Food,A,340,120,1,340,0.0,NONE,340.0,220.0,64.71,UPI (GooglePay/PhonePe),5,At Risk,1056
TXN-IN-11942,2026-08-11,12,0,BLR-017,Bengaluru – JP Nagar (Outlet 17),Bengaluru,South,SKU-BEV-003,Nitro Cold Brew Infusion,Specialty Beverages,A,310,90,2,620,0.0,NONE,620.0,440.0,70.97,Debit Card,3,Loyal Customer,1492
TXN-IN-11943,2026-08-14,18,0,MUM-001,Mumbai – Bandra West Linking Rd,Mumbai,West,SKU-SNK-006,Smoked Paneer Tikka Sourdough,Gourmet Food,B,310,105,2,620,0.0,NONE,620.0,410.0,66.13,UPI (GooglePay/PhonePe),5,Loyal Customer,1590
TXN-IN-11944,2026-08-25,14,0,MUM-001,Mumbai – Bandra West Linking Rd,Mumbai,West,SKU-BEV-002,Monsoon Cinnamon Latte,Specialty Beverages,A,280,80,1,280,0.0,NONE,280.0,200.0,71.43,Credit Card,4,Loyal Customer,1626
TXN-IN-11945,2026-07-25,17,1,BLR-017,Bengaluru – JP Nagar (Outlet 17),Bengaluru,South,SKU-BAKE-004,Butter Flaky Croissant,Artisanal Bakery,B,180,55,3,540,25.0,OVERRIDE_MGR_01,405.0,240.0,59.26,UPI (GooglePay/PhonePe),5,At Risk,1877
TXN-IN-11946,2026-08-31,12,0,BLR-002,Bengaluru – Koramangala 5th Block,Bengaluru,South,SKU-BEV-001,Artisanal Cold Brew (350ml),Specialty Beverages,A,240,65,3,720,0.0,NONE,720.0,525.0,72.92,UPI (GooglePay/PhonePe),5,Champion,1227
TXN-IN-11947,2026-07-21,19,0,MUM-002,Mumbai – Lower Parel High Street,Mumbai,West,SKU-BAKE-004,Butter Flaky Croissant,Artisanal Bakery,B,180,55,2,360,0.0,NONE,360.0,250.0,69.44,Debit Card,4,Loyal Customer,907
TXN-IN-11948,2026-07-22,20,0,CHN-001,Chennai – Anna Nagar 2nd Avenue,Chennai,South,SKU-SNK-006,Smoked Paneer Tikka Sourdough,Gourmet Food,B,310,105,2,620,0.0,NONE,620.0,410.0,66.13,Credit Card,5,Loyal Customer,852
TXN-IN-11949,2026-07-29,13,0,BLR-017,Bengaluru – JP Nagar (Outlet 17),Bengaluru,South,SKU-PKG-008,Eco-Kraft Branded Cup (Carton),Packaging,C,950,620,1,950,0.0,NONE,950.0,330.0,34.74,UPI (GooglePay/PhonePe),5,At Risk,1354
TXN-IN-11950,2026-07-29,12,0,MUM-001,Mumbai – Bandra West Linking Rd,Mumbai,West,SKU-SNK-006,Smoked Paneer Tikka Sourdough,Gourmet Food,B,310,105,3,930,0.0,NONE,930.0,615.0,66.13,Cash,2,Loyal Customer,1656
TXN-IN-11951,2026-07-31,19,0,HYD-001,Hyderabad – Hitec City Cyber Towers,Hyderabad,South,SKU-SNK-006,Smoked Paneer Tikka Sourdough,Gourmet Food,B,310,105,2,620,0.0,NONE,620.0,410.0,66.13,UPI (GooglePay/PhonePe),5,Loyal Customer,1349
TXN-IN-11952,2026-08-28,11,0,MUM-001,Mumbai – Bandra West Linking Rd,Mumbai,West,SKU-BEV-001,Artisanal Cold Brew (350ml),Specialty Beverages,A,240,65,1,240,0.0,NONE,240.0,175.0,72.92,UPI (GooglePay/PhonePe),5,At Risk,1628
TXN-IN-11953,2026-07-21,16,0,MUM-001,Mumbai – Bandra West Linking Rd,Mumbai,West,SKU-BAKE-004,Butter Flaky Croissant,Artisanal Bakery,B,180,55,1,180,15.0,CAMPAIGN_CODE_PROMO,153.0,98.0,64.05,UPI (GooglePay/PhonePe),4,Loyal Customer,1686
TXN-IN-11954,2026-08-12,11,0,BLR-001,Bengaluru – Indiranagar 100ft,Bengaluru,South,SKU-PKG-008,Eco-Kraft Branded Cup (Carton),Packaging,C,950,620,3,2850,0.0,NONE,2850.0,990.0,34.74,Cash,5,At Risk,1133
TXN-IN-11955,2026-07-23,12,0,BLR-002,Bengaluru – Koramangala 5th Block,Bengaluru,South,SKU-SNK-005,Truffle Cheese Mushroom Panini,Gourmet Food,A,340,120,2,680,5.0,CAMPAIGN_CODE_PROMO,646.0,406.0,62.85,UPI (GooglePay/PhonePe),4,Loyal Customer,1266
TXN-IN-11956,2026-08-20,13,0,BLR-002,Bengaluru – Koramangala 5th Block,Bengaluru,South,SKU-BAKE-004,Butter Flaky Croissant,Artisanal Bakery,B,180,55,1,180,0.0,NONE,180.0,125.0,69.44,UPI (GooglePay/PhonePe),5,Loyal Customer,1317
TXN-IN-11957,2026-07-24,12,0,BLR-001,Bengaluru – Indiranagar 100ft,Bengaluru,South,SKU-BEV-002,Monsoon Cinnamon Latte,Specialty Beverages,A,280,80,1,280,0.0,NONE,280.0,200.0,71.43,UPI (GooglePay/PhonePe),5,At Risk,1084
TXN-IN-11958,2026-08-17,17,0,DEL-002,Delhi – Cyber Hub Gurugram,Delhi NCR,North,SKU-SNK-005,Truffle Cheese Mushroom Panini,Gourmet Food,A,340,120,2,680,0.0,NONE,680.0,440.0,64.71,UPI (GooglePay/PhonePe),4,Loyal Customer,1182
TXN-IN-11959,2026-09-02,15,0,HYD-001,Hyderabad – Hitec City Cyber Towers,Hyderabad,South,SKU-SNK-006,Smoked Paneer Tikka Sourdough,Gourmet Food,B,310,105,2,620,0.0,NONE,620.0,410.0,66.13,Cash,2,Champion,1377
TXN-IN-11960,2026-07-23,13,0,DEL-002,Delhi – Cyber Hub Gurugram,Delhi NCR,North,SKU-SNK-006,Smoked Paneer Tikka Sourdough,Gourmet Food,B,310,105,2,620,0.0,NONE,620.0,410.0,66.13,Debit Card,5,Potential Loyalist,1181
TXN-IN-11961,2026-07-29,13,0,DEL-001,Delhi – Connaught Place Inner Circle,Delhi,North,SKU-BEV-002,Monsoon Cinnamon Latte,Specialty Beverages,A,280,80,1,280,15.0,CAMPAIGN_CODE_PROMO,238.0,158.0,66.39,Credit Card,5,Potential Loyalist,1492
TXN-IN-11962,2026-09-03,16,0,MUM-002,Mumbai – Lower Parel High Street,Mumbai,West,SKU-BEV-003,Nitro Cold Brew Infusion,Specialty Beverages,A,310,90,3,930,0.0,NONE,930.0,660.0,70.97,Debit Card,5,Hibernating,947
TXN-IN-11963,2026-07-26,9,1,BLR-002,Bengaluru – Koramangala 5th Block,Bengaluru,South,SKU-BEV-002,Monsoon Cinnamon Latte,Specialty Beverages,A,280,80,1,280,0.0,NONE,280.0,200.0,71.43,Cash,5,Potential Loyalist,1824
TXN-IN-11964,2026-08-24,20,0,DEL-002,Delhi – Cyber Hub Gurugram,Delhi NCR,North,SKU-BEV-001,Artisanal Cold Brew (350ml),Specialty Beverages,A,240,65,2,480,0.0,NONE,480.0,350.0,72.92,Debit Card,3,At Risk,1144
TXN-IN-11965,2026-08-07,14,0,BLR-001,Bengaluru – Indiranagar 100ft,Bengaluru,South,SKU-BAKE-004,Butter Flaky Croissant,Artisanal Bakery,B,180,55,2,360,0.0,NONE,360.0,250.0,69.44,Cash,4,Potential Loyalist,1115
TXN-IN-11966,2026-08-27,12,0,DEL-001,Delhi – Connaught Place Inner Circle,Delhi,North,SKU-BEV-002,Monsoon Cinnamon Latte,Specialty Beverages,A,280,80,1,280,10.0,CAMPAIGN_CODE_PROMO,252.0,172.0,68.25,Debit Card,4,Champion,1562
TXN-IN-11967,2026-08-18,20,0,BLR-002,Bengaluru – Koramangala 5th Block,Bengaluru,South,SKU-BEV-003,Nitro Cold Brew Infusion,Specialty Beverages,A,310,90,1,310,5.0,CAMPAIGN_CODE_PROMO,294.5,204.5,69.44,Debit Card,5,Potential Loyalist,1375
TXN-IN-11968,2026-08-05,19,0,DEL-002,Delhi – Cyber Hub Gurugram,Delhi NCR,North,SKU-BAKE-004,Butter Flaky Croissant,Artisanal Bakery,B,180,55,3,540,15.0,CAMPAIGN_CODE_PROMO,459.0,294.0,64.05,UPI (GooglePay/PhonePe),5,Loyal Customer,1097
TXN-IN-11969,2026-08-17,17,0,BLR-001,Bengaluru – Indiranagar 100ft,Bengaluru,South,SKU-SNK-005,Truffle Cheese Mushroom Panini,Gourmet Food,A,340,120,1,340,0.0,NONE,340.0,220.0,64.71,Cash,3,Champion,1188
TXN-IN-11970,2026-07-21,18,0,BLR-002,Bengaluru – Koramangala 5th Block,Bengaluru,South,SKU-BEV-001,Artisanal Cold Brew (350ml),Specialty Beverages,A,240,65,3,720,0.0,NONE,720.0,525.0,72.92,Cash,4,Champion,1396
TXN-IN-11971,2026-08-09,18,1,MUM-001,Mumbai – Bandra West Linking Rd,Mumbai,West,SKU-PKG-008,Eco-Kraft Branded Cup (Carton),Packaging,C,950,620,1,950,0.0,NONE,950.0,330.0,34.74,Debit Card,5,Potential Loyalist,2187
TXN-IN-11972,2026-08-27,12,0,DEL-001,Delhi – Connaught Place Inner Circle,Delhi,North,SKU-DES-007,Classic Tiramisu Cup,Desserts,B,260,85,1,260,0.0,NONE,260.0,175.0,67.31,Debit Card,5,Champion,1511
TXN-IN-11973,2026-08-25,20,0,BLR-002,Bengaluru – Koramangala 5th Block,Bengaluru,South,SKU-BEV-001,Artisanal Cold Brew (350ml),Specialty Beverages,A,240,65,1,240,0.0,NONE,240.0,175.0,72.92,UPI (GooglePay/PhonePe),5,Potential Loyalist,1207
TXN-IN-11974,2026-08-30,13,1,DEL-001,Delhi – Connaught Place Inner Circle,Delhi,North,SKU-BEV-003,Nitro Cold Brew Infusion,Specialty Beverages,A,310,90,1,310,10.0,CAMPAIGN_CODE_PROMO,279.0,189.0,67.74,UPI (GooglePay/PhonePe),5,Loyal Customer,2025
TXN-IN-11975,2026-08-31,16,0,DEL-002,Delhi – Cyber Hub Gurugram,Delhi NCR,North,SKU-BAKE-004,Butter Flaky Croissant,Artisanal Bakery,B,180,55,1,180,0.0,NONE,180.0,125.0,69.44,UPI (GooglePay/PhonePe),4,Champion,1179
TXN-IN-11976,2026-08-07,10,0,BLR-002,Bengaluru – Koramangala 5th Block,Bengaluru,South,SKU-BEV-001,Artisanal Cold Brew (350ml),Specialty Beverages,A,240,65,1,240,0.0,NONE,240.0,175.0,72.92,Cash,5,Potential Loyalist,1341
TXN-IN-11977,2026-08-10,11,0,BLR-017,Bengaluru – JP Nagar (Outlet 17),Bengaluru,South,SKU-BAKE-004,Butter Flaky Croissant,Artisanal Bakery,B,180,55,1,180,0.0,NONE,180.0,125.0,69.44,UPI (GooglePay/PhonePe),5,Loyal Customer,1397
TXN-IN-11978,2026-09-03,10,0,BLR-002,Bengaluru – Koramangala 5th Block,Bengaluru,South,SKU-BEV-002,Monsoon Cinnamon Latte,Specialty Beverages,A,280,80,2,560,0.0,NONE,560.0,400.0,71.43,UPI (GooglePay/PhonePe),2,Champion,1219
TXN-IN-11979,2026-08-12,17,0,MUM-002,Mumbai – Lower Parel High Street,Mumbai,West,SKU-BEV-002,Monsoon Cinnamon Latte,Specialty Beverages,A,280,80,2,560,0.0,NONE,560.0,400.0,71.43,Cash,5,Loyal Customer,1002
TXN-IN-11980,2026-08-08,11,1,BLR-001,Bengaluru – Indiranagar 100ft,Bengaluru,South,SKU-BEV-002,Monsoon Cinnamon Latte,Specialty Beverages,A,280,80,2,560,0.0,NONE,560.0,400.0,71.43,Cash,5,Loyal Customer,1550
TXN-IN-11981,2026-07-28,12,0,BLR-001,Bengaluru – Indiranagar 100ft,Bengaluru,South,SKU-BEV-001,Artisanal Cold Brew (350ml),Specialty Beverages,A,240,65,2,480,0.0,NONE,480.0,350.0,72.92,Debit Card,5,Loyal Customer,1132
TXN-IN-11982,2026-08-09,21,1,CHN-001,Chennai – Anna Nagar 2nd Avenue,Chennai,South,SKU-SNK-006,Smoked Paneer Tikka Sourdough,Gourmet Food,B,310,105,2,620,0.0,NONE,620.0,410.0,66.13,Credit Card,2,Loyal Customer,1241
TXN-IN-11983,2026-07-27,18,0,DEL-002,Delhi – Cyber Hub Gurugram,Delhi NCR,North,SKU-BEV-003,Nitro Cold Brew Infusion,Specialty Beverages,A,310,90,1,310,5.0,CAMPAIGN_CODE_PROMO,294.5,204.5,69.44,Debit Card,4,Champion,1069
TXN-IN-11984,2026-07-31,9,0,BLR-001,Bengaluru – Indiranagar 100ft,Bengaluru,South,SKU-SNK-005,Truffle Cheese Mushroom Panini,Gourmet Food,A,340,120,2,680,0.0,NONE,680.0,440.0,64.71,Credit Card,5,Potential Loyalist,1098
TXN-IN-11985,2026-08-07,20,0,HYD-001,Hyderabad – Hitec City Cyber Towers,Hyderabad,South,SKU-BEV-002,Monsoon Cinnamon Latte,Specialty Beverages,A,280,80,1,280,0.0,NONE,280.0,200.0,71.43,Debit Card,5,Loyal Customer,1466
TXN-IN-11986,2026-08-06,17,0,CHN-001,Chennai – Anna Nagar 2nd Avenue,Chennai,South,SKU-BEV-002,Monsoon Cinnamon Latte,Specialty Beverages,A,280,80,2,560,0.0,NONE,560.0,400.0,71.43,Cash,5,Champion,950
TXN-IN-11987,2026-08-16,19,1,DEL-002,Delhi – Cyber Hub Gurugram,Delhi NCR,North,SKU-BEV-001,Artisanal Cold Brew (350ml),Specialty Beverages,A,240,65,2,480,0.0,NONE,480.0,350.0,72.92,UPI (GooglePay/PhonePe),5,Hibernating,1596
TXN-IN-11988,2026-07-30,15,0,CHN-001,Chennai – Anna Nagar 2nd Avenue,Chennai,South,SKU-SNK-006,Smoked Paneer Tikka Sourdough,Gourmet Food,B,310,105,1,310,0.0,NONE,310.0,205.0,66.13,UPI (GooglePay/PhonePe),5,Champion,885
TXN-IN-11989,2026-08-06,8,0,MUM-001,Mumbai – Bandra West Linking Rd,Mumbai,West,SKU-BAKE-004,Butter Flaky Croissant,Artisanal Bakery,B,180,55,1,180,0.0,NONE,180.0,125.0,69.44,UPI (GooglePay/PhonePe),3,At Risk,1727
TXN-IN-11990,2026-07-30,17,0,BLR-001,Bengaluru – Indiranagar 100ft,Bengaluru,South,SKU-BEV-001,Artisanal Cold Brew (350ml),Specialty Beverages,A,240,65,1,240,0.0,NONE,240.0,175.0,72.92,Debit Card,4,Hibernating,1128
TXN-IN-11991,2026-07-31,17,0,CHN-001,Chennai – Anna Nagar 2nd Avenue,Chennai,South,SKU-BAKE-004,Butter Flaky Croissant,Artisanal Bakery,B,180,55,3,540,0.0,NONE,540.0,375.0,69.44,UPI (GooglePay/PhonePe),5,Loyal Customer,1031
TXN-IN-11992,2026-07-25,20,1,CHN-001,Chennai – Anna Nagar 2nd Avenue,Chennai,South,SKU-SNK-006,Smoked Paneer Tikka Sourdough,Gourmet Food,B,310,105,2,620,0.0,NONE,620.0,410.0,66.13,Debit Card,5,Loyal Customer,1225
TXN-IN-11993,2026-08-16,11,1,CHN-001,Chennai – Anna Nagar 2nd Avenue,Chennai,South,SKU-SNK-005,Truffle Cheese Mushroom Panini,Gourmet Food,A,340,120,4,1360,0.0,NONE,1360.0,880.0,64.71,UPI (GooglePay/PhonePe),5,Loyal Customer,1202
TXN-IN-11994,2026-08-01,17,1,MUM-001,Mumbai – Bandra West Linking Rd,Mumbai,West,SKU-BEV-003,Nitro Cold Brew Infusion,Specialty Beverages,A,310,90,1,310,0.0,NONE,310.0,220.0,70.97,UPI (GooglePay/PhonePe),5,Champion,2335
TXN-IN-11995,2026-08-27,21,0,BLR-017,Bengaluru – JP Nagar (Outlet 17),Bengaluru,South,SKU-PKG-008,Eco-Kraft Branded Cup (Carton),Packaging,C,950,620,1,950,0.0,NONE,950.0,330.0,34.74,Debit Card,2,Loyal Customer,1438
TXN-IN-11996,2026-07-26,19,1,BLR-001,Bengaluru – Indiranagar 100ft,Bengaluru,South,SKU-DES-007,Classic Tiramisu Cup,Desserts,B,260,85,2,520,0.0,NONE,520.0,350.0,67.31,UPI (GooglePay/PhonePe),5,At Risk,1609
TXN-IN-11997,2026-08-22,10,1,BLR-017,Bengaluru – JP Nagar (Outlet 17),Bengaluru,South,SKU-SNK-005,Truffle Cheese Mushroom Panini,Gourmet Food,A,340,120,1,340,25.0,OVERRIDE_MGR_01,255.0,135.0,52.94,Cash,4,Loyal Customer,1965
TXN-IN-11998,2026-09-02,15,0,BLR-017,Bengaluru – JP Nagar (Outlet 17),Bengaluru,South,SKU-SNK-006,Smoked Paneer Tikka Sourdough,Gourmet Food,B,310,105,4,1240,0.0,NONE,1240.0,820.0,66.13,Cash,4,Loyal Customer,1467
TXN-IN-11999,2026-07-31,14,0,BLR-001,Bengaluru – Indiranagar 100ft,Bengaluru,South,SKU-BEV-003,Nitro Cold Brew Infusion,Specialty Beverages,A,310,90,2,620,0.0,NONE,620.0,440.0,70.97,Debit Card,5,Potential Loyalist,1226
TXN-IN-12000,2026-08-11,12,0,BLR-017,Bengaluru – JP Nagar (Outlet 17),Bengaluru,South,SKU-BEV-003,Nitro Cold Brew Infusion,Specialty Beverages,A,310,90,1,310,0.0,NONE,310.0,220.0,70.97,UPI (GooglePay/PhonePe),5,Champion,1409
TXN-IN-12001,2026-08-31,19,0,DEL-002,Delhi – Cyber Hub Gurugram,Delhi NCR,North,SKU-BEV-001,Artisanal Cold Brew (350ml),Specialty Beverages,A,240,65,2,480,0.0,NONE,480.0,350.0,72.92,Cash,3,Champion,1088
TXN-IN-12002,2026-08-29,15,1,HYD-001,Hyderabad – Hitec City Cyber Towers,Hyderabad,South,SKU-BEV-003,Nitro Cold Brew Infusion,Specialty Beverages,A,310,90,2,620,0.0,NONE,620.0,440.0,70.97,Credit Card,5,Loyal Customer,1954
TXN-IN-12003,2026-08-14,17,0,HYD-001,Hyderabad – Hitec City Cyber Towers,Hyderabad,South,SKU-BEV-001,Artisanal Cold Brew (350ml),Specialty Beverages,A,240,65,2,480,0.0,NONE,480.0,350.0,72.92,Credit Card,4,Loyal Customer,1453
TXN-IN-12004,2026-08-11,21,0,MUM-002,Mumbai – Lower Parel High Street,Mumbai,West,SKU-DES-007,Classic Tiramisu Cup,Desserts,B,260,85,1,260,0.0,NONE,260.0,175.0,67.31,Cash,4,At Risk,928
TXN-IN-12005,2026-08-15,16,1,HYD-001,Hyderabad – Hitec City Cyber Towers,Hyderabad,South,SKU-BAKE-004,Butter Flaky Croissant,Artisanal Bakery,B,180,55,1,180,0.0,NONE,180.0,125.0,69.44,Credit Card,5,Potential Loyalist,1933
TXN-IN-12006,2026-08-23,18,1,BLR-017,Bengaluru – JP Nagar (Outlet 17),Bengaluru,South,SKU-DES-007,Classic Tiramisu Cup,Desserts,B,260,85,1,260,25.0,OVERRIDE_MGR_01,195.0,110.0,56.41,Credit Card,2,Champion,2000
TXN-IN-12007,2026-08-21,12,0,DEL-002,Delhi – Cyber Hub Gurugram,Delhi NCR,North,SKU-BEV-001,Artisanal Cold Brew (350ml),Specialty Beverages,A,240,65,1,240,0.0,NONE,240.0,175.0,72.92,UPI (GooglePay/PhonePe),5,Champion,1137
TXN-IN-12008,2026-07-22,18,0,DEL-002,Delhi – Cyber Hub Gurugram,Delhi NCR,North,SKU-DES-007,Classic Tiramisu Cup,Desserts,B,260,85,1,260,15.0,CAMPAIGN_CODE_PROMO,221.0,136.0,61.54,UPI (GooglePay/PhonePe),5,At Risk,1111
TXN-IN-12009,2026-08-22,20,1,BLR-017,Bengaluru – JP Nagar (Outlet 17),Bengaluru,South,SKU-BAKE-004,Butter Flaky Croissant,Artisanal Bakery,B,180,55,1,180,0.0,NONE,180.0,125.0,69.44,UPI (GooglePay/PhonePe),5,Loyal Customer,1975
TXN-IN-12010,2026-08-24,20,0,MUM-001,Mumbai – Bandra West Linking Rd,Mumbai,West,SKU-PKG-008,Eco-Kraft Branded Cup (Carton),Packaging,C,950,620,1,950,0.0,NONE,950.0,330.0,34.74,Cash,5,Hibernating,1630
TXN-IN-12011,2026-07-20,21,0,BLR-002,Bengaluru – Koramangala 5th Block,Bengaluru,South,SKU-PKG-008,Eco-Kraft Branded Cup (Carton),Packaging,C,950,620,2,1900,5.0,CAMPAIGN_CODE_PROMO,1805.0,565.0,31.3,UPI (GooglePay/PhonePe),4,Potential Loyalist,1394
TXN-IN-12012,2026-09-01,20,0,DEL-002,Delhi – Cyber Hub Gurugram,Delhi NCR,North,SKU-BEV-002,Monsoon Cinnamon Latte,Specialty Beverages,A,280,80,2,560,0.0,NONE,560.0,400.0,71.43,UPI (GooglePay/PhonePe),5,Hibernating,1111
TXN-IN-12013,2026-08-13,19,0,MUM-002,Mumbai – Lower Parel High Street,Mumbai,West,SKU-BEV-002,Monsoon Cinnamon Latte,Specialty Beverages,A,280,80,2,560,0.0,NONE,560.0,400.0,71.43,Debit Card,1,Potential Loyalist,975
TXN-IN-12014,2026-08-16,16,1,HYD-001,Hyderabad – Hitec City Cyber Towers,Hyderabad,South,SKU-BEV-001,Artisanal Cold Brew (350ml),Specialty Beverages,A,240,65,1,240,0.0,NONE,240.0,175.0,72.92,UPI (GooglePay/PhonePe),4,Loyal Customer,1837
TXN-IN-12015,2026-08-15,19,1,BLR-001,Bengaluru – Indiranagar 100ft,Bengaluru,South,SKU-BEV-001,Artisanal Cold Brew (350ml),Specialty Beverages,A,240,65,1,240,0.0,NONE,240.0,175.0,72.92,UPI (GooglePay/PhonePe),5,Loyal Customer,1547
TXN-IN-12016,2026-08-08,21,1,MUM-002,Mumbai – Lower Parel High Street,Mumbai,West,SKU-BEV-003,Nitro Cold Brew Infusion,Specialty Beverages,A,310,90,2,620,0.0,NONE,620.0,440.0,70.97,Credit Card,4,Hibernating,1386
TXN-IN-12017,2026-08-14,9,0,DEL-001,Delhi – Connaught Place Inner Circle,Delhi,North,SKU-BEV-003,Nitro Cold Brew Infusion,Specialty Beverages,A,310,90,1,310,5.0,CAMPAIGN_CODE_PROMO,294.5,204.5,69.44,UPI (GooglePay/PhonePe),5,Loyal Customer,1572
TXN-IN-12018,2026-08-16,15,1,HYD-001,Hyderabad – Hitec City Cyber Towers,Hyderabad,South,SKU-BEV-003,Nitro Cold Brew Infusion,Specialty Beverages,A,310,90,1,310,0.0,NONE,310.0,220.0,70.97,UPI (GooglePay/PhonePe),5,Champion,1856
TXN-IN-12019,2026-08-02,13,1,MUM-002,Mumbai – Lower Parel High Street,Mumbai,West,SKU-PKG-008,Eco-Kraft Branded Cup (Carton),Packaging,C,950,620,2,1900,0.0,NONE,1900.0,660.0,34.74,Debit Card,5,Loyal Customer,1326
TXN-IN-12020,2026-08-12,11,0,MUM-001,Mumbai – Bandra West Linking Rd,Mumbai,West,SKU-DES-007,Classic Tiramisu Cup,Desserts,B,260,85,1,260,0.0,NONE,260.0,175.0,67.31,UPI (GooglePay/PhonePe),5,Loyal Customer,1695
TXN-IN-12021,2026-07-25,14,1,BLR-002,Bengaluru – Koramangala 5th Block,Bengaluru,South,SKU-SNK-005,Truffle Cheese Mushroom Panini,Gourmet Food,A,340,120,1,340,15.0,CAMPAIGN_CODE_PROMO,289.0,169.0,58.48,Cash,5,Potential Loyalist,1748
TXN-IN-12022,2026-07-28,10,0,BLR-002,Bengaluru – Koramangala 5th Block,Bengaluru,South,SKU-BEV-002,Monsoon Cinnamon Latte,Specialty Beverages,A,280,80,3,840,0.0,NONE,840.0,600.0,71.43,Debit Card,5,Potential Loyalist,1236
TXN-IN-12023,2026-08-29,19,1,HYD-001,Hyderabad – Hitec City Cyber Towers,Hyderabad,South,SKU-PKG-008,Eco-Kraft Branded Cup (Carton),Packaging,C,950,620,1,950,0.0,NONE,950.0,330.0,34.74,Cash,4,Potential Loyalist,1938
TXN-IN-12024,2026-08-09,18,1,DEL-001,Delhi – Connaught Place Inner Circle,Delhi,North,SKU-SNK-006,Smoked Paneer Tikka Sourdough,Gourmet Food,B,310,105,1,310,0.0,NONE,310.0,205.0,66.13,Credit Card,5,At Risk,1970
TXN-IN-12025,2026-08-14,18,0,BLR-017,Bengaluru – JP Nagar (Outlet 17),Bengaluru,South,SKU-SNK-006,Smoked Paneer Tikka Sourdough,Gourmet Food,B,310,105,1,310,25.0,OVERRIDE_MGR_01,232.5,127.5,54.84,UPI (GooglePay/PhonePe),5,At Risk,1352
TXN-IN-12026,2026-08-12,16,0,MUM-002,Mumbai – Lower Parel High Street,Mumbai,West,SKU-BEV-002,Monsoon Cinnamon Latte,Specialty Beverages,A,280,80,1,280,0.0,NONE,280.0,200.0,71.43,UPI (GooglePay/PhonePe),4,Potential Loyalist,991
TXN-IN-12027,2026-07-29,19,0,MUM-002,Mumbai – Lower Parel High Street,Mumbai,West,SKU-PKG-008,Eco-Kraft Branded Cup (Carton),Packaging,C,950,620,3,2850,0.0,NONE,2850.0,990.0,34.74,Credit Card,5,Potential Loyalist,1018
TXN-IN-12028,2026-07-27,22,0,DEL-001,Delhi – Connaught Place Inner Circle,Delhi,North,SKU-SNK-005,Truffle Cheese Mushroom Panini,Gourmet Food,A,340,120,2,680,0.0,NONE,680.0,440.0,64.71,Credit Card,5,At Risk,1472
TXN-IN-12029,2026-07-22,17,0,DEL-001,Delhi – Connaught Place Inner Circle,Delhi,North,SKU-BAKE-004,Butter Flaky Croissant,Artisanal Bakery,B,180,55,1,180,0.0,NONE,180.0,125.0,69.44,UPI (GooglePay/PhonePe),5,Loyal Customer,1437
TXN-IN-12030,2026-09-02,17,0,MUM-001,Mumbai – Bandra West Linking Rd,Mumbai,West,SKU-BAKE-004,Butter Flaky Croissant,Artisanal Bakery,B,180,55,2,360,0.0,NONE,360.0,250.0,69.44,UPI (GooglePay/PhonePe),5,Champion,1691
TXN-IN-12031,2026-08-21,17,0,CHN-001,Chennai – Anna Nagar 2nd Avenue,Chennai,South,SKU-BEV-003,Nitro Cold Brew Infusion,Specialty Beverages,A,310,90,2,620,0.0,NONE,620.0,440.0,70.97,UPI (GooglePay/PhonePe),5,Loyal Customer,842
TXN-IN-12032,2026-08-07,19,0,CHN-001,Chennai – Anna Nagar 2nd Avenue,Chennai,South,SKU-DES-007,Classic Tiramisu Cup,Desserts,B,260,85,1,260,0.0,NONE,260.0,175.0,67.31,UPI (GooglePay/PhonePe),5,Loyal Customer,923
TXN-IN-12033,2026-08-31,16,0,MUM-001,Mumbai – Bandra West Linking Rd,Mumbai,West,SKU-SNK-006,Smoked Paneer Tikka Sourdough,Gourmet Food,B,310,105,2,620,0.0,NONE,620.0,410.0,66.13,Cash,5,Loyal Customer,1597
TXN-IN-12034,2026-08-11,13,0,DEL-002,Delhi – Cyber Hub Gurugram,Delhi NCR,North,SKU-PKG-008,Eco-Kraft Branded Cup (Carton),Packaging,C,950,620,1,950,0.0,NONE,950.0,330.0,34.74,UPI (GooglePay/PhonePe),4,Loyal Customer,1116
TXN-IN-12035,2026-07-30,12,0,DEL-002,Delhi – Cyber Hub Gurugram,Delhi NCR,North,SKU-BEV-002,Monsoon Cinnamon Latte,Specialty Beverages,A,280,80,4,1120,0.0,NONE,1120.0,800.0,71.43,UPI (GooglePay/PhonePe),5,Loyal Customer,1116
TXN-IN-12036,2026-08-29,14,1,DEL-002,Delhi – Cyber Hub Gurugram,Delhi NCR,North,SKU-SNK-005,Truffle Cheese Mushroom Panini,Gourmet Food,A,340,120,4,1360,0.0,NONE,1360.0,880.0,64.71,Cash,5,Champion,1414
TXN-IN-12037,2026-07-27,18,0,BLR-001,Bengaluru – Indiranagar 100ft,Bengaluru,South,SKU-SNK-006,Smoked Paneer Tikka Sourdough,Gourmet Food,B,310,105,1,310,0.0,NONE,310.0,205.0,66.13,UPI (GooglePay/PhonePe),4,Potential Loyalist,1157
TXN-IN-12038,2026-07-30,15,0,BLR-017,Bengaluru – JP Nagar (Outlet 17),Bengaluru,South,SKU-BEV-002,Monsoon Cinnamon Latte,Specialty Beverages,A,280,80,1,280,0.0,NONE,280.0,200.0,71.43,UPI (GooglePay/PhonePe),4,Loyal Customer,1528
TXN-IN-12039,2026-08-21,21,0,CHN-001,Chennai – Anna Nagar 2nd Avenue,Chennai,South,SKU-SNK-005,Truffle Cheese Mushroom Panini,Gourmet Food,A,340,120,2,680,0.0,NONE,680.0,440.0,64.71,Cash,4,Loyal Customer,952
TXN-IN-12040,2026-07-30,20,0,CHN-001,Chennai – Anna Nagar 2nd Avenue,Chennai,South,SKU-SNK-006,Smoked Paneer Tikka Sourdough,Gourmet Food,B,310,105,2,620,0.0,NONE,620.0,410.0,66.13,Cash,5,Loyal Customer,972
TXN-IN-12041,2026-07-27,16,0,BLR-001,Bengaluru – Indiranagar 100ft,Bengaluru,South,SKU-BEV-003,Nitro Cold Brew Infusion,Specialty Beverages,A,310,90,1,310,0.0,NONE,310.0,220.0,70.97,Cash,4,At Risk,1231
TXN-IN-12042,2026-07-24,12,0,BLR-002,Bengaluru – Koramangala 5th Block,Bengaluru,South,SKU-SNK-005,Truffle Cheese Mushroom Panini,Gourmet Food,A,340,120,1,340,0.0,NONE,340.0,220.0,64.71,Debit Card,3,Loyal Customer,1284
TXN-IN-12043,2026-08-26,13,0,CHN-001,Chennai – Anna Nagar 2nd Avenue,Chennai,South,SKU-SNK-005,Truffle Cheese Mushroom Panini,Gourmet Food,A,340,120,3,1020,0.0,NONE,1020.0,660.0,64.71,UPI (GooglePay/PhonePe),4,Potential Loyalist,892
TXN-IN-12044,2026-08-16,15,1,HYD-001,Hyderabad – Hitec City Cyber Towers,Hyderabad,South,SKU-BEV-003,Nitro Cold Brew Infusion,Specialty Beverages,A,310,90,1,310,0.0,NONE,310.0,220.0,70.97,UPI (GooglePay/PhonePe),5,Champion,1803
TXN-IN-12045,2026-08-02,20,1,CHN-001,Chennai – Anna Nagar 2nd Avenue,Chennai,South,SKU-SNK-006,Smoked Paneer Tikka Sourdough,Gourmet Food,B,310,105,2,620,5.0,CAMPAIGN_CODE_PROMO,589.0,379.0,64.35,Cash,5,Hibernating,1287
TXN-IN-12046,2026-08-23,14,1,BLR-017,Bengaluru – JP Nagar (Outlet 17),Bengaluru,South,SKU-SNK-005,Truffle Cheese Mushroom Panini,Gourmet Food,A,340,120,3,1020,25.0,OVERRIDE_MGR_01,765.0,405.0,52.94,UPI (GooglePay/PhonePe),3,At Risk,2021
TXN-IN-12047,2026-08-25,18,0,BLR-002,Bengaluru – Koramangala 5th Block,Bengaluru,South,SKU-BEV-002,Monsoon Cinnamon Latte,Specialty Beverages,A,280,80,1,280,0.0,NONE,280.0,200.0,71.43,UPI (GooglePay/PhonePe),5,Loyal Customer,1308
TXN-IN-12048,2026-08-26,14,0,MUM-001,Mumbai – Bandra West Linking Rd,Mumbai,West,SKU-BAKE-004,Butter Flaky Croissant,Artisanal Bakery,B,180,55,2,360,0.0,NONE,360.0,250.0,69.44,Credit Card,4,Loyal Customer,1575
TXN-IN-12049,2026-08-18,18,0,BLR-001,Bengaluru – Indiranagar 100ft,Bengaluru,South,SKU-SNK-006,Smoked Paneer Tikka Sourdough,Gourmet Food,B,310,105,1,310,15.0,CAMPAIGN_CODE_PROMO,263.5,158.5,60.15,UPI (GooglePay/PhonePe),5,Champion,1219
TXN-IN-12050,2026-07-25,17,1,BLR-001,Bengaluru – Indiranagar 100ft,Bengaluru,South,SKU-BAKE-004,Butter Flaky Croissant,Artisanal Bakery,B,180,55,4,720,0.0,NONE,720.0,500.0,69.44,Debit Card,5,Potential Loyalist,1552
TXN-IN-12051,2026-08-11,9,0,BLR-017,Bengaluru – JP Nagar (Outlet 17),Bengaluru,South,SKU-BAKE-004,Butter Flaky Croissant,Artisanal Bakery,B,180,55,2,360,25.0,OVERRIDE_MGR_01,270.0,160.0,59.26,Cash,4,Champion,1468
TXN-IN-12052,2026-09-03,10,0,BLR-017,Bengaluru – JP Nagar (Outlet 17),Bengaluru,South,SKU-BEV-001,Artisanal Cold Brew (350ml),Specialty Beverages,A,240,65,1,240,25.0,OVERRIDE_MGR_01,180.0,115.0,63.89,UPI (GooglePay/PhonePe),5,Champion,1427
TXN-IN-12053,2026-09-02,19,0,CHN-001,Chennai – Anna Nagar 2nd Avenue,Chennai,South,SKU-PKG-008,Eco-Kraft Branded Cup (Carton),Packaging,C,950,620,1,950,10.0,CAMPAIGN_CODE_PROMO,855.0,235.0,27.49,UPI (GooglePay/PhonePe),5,Loyal Customer,1024
TXN-IN-12054,2026-08-27,13,0,DEL-002,Delhi – Cyber Hub Gurugram,Delhi NCR,North,SKU-BAKE-004,Butter Flaky Croissant,Artisanal Bakery,B,180,55,1,180,0.0,NONE,180.0,125.0,69.44,UPI (GooglePay/PhonePe),4,Loyal Customer,1212
TXN-IN-12055,2026-08-16,13,1,BLR-017,Bengaluru – JP Nagar (Outlet 17),Bengaluru,South,SKU-SNK-006,Smoked Paneer Tikka Sourdough,Gourmet Food,B,310,105,2,620,10.0,CAMPAIGN_CODE_PROMO,558.0,348.0,62.37,Debit Card,4,Champion,1961
TXN-IN-12056,2026-08-25,20,0,BLR-002,Bengaluru – Koramangala 5th Block,Bengaluru,South,SKU-SNK-006,Smoked Paneer Tikka Sourdough,Gourmet Food,B,310,105,1,310,10.0,CAMPAIGN_CODE_PROMO,279.0,174.0,62.37,UPI (GooglePay/PhonePe),5,Potential Loyalist,1210
TXN-IN-12057,2026-08-31,12,0,BLR-002,Bengaluru – Koramangala 5th Block,Bengaluru,South,SKU-BAKE-004,Butter Flaky Croissant,Artisanal Bakery,B,180,55,1,180,5.0,CAMPAIGN_CODE_PROMO,171.0,116.0,67.84,Cash,5,Hibernating,1366
TXN-IN-12058,2026-08-13,13,0,DEL-002,Delhi – Cyber Hub Gurugram,Delhi NCR,North,SKU-BEV-001,Artisanal Cold Brew (350ml),Specialty Beverages,A,240,65,1,240,0.0,NONE,240.0,175.0,72.92,UPI (GooglePay/PhonePe),5,Loyal Customer,1037
TXN-IN-12059,2026-09-03,11,0,DEL-002,Delhi – Cyber Hub Gurugram,Delhi NCR,North,SKU-BEV-002,Monsoon Cinnamon Latte,Specialty Beverages,A,280,80,1,280,0.0,NONE,280.0,200.0,71.43,Debit Card,2,Loyal Customer,1072
TXN-IN-12060,2026-08-10,13,0,CHN-001,Chennai – Anna Nagar 2nd Avenue,Chennai,South,SKU-SNK-005,Truffle Cheese Mushroom Panini,Gourmet Food,A,340,120,1,340,0.0,NONE,340.0,220.0,64.71,UPI (GooglePay/PhonePe),5,Potential Loyalist,979
TXN-IN-12061,2026-07-20,8,0,BLR-002,Bengaluru – Koramangala 5th Block,Bengaluru,South,SKU-PKG-008,Eco-Kraft Branded Cup (Carton),Packaging,C,950,620,4,3800,10.0,CAMPAIGN_CODE_PROMO,3420.0,940.0,27.49,UPI (GooglePay/PhonePe),5,Hibernating,1330
TXN-IN-12062,2026-07-26,16,1,MUM-002,Mumbai – Lower Parel High Street,Mumbai,West,SKU-SNK-005,Truffle Cheese Mushroom Panini,Gourmet Food,A,340,120,2,680,0.0,NONE,680.0,440.0,64.71,Cash,5,Loyal Customer,1297
TXN-IN-12063,2026-07-21,15,0,DEL-002,Delhi – Cyber Hub Gurugram,Delhi NCR,North,SKU-BEV-001,Artisanal Cold Brew (350ml),Specialty Beverages,A,240,65,1,240,0.0,NONE,240.0,175.0,72.92,Cash,4,Potential Loyalist,1020
TXN-IN-12064,2026-08-25,19,0,BLR-002,Bengaluru – Koramangala 5th Block,Bengaluru,South,SKU-BEV-003,Nitro Cold Brew Infusion,Specialty Beverages,A,310,90,1,310,0.0,NONE,310.0,220.0,70.97,Cash,5,Potential Loyalist,1281
TXN-IN-12065,2026-08-11,19,0,BLR-017,Bengaluru – JP Nagar (Outlet 17),Bengaluru,South,SKU-BAKE-004,Butter Flaky Croissant,Artisanal Bakery,B,180,55,2,360,0.0,NONE,360.0,250.0,69.44,UPI (GooglePay/PhonePe),4,Champion,1408
TXN-IN-12066,2026-08-01,21,1,BLR-001,Bengaluru – Indiranagar 100ft,Bengaluru,South,SKU-DES-007,Classic Tiramisu Cup,Desserts,B,260,85,2,520,0.0,NONE,520.0,350.0,67.31,UPI (GooglePay/PhonePe),4,At Risk,1541
TXN-IN-12067,2026-07-22,18,0,MUM-001,Mumbai – Bandra West Linking Rd,Mumbai,West,SKU-SNK-005,Truffle Cheese Mushroom Panini,Gourmet Food,A,340,120,3,1020,0.0,NONE,1020.0,660.0,64.71,UPI (GooglePay/PhonePe),5,Champion,1690
TXN-IN-12068,2026-08-17,12,0,DEL-001,Delhi – Connaught Place Inner Circle,Delhi,North,SKU-BAKE-004,Butter Flaky Croissant,Artisanal Bakery,B,180,55,2,360,0.0,NONE,360.0,250.0,69.44,Debit Card,5,At Risk,1444
TXN-IN-12069,2026-08-03,11,0,BLR-001,Bengaluru – Indiranagar 100ft,Bengaluru,South,SKU-BEV-001,Artisanal Cold Brew (350ml),Specialty Beverages,A,240,65,2,480,0.0,NONE,480.0,350.0,72.92,UPI (GooglePay/PhonePe),5,Potential Loyalist,1177
TXN-IN-12070,2026-07-21,14,0,BLR-002,Bengaluru – Koramangala 5th Block,Bengaluru,South,SKU-BEV-003,Nitro Cold Brew Infusion,Specialty Beverages,A,310,90,1,310,0.0,NONE,310.0,220.0,70.97,UPI (GooglePay/PhonePe),3,Champion,1243
TXN-IN-12071,2026-08-03,14,0,BLR-017,Bengaluru – JP Nagar (Outlet 17),Bengaluru,South,SKU-BEV-001,Artisanal Cold Brew (350ml),Specialty Beverages,A,240,65,2,480,10.0,CAMPAIGN_CODE_PROMO,432.0,302.0,69.91,UPI (GooglePay/PhonePe),5,Potential Loyalist,1466
TXN-IN-12072,2026-09-02,12,0,MUM-002,Mumbai – Lower Parel High Street,Mumbai,West,SKU-BEV-002,Monsoon Cinnamon Latte,Specialty Beverages,A,280,80,2,560,0.0,NONE,560.0,400.0,71.43,UPI (GooglePay/PhonePe),4,Potential Loyalist,915
TXN-IN-12073,2026-08-28,18,0,HYD-001,Hyderabad – Hitec City Cyber Towers,Hyderabad,South,SKU-SNK-005,Truffle Cheese Mushroom Panini,Gourmet Food,A,340,120,1,340,10.0,CAMPAIGN_CODE_PROMO,306.0,186.0,60.78,Cash,2,Champion,1496
TXN-IN-12074,2026-08-24,22,0,HYD-001,Hyderabad – Hitec City Cyber Towers,Hyderabad,South,SKU-BEV-003,Nitro Cold Brew Infusion,Specialty Beverages,A,310,90,2,620,0.0,NONE,620.0,440.0,70.97,Cash,5,Champion,1405
TXN-IN-12075,2026-07-25,12,1,HYD-001,Hyderabad – Hitec City Cyber Towers,Hyderabad,South,SKU-SNK-005,Truffle Cheese Mushroom Panini,Gourmet Food,A,340,120,2,680,15.0,CAMPAIGN_CODE_PROMO,578.0,338.0,58.48,UPI (GooglePay/PhonePe),5,Champion,1932
TXN-IN-12076,2026-08-28,14,0,BLR-001,Bengaluru – Indiranagar 100ft,Bengaluru,South,SKU-BEV-001,Artisanal Cold Brew (350ml),Specialty Beverages,A,240,65,1,240,0.0,NONE,240.0,175.0,72.92,Debit Card,5,Loyal Customer,1108
TXN-IN-12077,2026-08-23,12,1,DEL-002,Delhi – Cyber Hub Gurugram,Delhi NCR,North,SKU-PKG-008,Eco-Kraft Branded Cup (Carton),Packaging,C,950,620,2,1900,0.0,NONE,1900.0,660.0,34.74,UPI (GooglePay/PhonePe),4,Champion,1490
TXN-IN-12078,2026-08-04,10,0,DEL-002,Delhi – Cyber Hub Gurugram,Delhi NCR,North,SKU-DES-007,Classic Tiramisu Cup,Desserts,B,260,85,2,520,0.0,NONE,520.0,350.0,67.31,Debit Card,2,Loyal Customer,1022
TXN-IN-12079,2026-08-10,9,0,HYD-001,Hyderabad – Hitec City Cyber Towers,Hyderabad,South,SKU-PKG-008,Eco-Kraft Branded Cup (Carton),Packaging,C,950,620,2,1900,5.0,CAMPAIGN_CODE_PROMO,1805.0,565.0,31.3,UPI (GooglePay/PhonePe),5,Potential Loyalist,1313
TXN-IN-12080,2026-07-21,11,0,HYD-001,Hyderabad – Hitec City Cyber Towers,Hyderabad,South,SKU-BAKE-004,Butter Flaky Croissant,Artisanal Bakery,B,180,55,2,360,0.0,NONE,360.0,250.0,69.44,UPI (GooglePay/PhonePe),4,Champion,1333
TXN-IN-12081,2026-07-26,19,1,MUM-001,Mumbai – Bandra West Linking Rd,Mumbai,West,SKU-DES-007,Classic Tiramisu Cup,Desserts,B,260,85,2,520,0.0,NONE,520.0,350.0,67.31,UPI (GooglePay/PhonePe),4,Loyal Customer,2194
TXN-IN-12082,2026-07-27,21,0,BLR-001,Bengaluru – Indiranagar 100ft,Bengaluru,South,SKU-SNK-005,Truffle Cheese Mushroom Panini,Gourmet Food,A,340,120,1,340,0.0,NONE,340.0,220.0,64.71,Debit Card,4,Hibernating,1098
TXN-IN-12083,2026-08-25,8,0,BLR-002,Bengaluru – Koramangala 5th Block,Bengaluru,South,SKU-BEV-002,Monsoon Cinnamon Latte,Specialty Beverages,A,280,80,1,280,0.0,NONE,280.0,200.0,71.43,UPI (GooglePay/PhonePe),5,Hibernating,1237
TXN-IN-12084,2026-08-03,21,0,MUM-002,Mumbai – Lower Parel High Street,Mumbai,West,SKU-SNK-005,Truffle Cheese Mushroom Panini,Gourmet Food,A,340,120,3,1020,10.0,CAMPAIGN_CODE_PROMO,918.0,558.0,60.78,UPI (GooglePay/PhonePe),5,Loyal Customer,936
TXN-IN-12085,2026-08-10,13,0,BLR-002,Bengaluru – Koramangala 5th Block,Bengaluru,South,SKU-BAKE-004,Butter Flaky Croissant,Artisanal Bakery,B,180,55,3,540,15.0,CAMPAIGN_CODE_PROMO,459.0,294.0,64.05,UPI (GooglePay/PhonePe),5,Loyal Customer,1314
TXN-IN-12086,2026-08-19,12,0,BLR-002,Bengaluru – Koramangala 5th Block,Bengaluru,South,SKU-DES-007,Classic Tiramisu Cup,Desserts,B,260,85,2,520,0.0,NONE,520.0,350.0,67.31,Credit Card,5,Champion,1233
TXN-IN-12087,2026-08-19,18,0,DEL-002,Delhi – Cyber Hub Gurugram,Delhi NCR,North,SKU-BEV-002,Monsoon Cinnamon Latte,Specialty Beverages,A,280,80,2,560,0.0,NONE,560.0,400.0,71.43,Cash,5,Hibernating,1054
TXN-IN-12088,2026-08-06,14,0,DEL-001,Delhi – Connaught Place Inner Circle,Delhi,North,SKU-SNK-006,Smoked Paneer Tikka Sourdough,Gourmet Food,B,310,105,2,620,0.0,NONE,620.0,410.0,66.13,UPI (GooglePay/PhonePe),5,Loyal Customer,1448
TXN-IN-12089,2026-08-09,15,1,CHN-001,Chennai – Anna Nagar 2nd Avenue,Chennai,South,SKU-BEV-002,Monsoon Cinnamon Latte,Specialty Beverages,A,280,80,1,280,0.0,NONE,280.0,200.0,71.43,Credit Card,4,At Risk,1267
TXN-IN-12090,2026-08-05,21,0,HYD-001,Hyderabad – Hitec City Cyber Towers,Hyderabad,South,SKU-DES-007,Classic Tiramisu Cup,Desserts,B,260,85,2,520,0.0,NONE,520.0,350.0,67.31,Debit Card,5,Loyal Customer,1325
TXN-IN-12091,2026-07-20,13,0,CHN-001,Chennai – Anna Nagar 2nd Avenue,Chennai,South,SKU-SNK-005,Truffle Cheese Mushroom Panini,Gourmet Food,A,340,120,1,340,0.0,NONE,340.0,220.0,64.71,UPI (GooglePay/PhonePe),5,Potential Loyalist,862
TXN-IN-12092,2026-08-25,18,0,BLR-017,Bengaluru – JP Nagar (Outlet 17),Bengaluru,South,SKU-BEV-001,Artisanal Cold Brew (350ml),Specialty Beverages,A,240,65,1,240,10.0,CAMPAIGN_CODE_PROMO,216.0,151.0,69.91,UPI (GooglePay/PhonePe),5,Loyal Customer,1525
TXN-IN-12093,2026-08-22,19,1,MUM-001,Mumbai – Bandra West Linking Rd,Mumbai,West,SKU-DES-007,Classic Tiramisu Cup,Desserts,B,260,85,2,520,5.0,CAMPAIGN_CODE_PROMO,494.0,324.0,65.59,Credit Card,1,Loyal Customer,2215
TXN-IN-12094,2026-08-21,21,0,DEL-002,Delhi – Cyber Hub Gurugram,Delhi NCR,North,SKU-SNK-005,Truffle Cheese Mushroom Panini,Gourmet Food,A,340,120,1,340,0.0,NONE,340.0,220.0,64.71,UPI (GooglePay/PhonePe),5,Hibernating,1125
TXN-IN-12095,2026-08-09,19,1,MUM-002,Mumbai – Lower Parel High Street,Mumbai,West,SKU-DES-007,Classic Tiramisu Cup,Desserts,B,260,85,1,260,5.0,CAMPAIGN_CODE_PROMO,247.0,162.0,65.59,UPI (GooglePay/PhonePe),5,Potential Loyalist,1418
TXN-IN-12096,2026-07-29,8,0,BLR-001,Bengaluru – Indiranagar 100ft,Bengaluru,South,SKU-SNK-006,Smoked Paneer Tikka Sourdough,Gourmet Food,B,310,105,3,930,0.0,NONE,930.0,615.0,66.13,UPI (GooglePay/PhonePe),5,Champion,1210
TXN-IN-12097,2026-08-22,19,1,DEL-002,Delhi – Cyber Hub Gurugram,Delhi NCR,North,SKU-BAKE-004,Butter Flaky Croissant,Artisanal Bakery,B,180,55,2,360,0.0,NONE,360.0,250.0,69.44,Debit Card,5,Champion,1406
TXN-IN-12098,2026-07-20,11,0,CHN-001,Chennai – Anna Nagar 2nd Avenue,Chennai,South,SKU-BEV-002,Monsoon Cinnamon Latte,Specialty Beverages,A,280,80,1,280,0.0,NONE,280.0,200.0,71.43,UPI (GooglePay/PhonePe),5,At Risk,863
TXN-IN-12099,2026-08-13,17,0,BLR-002,Bengaluru – Koramangala 5th Block,Bengaluru,South,SKU-BAKE-004,Butter Flaky Croissant,Artisanal Bakery,B,180,55,1,180,0.0,NONE,180.0,125.0,69.44,Cash,4,Hibernating,1347
TXN-IN-12100,2026-08-18,19,0,BLR-001,Bengaluru – Indiranagar 100ft,Bengaluru,South,SKU-DES-007,Classic Tiramisu Cup,Desserts,B,260,85,1,260,0.0,NONE,260.0,175.0,67.31,Cash,1,Hibernating,1210
TXN-IN-12101,2026-08-16,9,1,HYD-001,Hyderabad – Hitec City Cyber Towers,Hyderabad,South,SKU-SNK-005,Truffle Cheese Mushroom Panini,Gourmet Food,A,340,120,1,340,15.0,CAMPAIGN_CODE_PROMO,289.0,169.0,58.48,Cash,5,Potential Loyalist,1859
TXN-IN-12102,2026-08-16,13,1,BLR-017,Bengaluru – JP Nagar (Outlet 17),Bengaluru,South,SKU-BEV-002,Monsoon Cinnamon Latte,Specialty Beverages,A,280,80,2,560,25.0,OVERRIDE_MGR_01,420.0,260.0,61.9,UPI (GooglePay/PhonePe),5,Champion,1991
TXN-IN-12103,2026-08-24,11,0,DEL-001,Delhi – Connaught Place Inner Circle,Delhi,North,SKU-SNK-005,Truffle Cheese Mushroom Panini,Gourmet Food,A,340,120,1,340,0.0,NONE,340.0,220.0,64.71,Credit Card,5,Champion,1582
TXN-IN-12104,2026-08-05,14,0,BLR-001,Bengaluru – Indiranagar 100ft,Bengaluru,South,SKU-BEV-002,Monsoon Cinnamon Latte,Specialty Beverages,A,280,80,1,280,0.0,NONE,280.0,200.0,71.43,Debit Card,5,Loyal Customer,1166
TXN-IN-12105,2026-08-25,19,0,MUM-002,Mumbai – Lower Parel High Street,Mumbai,West,SKU-SNK-005,Truffle Cheese Mushroom Panini,Gourmet Food,A,340,120,2,680,0.0,NONE,680.0,440.0,64.71,Debit Card,5,Potential Loyalist,924
TXN-IN-12106,2026-07-23,18,0,CHN-001,Chennai – Anna Nagar 2nd Avenue,Chennai,South,SKU-BEV-003,Nitro Cold Brew Infusion,Specialty Beverages,A,310,90,1,310,5.0,CAMPAIGN_CODE_PROMO,294.5,204.5,69.44,Cash,3,Potential Loyalist,878
TXN-IN-12107,2026-07-28,19,0,MUM-001,Mumbai – Bandra West Linking Rd,Mumbai,West,SKU-PKG-008,Eco-Kraft Branded Cup (Carton),Packaging,C,950,620,2,1900,0.0,NONE,1900.0,660.0,34.74,UPI (GooglePay/PhonePe),2,Loyal Customer,1578
TXN-IN-12108,2026-08-22,19,1,DEL-001,Delhi – Connaught Place Inner Circle,Delhi,North,SKU-BEV-002,Monsoon Cinnamon Latte,Specialty Beverages,A,280,80,1,280,0.0,NONE,280.0,200.0,71.43,Debit Card,5,At Risk,2108
TXN-IN-12109,2026-08-01,21,1,DEL-002,Delhi – Cyber Hub Gurugram,Delhi NCR,North,SKU-SNK-005,Truffle Cheese Mushroom Panini,Gourmet Food,A,340,120,1,340,0.0,NONE,340.0,220.0,64.71,Debit Card,5,Loyal Customer,1445
TXN-IN-12110,2026-08-28,14,0,BLR-017,Bengaluru – JP Nagar (Outlet 17),Bengaluru,South,SKU-BEV-003,Nitro Cold Brew Infusion,Specialty Beverages,A,310,90,2,620,0.0,NONE,620.0,440.0,70.97,UPI (GooglePay/PhonePe),4,Potential Loyalist,1423
TXN-IN-12111,2026-08-11,20,0,BLR-001,Bengaluru – Indiranagar 100ft,Bengaluru,South,SKU-SNK-005,Truffle Cheese Mushroom Panini,Gourmet Food,A,340,120,2,680,5.0,CAMPAIGN_CODE_PROMO,646.0,406.0,62.85,UPI (GooglePay/PhonePe),5,Champion,1084
TXN-IN-12112,2026-08-05,10,0,DEL-002,Delhi – Cyber Hub Gurugram,Delhi NCR,North,SKU-DES-007,Classic Tiramisu Cup,Desserts,B,260,85,1,260,0.0,NONE,260.0,175.0,67.31,Cash,5,Champion,1042
TXN-IN-12113,2026-07-31,22,0,MUM-001,Mumbai – Bandra West Linking Rd,Mumbai,West,SKU-BEV-003,Nitro Cold Brew Infusion,Specialty Beverages,A,310,90,2,620,0.0,NONE,620.0,440.0,70.97,UPI (GooglePay/PhonePe),5,Champion,1737
TXN-IN-12114,2026-08-05,19,0,CHN-001,Chennai – Anna Nagar 2nd Avenue,Chennai,South,SKU-SNK-006,Smoked Paneer Tikka Sourdough,Gourmet Food,B,310,105,1,310,0.0,NONE,310.0,205.0,66.13,Credit Card,5,At Risk,1027
TXN-IN-12115,2026-08-05,21,0,MUM-002,Mumbai – Lower Parel High Street,Mumbai,West,SKU-DES-007,Classic Tiramisu Cup,Desserts,B,260,85,2,520,0.0,NONE,520.0,350.0,67.31,UPI (GooglePay/PhonePe),3,Hibernating,1007
TXN-IN-12116,2026-08-03,9,0,MUM-002,Mumbai – Lower Parel High Street,Mumbai,West,SKU-DES-007,Classic Tiramisu Cup,Desserts,B,260,85,2,520,0.0,NONE,520.0,350.0,67.31,Credit Card,5,Loyal Customer,1084
TXN-IN-12117,2026-08-29,12,1,MUM-001,Mumbai – Bandra West Linking Rd,Mumbai,West,SKU-SNK-005,Truffle Cheese Mushroom Panini,Gourmet Food,A,340,120,1,340,0.0,NONE,340.0,220.0,64.71,Cash,2,Champion,2251
TXN-IN-12118,2026-08-23,19,1,BLR-002,Bengaluru – Koramangala 5th Block,Bengaluru,South,SKU-BEV-003,Nitro Cold Brew Infusion,Specialty Beverages,A,310,90,3,930,0.0,NONE,930.0,660.0,70.97,UPI (GooglePay/PhonePe),4,Potential Loyalist,1694
TXN-IN-12119,2026-08-14,20,0,HYD-001,Hyderabad – Hitec City Cyber Towers,Hyderabad,South,SKU-BEV-001,Artisanal Cold Brew (350ml),Specialty Beverages,A,240,65,1,240,0.0,NONE,240.0,175.0,72.92,Debit Card,2,Hibernating,1510
TXN-IN-12120,2026-08-14,10,0,BLR-002,Bengaluru – Koramangala 5th Block,Bengaluru,South,SKU-BEV-003,Nitro Cold Brew Infusion,Specialty Beverages,A,310,90,1,310,0.0,NONE,310.0,220.0,70.97,Debit Card,3,Loyal Customer,1339
TXN-IN-12121,2026-08-17,13,0,CHN-001,Chennai – Anna Nagar 2nd Avenue,Chennai,South,SKU-SNK-005,Truffle Cheese Mushroom Panini,Gourmet Food,A,340,120,2,680,0.0,NONE,680.0,440.0,64.71,UPI (GooglePay/PhonePe),4,Loyal Customer,1003
TXN-IN-12122,2026-08-02,22,1,DEL-001,Delhi – Connaught Place Inner Circle,Delhi,North,SKU-BEV-001,Artisanal Cold Brew (350ml),Specialty Beverages,A,240,65,1,240,15.0,CAMPAIGN_CODE_PROMO,204.0,139.0,68.14,Credit Card,5,Loyal Customer,2022
TXN-IN-12123,2026-07-29,13,0,BLR-002,Bengaluru – Koramangala 5th Block,Bengaluru,South,SKU-BAKE-004,Butter Flaky Croissant,Artisanal Bakery,B,180,55,1,180,0.0,NONE,180.0,125.0,69.44,UPI (GooglePay/PhonePe),5,Loyal Customer,1389
TXN-IN-12124,2026-08-13,12,0,CHN-001,Chennai – Anna Nagar 2nd Avenue,Chennai,South,SKU-BEV-003,Nitro Cold Brew Infusion,Specialty Beverages,A,310,90,3,930,0.0,NONE,930.0,660.0,70.97,Debit Card,4,Potential Loyalist,1032
TXN-IN-12125,2026-08-11,19,0,BLR-002,Bengaluru – Koramangala 5th Block,Bengaluru,South,SKU-SNK-006,Smoked Paneer Tikka Sourdough,Gourmet Food,B,310,105,1,310,10.0,CAMPAIGN_CODE_PROMO,279.0,174.0,62.37,Credit Card,4,Potential Loyalist,1222
TXN-IN-12126,2026-07-27,17,0,BLR-017,Bengaluru – JP Nagar (Outlet 17),Bengaluru,South,SKU-PKG-008,Eco-Kraft Branded Cup (Carton),Packaging,C,950,620,2,1900,25.0,OVERRIDE_MGR_01,1425.0,185.0,12.98,UPI (GooglePay/PhonePe),5,Potential Loyalist,1399
TXN-IN-12127,2026-08-08,19,1,MUM-001,Mumbai – Bandra West Linking Rd,Mumbai,West,SKU-SNK-006,Smoked Paneer Tikka Sourdough,Gourmet Food,B,310,105,2,620,0.0,NONE,620.0,410.0,66.13,Cash,4,Potential Loyalist,2282
TXN-IN-12128,2026-08-22,22,1,MUM-002,Mumbai – Lower Parel High Street,Mumbai,West,SKU-DES-007,Classic Tiramisu Cup,Desserts,B,260,85,1,260,0.0,NONE,260.0,175.0,67.31,UPI (GooglePay/PhonePe),5,Champion,1268
TXN-IN-12129,2026-07-22,20,0,BLR-002,Bengaluru – Koramangala 5th Block,Bengaluru,South,SKU-BEV-002,Monsoon Cinnamon Latte,Specialty Beverages,A,280,80,1,280,0.0,NONE,280.0,200.0,71.43,Credit Card,5,Potential Loyalist,1263
TXN-IN-12130,2026-07-21,18,0,BLR-017,Bengaluru – JP Nagar (Outlet 17),Bengaluru,South,SKU-DES-007,Classic Tiramisu Cup,Desserts,B,260,85,1,260,0.0,NONE,260.0,175.0,67.31,UPI (GooglePay/PhonePe),5,Champion,1526
TXN-IN-12131,2026-08-30,10,1,CHN-001,Chennai – Anna Nagar 2nd Avenue,Chennai,South,SKU-DES-007,Classic Tiramisu Cup,Desserts,B,260,85,1,260,0.0,NONE,260.0,175.0,67.31,UPI (GooglePay/PhonePe),5,Loyal Customer,1313
TXN-IN-12132,2026-08-28,13,0,BLR-001,Bengaluru – Indiranagar 100ft,Bengaluru,South,SKU-BEV-002,Monsoon Cinnamon Latte,Specialty Beverages,A,280,80,1,280,0.0,NONE,280.0,200.0,71.43,UPI (GooglePay/PhonePe),5,Hibernating,1099
TXN-IN-12133,2026-08-04,18,0,BLR-017,Bengaluru – JP Nagar (Outlet 17),Bengaluru,South,SKU-PKG-008,Eco-Kraft Branded Cup (Carton),Packaging,C,950,620,2,1900,0.0,NONE,1900.0,660.0,34.74,Debit Card,5,Potential Loyalist,1501
TXN-IN-12134,2026-08-13,18,0,BLR-002,Bengaluru – Koramangala 5th Block,Bengaluru,South,SKU-SNK-006,Smoked Paneer Tikka Sourdough,Gourmet Food,B,310,105,2,620,0.0,NONE,620.0,410.0,66.13,UPI (GooglePay/PhonePe),4,Loyal Customer,1348
TXN-IN-12135,2026-08-30,14,1,MUM-002,Mumbai – Lower Parel High Street,Mumbai,West,SKU-PKG-008,Eco-Kraft Branded Cup (Carton),Packaging,C,950,620,2,1900,0.0,NONE,1900.0,660.0,34.74,UPI (GooglePay/PhonePe),4,Champion,1355
TXN-IN-12136,2026-08-10,19,0,MUM-001,Mumbai – Bandra West Linking Rd,Mumbai,West,SKU-SNK-006,Smoked Paneer Tikka Sourdough,Gourmet Food,B,310,105,1,310,5.0,CAMPAIGN_CODE_PROMO,294.5,189.5,64.35,Cash,5,At Risk,1683
TXN-IN-12137,2026-08-22,16,1,BLR-001,Bengaluru – Indiranagar 100ft,Bengaluru,South,SKU-PKG-008,Eco-Kraft Branded Cup (Carton),Packaging,C,950,620,1,950,0.0,NONE,950.0,330.0,34.74,UPI (GooglePay/PhonePe),5,Hibernating,1499
TXN-IN-12138,2026-08-16,16,1,BLR-001,Bengaluru – Indiranagar 100ft,Bengaluru,South,SKU-BEV-002,Monsoon Cinnamon Latte,Specialty Beverages,A,280,80,2,560,0.0,NONE,560.0,400.0,71.43,UPI (GooglePay/PhonePe),3,Potential Loyalist,1666
TXN-IN-12139,2026-08-26,19,0,DEL-002,Delhi – Cyber Hub Gurugram,Delhi NCR,North,SKU-SNK-005,Truffle Cheese Mushroom Panini,Gourmet Food,A,340,120,1,340,0.0,NONE,340.0,220.0,64.71,Debit Card,5,Champion,1134
TXN-IN-12140,2026-08-15,8,1,CHN-001,Chennai – Anna Nagar 2nd Avenue,Chennai,South,SKU-BEV-002,Monsoon Cinnamon Latte,Specialty Beverages,A,280,80,3,840,0.0,NONE,840.0,600.0,71.43,Cash,5,Potential Loyalist,1302
TXN-IN-12141,2026-08-12,17,0,DEL-001,Delhi – Connaught Place Inner Circle,Delhi,North,SKU-PKG-008,Eco-Kraft Branded Cup (Carton),Packaging,C,950,620,3,2850,15.0,CAMPAIGN_CODE_PROMO,2422.5,562.5,23.22,Credit Card,4,Loyal Customer,1616
TXN-IN-12142,2026-07-28,12,0,MUM-001,Mumbai – Bandra West Linking Rd,Mumbai,West,SKU-DES-007,Classic Tiramisu Cup,Desserts,B,260,85,4,1040,0.0,NONE,1040.0,700.0,67.31,Debit Card,5,Potential Loyalist,1668
TXN-IN-12143,2026-08-27,13,0,DEL-002,Delhi – Cyber Hub Gurugram,Delhi NCR,North,SKU-SNK-006,Smoked Paneer Tikka Sourdough,Gourmet Food,B,310,105,2,620,0.0,NONE,620.0,410.0,66.13,UPI (GooglePay/PhonePe),5,Loyal Customer,1194
TXN-IN-12144,2026-08-11,11,0,BLR-017,Bengaluru – JP Nagar (Outlet 17),Bengaluru,South,SKU-DES-007,Classic Tiramisu Cup,Desserts,B,260,85,2,520,0.0,NONE,520.0,350.0,67.31,Credit Card,4,Hibernating,1376
TXN-IN-12145,2026-07-25,20,1,DEL-001,Delhi – Connaught Place Inner Circle,Delhi,North,SKU-BEV-001,Artisanal Cold Brew (350ml),Specialty Beverages,A,240,65,2,480,0.0,NONE,480.0,350.0,72.92,UPI (GooglePay/PhonePe),5,Champion,1947
TXN-IN-12146,2026-08-02,21,1,MUM-001,Mumbai – Bandra West Linking Rd,Mumbai,West,SKU-SNK-006,Smoked Paneer Tikka Sourdough,Gourmet Food,B,310,105,1,310,0.0,NONE,310.0,205.0,66.13,Cash,4,At Risk,2187
TXN-IN-12147,2026-08-07,20,0,MUM-001,Mumbai – Bandra West Linking Rd,Mumbai,West,SKU-BEV-002,Monsoon Cinnamon Latte,Specialty Beverages,A,280,80,2,560,0.0,NONE,560.0,400.0,71.43,Credit Card,5,Loyal Customer,1586
TXN-IN-12148,2026-08-03,11,0,BLR-001,Bengaluru – Indiranagar 100ft,Bengaluru,South,SKU-BEV-001,Artisanal Cold Brew (350ml),Specialty Beverages,A,240,65,1,240,0.0,NONE,240.0,175.0,72.92,UPI (GooglePay/PhonePe),4,Loyal Customer,1128
TXN-IN-12149,2026-07-22,10,0,BLR-002,Bengaluru – Koramangala 5th Block,Bengaluru,South,SKU-BEV-002,Monsoon Cinnamon Latte,Specialty Beverages,A,280,80,1,280,0.0,NONE,280.0,200.0,71.43,Credit Card,4,Potential Loyalist,1299
TXN-IN-12150,2026-09-02,13,0,MUM-002,Mumbai – Lower Parel High Street,Mumbai,West,SKU-DES-007,Classic Tiramisu Cup,Desserts,B,260,85,2,520,0.0,NONE,520.0,350.0,67.31,Cash,3,Champion,1040
TXN-IN-12151,2026-07-25,20,1,BLR-017,Bengaluru – JP Nagar (Outlet 17),Bengaluru,South,SKU-BEV-001,Artisanal Cold Brew (350ml),Specialty Beverages,A,240,65,1,240,0.0,NONE,240.0,175.0,72.92,Debit Card,5,Potential Loyalist,1876
TXN-IN-12152,2026-08-20,11,0,CHN-001,Chennai – Anna Nagar 2nd Avenue,Chennai,South,SKU-DES-007,Classic Tiramisu Cup,Desserts,B,260,85,3,780,0.0,NONE,780.0,525.0,67.31,Cash,5,Potential Loyalist,868
TXN-IN-12153,2026-07-28,21,0,CHN-001,Chennai – Anna Nagar 2nd Avenue,Chennai,South,SKU-BEV-002,Monsoon Cinnamon Latte,Specialty Beverages,A,280,80,3,840,0.0,NONE,840.0,600.0,71.43,UPI (GooglePay/PhonePe),5,Loyal Customer,1035
TXN-IN-12154,2026-08-25,13,0,HYD-001,Hyderabad – Hitec City Cyber Towers,Hyderabad,South,SKU-BEV-002,Monsoon Cinnamon Latte,Specialty Beverages,A,280,80,1,280,0.0,NONE,280.0,200.0,71.43,UPI (GooglePay/PhonePe),4,At Risk,1428
TXN-IN-12155,2026-07-30,13,0,MUM-001,Mumbai – Bandra West Linking Rd,Mumbai,West,SKU-DES-007,Classic Tiramisu Cup,Desserts,B,260,85,1,260,0.0,NONE,260.0,175.0,67.31,Credit Card,4,Loyal Customer,1688
TXN-IN-12156,2026-08-18,16,0,BLR-002,Bengaluru – Koramangala 5th Block,Bengaluru,South,SKU-BEV-001,Artisanal Cold Brew (350ml),Specialty Beverages,A,240,65,1,240,5.0,CAMPAIGN_CODE_PROMO,228.0,163.0,71.49,UPI (GooglePay/PhonePe),4,Loyal Customer,1292
TXN-IN-12157,2026-08-13,18,0,MUM-002,Mumbai – Lower Parel High Street,Mumbai,West,SKU-PKG-008,Eco-Kraft Branded Cup (Carton),Packaging,C,950,620,1,950,0.0,NONE,950.0,330.0,34.74,UPI (GooglePay/PhonePe),5,Loyal Customer,978
TXN-IN-12158,2026-08-03,20,0,CHN-001,Chennai – Anna Nagar 2nd Avenue,Chennai,South,SKU-BEV-001,Artisanal Cold Brew (350ml),Specialty Beverages,A,240,65,2,480,0.0,NONE,480.0,350.0,72.92,UPI (GooglePay/PhonePe),4,Loyal Customer,923
TXN-IN-12159,2026-09-03,12,0,HYD-001,Hyderabad – Hitec City Cyber Towers,Hyderabad,South,SKU-BEV-003,Nitro Cold Brew Infusion,Specialty Beverages,A,310,90,1,310,0.0,NONE,310.0,220.0,70.97,Credit Card,4,Loyal Customer,1445
TXN-IN-12160,2026-08-14,17,0,BLR-002,Bengaluru – Koramangala 5th Block,Bengaluru,South,SKU-PKG-008,Eco-Kraft Branded Cup (Carton),Packaging,C,950,620,1,950,0.0,NONE,950.0,330.0,34.74,UPI (GooglePay/PhonePe),5,Loyal Customer,1234
TXN-IN-12161,2026-07-20,12,0,HYD-001,Hyderabad – Hitec City Cyber Towers,Hyderabad,South,SKU-DES-007,Classic Tiramisu Cup,Desserts,B,260,85,2,520,0.0,NONE,520.0,350.0,67.31,UPI (GooglePay/PhonePe),2,Champion,1450
TXN-IN-12162,2026-08-14,14,0,HYD-001,Hyderabad – Hitec City Cyber Towers,Hyderabad,South,SKU-DES-007,Classic Tiramisu Cup,Desserts,B,260,85,2,520,15.0,CAMPAIGN_CODE_PROMO,442.0,272.0,61.54,Debit Card,4,At Risk,1465
TXN-IN-12163,2026-07-23,17,0,DEL-002,Delhi – Cyber Hub Gurugram,Delhi NCR,North,SKU-BEV-001,Artisanal Cold Brew (350ml),Specialty Beverages,A,240,65,2,480,0.0,NONE,480.0,350.0,72.92,Debit Card,5,Champion,1034
TXN-IN-12164,2026-09-02,13,0,DEL-001,Delhi – Connaught Place Inner Circle,Delhi,North,SKU-SNK-006,Smoked Paneer Tikka Sourdough,Gourmet Food,B,310,105,2,620,0.0,NONE,620.0,410.0,66.13,UPI (GooglePay/PhonePe),4,Hibernating,1574
TXN-IN-12165,2026-07-29,19,0,HYD-001,Hyderabad – Hitec City Cyber Towers,Hyderabad,South,SKU-BAKE-004,Butter Flaky Croissant,Artisanal Bakery,B,180,55,2,360,0.0,NONE,360.0,250.0,69.44,Credit Card,5,Loyal Customer,1375
TXN-IN-12166,2026-07-20,19,0,DEL-001,Delhi – Connaught Place Inner Circle,Delhi,North,SKU-BAKE-004,Butter Flaky Croissant,Artisanal Bakery,B,180,55,2,360,0.0,NONE,360.0,250.0,69.44,UPI (GooglePay/PhonePe),4,Loyal Customer,1538
TXN-IN-12167,2026-08-20,16,0,DEL-001,Delhi – Connaught Place Inner Circle,Delhi,North,SKU-SNK-006,Smoked Paneer Tikka Sourdough,Gourmet Food,B,310,105,1,310,15.0,CAMPAIGN_CODE_PROMO,263.5,158.5,60.15,UPI (GooglePay/PhonePe),5,Potential Loyalist,1486
TXN-IN-12168,2026-07-29,15,0,BLR-002,Bengaluru – Koramangala 5th Block,Bengaluru,South,SKU-PKG-008,Eco-Kraft Branded Cup (Carton),Packaging,C,950,620,1,950,0.0,NONE,950.0,330.0,34.74,Debit Card,4,Champion,1380
TXN-IN-12169,2026-07-31,11,0,BLR-002,Bengaluru – Koramangala 5th Block,Bengaluru,South,SKU-BEV-003,Nitro Cold Brew Infusion,Specialty Beverages,A,310,90,1,310,10.0,CAMPAIGN_CODE_PROMO,279.0,189.0,67.74,Credit Card,4,Loyal Customer,1355
TXN-IN-12170,2026-07-27,10,0,HYD-001,Hyderabad – Hitec City Cyber Towers,Hyderabad,South,SKU-BEV-002,Monsoon Cinnamon Latte,Specialty Beverages,A,280,80,1,280,0.0,NONE,280.0,200.0,71.43,Cash,3,Loyal Customer,1383
TXN-IN-12171,2026-08-06,13,0,CHN-001,Chennai – Anna Nagar 2nd Avenue,Chennai,South,SKU-DES-007,Classic Tiramisu Cup,Desserts,B,260,85,2,520,0.0,NONE,520.0,350.0,67.31,UPI (GooglePay/PhonePe),4,Hibernating,842
TXN-IN-12172,2026-08-02,12,1,BLR-002,Bengaluru – Koramangala 5th Block,Bengaluru,South,SKU-BEV-003,Nitro Cold Brew Infusion,Specialty Beverages,A,310,90,1,310,0.0,NONE,310.0,220.0,70.97,Cash,4,Champion,1716
TXN-IN-12173,2026-07-31,10,0,DEL-002,Delhi – Cyber Hub Gurugram,Delhi NCR,North,SKU-SNK-005,Truffle Cheese Mushroom Panini,Gourmet Food,A,340,120,1,340,0.0,NONE,340.0,220.0,64.71,UPI (GooglePay/PhonePe),3,Loyal Customer,1214
TXN-IN-12174,2026-07-21,12,0,MUM-001,Mumbai – Bandra West Linking Rd,Mumbai,West,SKU-BEV-002,Monsoon Cinnamon Latte,Specialty Beverages,A,280,80,1,280,0.0,NONE,280.0,200.0,71.43,UPI (GooglePay/PhonePe),3,Potential Loyalist,1578
TXN-IN-12175,2026-08-07,20,0,MUM-001,Mumbai – Bandra West Linking Rd,Mumbai,West,SKU-BAKE-004,Butter Flaky Croissant,Artisanal Bakery,B,180,55,1,180,0.0,NONE,180.0,125.0,69.44,Credit Card,5,Champion,1598
TXN-IN-12176,2026-08-17,15,0,BLR-002,Bengaluru – Koramangala 5th Block,Bengaluru,South,SKU-SNK-005,Truffle Cheese Mushroom Panini,Gourmet Food,A,340,120,2,680,0.0,NONE,680.0,440.0,64.71,Cash,5,Champion,1344
TXN-IN-12177,2026-07-22,12,0,DEL-002,Delhi – Cyber Hub Gurugram,Delhi NCR,North,SKU-SNK-006,Smoked Paneer Tikka Sourdough,Gourmet Food,B,310,105,1,310,0.0,NONE,310.0,205.0,66.13,Cash,4,Loyal Customer,1047
TXN-IN-12178,2026-09-02,19,0,MUM-001,Mumbai – Bandra West Linking Rd,Mumbai,West,SKU-BAKE-004,Butter Flaky Croissant,Artisanal Bakery,B,180,55,1,180,0.0,NONE,180.0,125.0,69.44,Debit Card,5,At Risk,1610
TXN-IN-12179,2026-08-25,18,0,BLR-017,Bengaluru – JP Nagar (Outlet 17),Bengaluru,South,SKU-DES-007,Classic Tiramisu Cup,Desserts,B,260,85,1,260,25.0,OVERRIDE_MGR_01,195.0,110.0,56.41,Cash,5,At Risk,1523
TXN-IN-12180,2026-08-15,20,1,HYD-001,Hyderabad – Hitec City Cyber Towers,Hyderabad,South,SKU-DES-007,Classic Tiramisu Cup,Desserts,B,260,85,2,520,0.0,NONE,520.0,350.0,67.31,UPI (GooglePay/PhonePe),5,Loyal Customer,1848
TXN-IN-12181,2026-08-26,18,0,HYD-001,Hyderabad – Hitec City Cyber Towers,Hyderabad,South,SKU-SNK-005,Truffle Cheese Mushroom Panini,Gourmet Food,A,340,120,2,680,0.0,NONE,680.0,440.0,64.71,Debit Card,4,Loyal Customer,1449
TXN-IN-12182,2026-08-16,17,1,MUM-002,Mumbai – Lower Parel High Street,Mumbai,West,SKU-BEV-001,Artisanal Cold Brew (350ml),Specialty Beverages,A,240,65,1,240,0.0,NONE,240.0,175.0,72.92,Debit Card,4,Champion,1254
TXN-IN-12183,2026-08-23,20,1,BLR-001,Bengaluru – Indiranagar 100ft,Bengaluru,South,SKU-BEV-002,Monsoon Cinnamon Latte,Specialty Beverages,A,280,80,2,560,0.0,NONE,560.0,400.0,71.43,UPI (GooglePay/PhonePe),5,Potential Loyalist,1567
TXN-IN-12184,2026-08-08,17,1,MUM-001,Mumbai – Bandra West Linking Rd,Mumbai,West,SKU-BEV-001,Artisanal Cold Brew (350ml),Specialty Beverages,A,240,65,1,240,0.0,NONE,240.0,175.0,72.92,Cash,5,At Risk,2236
TXN-IN-12185,2026-08-01,21,1,MUM-001,Mumbai – Bandra West Linking Rd,Mumbai,West,SKU-BAKE-004,Butter Flaky Croissant,Artisanal Bakery,B,180,55,1,180,0.0,NONE,180.0,125.0,69.44,UPI (GooglePay/PhonePe),5,At Risk,2313
TXN-IN-12186,2026-08-10,20,0,DEL-001,Delhi – Connaught Place Inner Circle,Delhi,North,SKU-BEV-001,Artisanal Cold Brew (350ml),Specialty Beverages,A,240,65,1,240,0.0,NONE,240.0,175.0,72.92,Credit Card,5,Potential Loyalist,1594
TXN-IN-12187,2026-07-22,20,0,MUM-001,Mumbai – Bandra West Linking Rd,Mumbai,West,SKU-DES-007,Classic Tiramisu Cup,Desserts,B,260,85,2,520,0.0,NONE,520.0,350.0,67.31,Credit Card,4,Champion,1619
TXN-IN-12188,2026-08-04,13,0,MUM-001,Mumbai – Bandra West Linking Rd,Mumbai,West,SKU-BEV-003,Nitro Cold Brew Infusion,Specialty Beverages,A,310,90,1,310,0.0,NONE,310.0,220.0,70.97,Cash,5,Champion,1707
TXN-IN-12189,2026-07-21,20,0,DEL-001,Delhi – Connaught Place Inner Circle,Delhi,North,SKU-BAKE-004,Butter Flaky Croissant,Artisanal Bakery,B,180,55,1,180,0.0,NONE,180.0,125.0,69.44,Credit Card,5,At Risk,1434
TXN-IN-12190,2026-08-17,20,0,DEL-001,Delhi – Connaught Place Inner Circle,Delhi,North,SKU-DES-007,Classic Tiramisu Cup,Desserts,B,260,85,1,260,0.0,NONE,260.0,175.0,67.31,UPI (GooglePay/PhonePe),2,Champion,1482
TXN-IN-12191,2026-08-20,16,0,DEL-002,Delhi – Cyber Hub Gurugram,Delhi NCR,North,SKU-BAKE-004,Butter Flaky Croissant,Artisanal Bakery,B,180,55,1,180,0.0,NONE,180.0,125.0,69.44,Credit Card,5,At Risk,1118
TXN-IN-12192,2026-07-31,20,0,MUM-002,Mumbai – Lower Parel High Street,Mumbai,West,SKU-BEV-002,Monsoon Cinnamon Latte,Specialty Beverages,A,280,80,2,560,0.0,NONE,560.0,400.0,71.43,UPI (GooglePay/PhonePe),5,Champion,1014
TXN-IN-12193,2026-07-24,13,0,MUM-001,Mumbai – Bandra West Linking Rd,Mumbai,West,SKU-BEV-002,Monsoon Cinnamon Latte,Specialty Beverages,A,280,80,1,280,0.0,NONE,280.0,200.0,71.43,Debit Card,3,Loyal Customer,1651
TXN-IN-12194,2026-07-29,11,0,CHN-001,Chennai – Anna Nagar 2nd Avenue,Chennai,South,SKU-DES-007,Classic Tiramisu Cup,Desserts,B,260,85,1,260,0.0,NONE,260.0,175.0,67.31,UPI (GooglePay/PhonePe),3,Loyal Customer,954
TXN-IN-12195,2026-08-03,12,0,BLR-001,Bengaluru – Indiranagar 100ft,Bengaluru,South,SKU-BEV-001,Artisanal Cold Brew (350ml),Specialty Beverages,A,240,65,2,480,0.0,NONE,480.0,350.0,72.92,Cash,3,Loyal Customer,1105
TXN-IN-12196,2026-08-06,11,0,BLR-001,Bengaluru – Indiranagar 100ft,Bengaluru,South,SKU-BAKE-004,Butter Flaky Croissant,Artisanal Bakery,B,180,55,1,180,0.0,NONE,180.0,125.0,69.44,UPI (GooglePay/PhonePe),3,Loyal Customer,1151
TXN-IN-12197,2026-07-26,11,1,MUM-002,Mumbai – Lower Parel High Street,Mumbai,West,SKU-BAKE-004,Butter Flaky Croissant,Artisanal Bakery,B,180,55,2,360,0.0,NONE,360.0,250.0,69.44,UPI (GooglePay/PhonePe),5,Potential Loyalist,1255
TXN-IN-12198,2026-08-22,16,1,HYD-001,Hyderabad – Hitec City Cyber Towers,Hyderabad,South,SKU-PKG-008,Eco-Kraft Branded Cup (Carton),Packaging,C,950,620,3,2850,10.0,CAMPAIGN_CODE_PROMO,2565.0,705.0,27.49,Cash,1,Loyal Customer,1985
TXN-IN-12199,2026-08-05,17,0,BLR-002,Bengaluru – Koramangala 5th Block,Bengaluru,South,SKU-BEV-003,Nitro Cold Brew Infusion,Specialty Beverages,A,310,90,4,1240,0.0,NONE,1240.0,880.0,70.97,Credit Card,4,Potential Loyalist,1379
TXN-IN-12200,2026-08-23,21,1,BLR-017,Bengaluru – JP Nagar (Outlet 17),Bengaluru,South,SKU-BEV-003,Nitro Cold Brew Infusion,Specialty Beverages,A,310,90,2,620,25.0,OVERRIDE_MGR_01,465.0,285.0,61.29,Cash,5,Loyal Customer,1934
TXN-IN-12201,2026-08-25,19,0,MUM-001,Mumbai – Bandra West Linking Rd,Mumbai,West,SKU-BAKE-004,Butter Flaky Croissant,Artisanal Bakery,B,180,55,3,540,0.0,NONE,540.0,375.0,69.44,Cash,5,Champion,1728
TXN-IN-12202,2026-07-23,17,0,BLR-002,Bengaluru – Koramangala 5th Block,Bengaluru,South,SKU-SNK-006,Smoked Paneer Tikka Sourdough,Gourmet Food,B,310,105,1,310,0.0,NONE,310.0,205.0,66.13,Debit Card,5,At Risk,1285
TXN-IN-12203,2026-08-29,17,1,CHN-001,Chennai – Anna Nagar 2nd Avenue,Chennai,South,SKU-SNK-006,Smoked Paneer Tikka Sourdough,Gourmet Food,B,310,105,2,620,0.0,NONE,620.0,410.0,66.13,Cash,5,Potential Loyalist,1341
TXN-IN-12204,2026-08-16,12,1,HYD-001,Hyderabad – Hitec City Cyber Towers,Hyderabad,South,SKU-BEV-003,Nitro Cold Brew Infusion,Specialty Beverages,A,310,90,1,310,0.0,NONE,310.0,220.0,70.97,Credit Card,5,Champion,1945
TXN-IN-12205,2026-07-30,20,0,DEL-001,Delhi – Connaught Place Inner Circle,Delhi,North,SKU-SNK-005,Truffle Cheese Mushroom Panini,Gourmet Food,A,340,120,3,1020,0.0,NONE,1020.0,660.0,64.71,Credit Card,4,Champion,1569
TXN-IN-12206,2026-08-14,20,0,BLR-002,Bengaluru – Koramangala 5th Block,Bengaluru,South,SKU-BEV-003,Nitro Cold Brew Infusion,Specialty Beverages,A,310,90,1,310,5.0,CAMPAIGN_CODE_PROMO,294.5,204.5,69.44,Cash,5,Potential Loyalist,1369
TXN-IN-12207,2026-08-29,22,1,DEL-002,Delhi – Cyber Hub Gurugram,Delhi NCR,North,SKU-BEV-003,Nitro Cold Brew Infusion,Specialty Beverages,A,310,90,2,620,0.0,NONE,620.0,440.0,70.97,Cash,5,Loyal Customer,1469
TXN-IN-12208,2026-07-31,12,0,BLR-001,Bengaluru – Indiranagar 100ft,Bengaluru,South,SKU-BEV-002,Monsoon Cinnamon Latte,Specialty Beverages,A,280,80,3,840,0.0,NONE,840.0,600.0,71.43,Credit Card,5,Loyal Customer,1114
TXN-IN-12209,2026-08-27,18,0,BLR-001,Bengaluru – Indiranagar 100ft,Bengaluru,South,SKU-BEV-001,Artisanal Cold Brew (350ml),Specialty Beverages,A,240,65,2,480,0.0,NONE,480.0,350.0,72.92,Debit Card,5,Loyal Customer,1070
TXN-IN-12210,2026-08-05,14,0,DEL-001,Delhi – Connaught Place Inner Circle,Delhi,North,SKU-BEV-001,Artisanal Cold Brew (350ml),Specialty Beverages,A,240,65,4,960,0.0,NONE,960.0,700.0,72.92,UPI (GooglePay/PhonePe),5,Loyal Customer,1430
TXN-IN-12211,2026-07-21,19,0,MUM-001,Mumbai – Bandra West Linking Rd,Mumbai,West,SKU-BEV-002,Monsoon Cinnamon Latte,Specialty Beverages,A,280,80,1,280,0.0,NONE,280.0,200.0,71.43,UPI (GooglePay/PhonePe),5,Champion,1728
TXN-IN-12212,2026-07-31,16,0,BLR-002,Bengaluru – Koramangala 5th Block,Bengaluru,South,SKU-BEV-003,Nitro Cold Brew Infusion,Specialty Beverages,A,310,90,1,310,15.0,CAMPAIGN_CODE_PROMO,263.5,173.5,65.84,UPI (GooglePay/PhonePe),5,Champion,1211
TXN-IN-12213,2026-08-15,18,1,BLR-001,Bengaluru – Indiranagar 100ft,Bengaluru,South,SKU-BEV-003,Nitro Cold Brew Infusion,Specialty Beverages,A,310,90,1,310,0.0,NONE,310.0,220.0,70.97,Credit Card,5,Hibernating,1663
TXN-IN-12214,2026-08-15,20,1,BLR-001,Bengaluru – Indiranagar 100ft,Bengaluru,South,SKU-PKG-008,Eco-Kraft Branded Cup (Carton),Packaging,C,950,620,4,3800,0.0,NONE,3800.0,1320.0,34.74,UPI (GooglePay/PhonePe),4,Potential Loyalist,1562
TXN-IN-12215,2026-07-20,12,0,BLR-001,Bengaluru – Indiranagar 100ft,Bengaluru,South,SKU-SNK-006,Smoked Paneer Tikka Sourdough,Gourmet Food,B,310,105,1,310,0.0,NONE,310.0,205.0,66.13,UPI (GooglePay/PhonePe),5,Loyal Customer,1107
TXN-IN-12216,2026-08-03,20,0,BLR-017,Bengaluru – JP Nagar (Outlet 17),Bengaluru,South,SKU-BAKE-004,Butter Flaky Croissant,Artisanal Bakery,B,180,55,4,720,15.0,CAMPAIGN_CODE_PROMO,612.0,392.0,64.05,Cash,5,Potential Loyalist,1451
TXN-IN-12217,2026-08-08,15,1,BLR-002,Bengaluru – Koramangala 5th Block,Bengaluru,South,SKU-BAKE-004,Butter Flaky Croissant,Artisanal Bakery,B,180,55,2,360,0.0,NONE,360.0,250.0,69.44,Credit Card,5,Potential Loyalist,1765
TXN-IN-12218,2026-07-31,15,0,HYD-001,Hyderabad – Hitec City Cyber Towers,Hyderabad,South,SKU-PKG-008,Eco-Kraft Branded Cup (Carton),Packaging,C,950,620,2,1900,0.0,NONE,1900.0,660.0,34.74,Debit Card,3,Potential Loyalist,1418
TXN-IN-12219,2026-09-02,12,0,MUM-001,Mumbai – Bandra West Linking Rd,Mumbai,West,SKU-SNK-005,Truffle Cheese Mushroom Panini,Gourmet Food,A,340,120,2,680,0.0,NONE,680.0,440.0,64.71,Credit Card,3,At Risk,1691
TXN-IN-12220,2026-08-09,16,1,DEL-001,Delhi – Connaught Place Inner Circle,Delhi,North,SKU-BEV-002,Monsoon Cinnamon Latte,Specialty Beverages,A,280,80,1,280,0.0,NONE,280.0,200.0,71.43,Debit Card,4,Loyal Customer,1989
TXN-IN-12221,2026-08-08,13,1,BLR-002,Bengaluru – Koramangala 5th Block,Bengaluru,South,SKU-BEV-001,Artisanal Cold Brew (350ml),Specialty Beverages,A,240,65,3,720,0.0,NONE,720.0,525.0,72.92,Credit Card,5,Loyal Customer,1844
TXN-IN-12222,2026-08-20,15,0,BLR-002,Bengaluru – Koramangala 5th Block,Bengaluru,South,SKU-BAKE-004,Butter Flaky Croissant,Artisanal Bakery,B,180,55,1,180,0.0,NONE,180.0,125.0,69.44,UPI (GooglePay/PhonePe),5,Loyal Customer,1265
TXN-IN-12223,2026-08-17,13,0,BLR-001,Bengaluru – Indiranagar 100ft,Bengaluru,South,SKU-BEV-003,Nitro Cold Brew Infusion,Specialty Beverages,A,310,90,1,310,0.0,NONE,310.0,220.0,70.97,UPI (GooglePay/PhonePe),5,Potential Loyalist,1177
TXN-IN-12224,2026-08-24,12,0,BLR-001,Bengaluru – Indiranagar 100ft,Bengaluru,South,SKU-SNK-005,Truffle Cheese Mushroom Panini,Gourmet Food,A,340,120,2,680,0.0,NONE,680.0,440.0,64.71,Credit Card,5,Champion,1070
TXN-IN-12225,2026-08-27,14,0,DEL-001,Delhi – Connaught Place Inner Circle,Delhi,North,SKU-BAKE-004,Butter Flaky Croissant,Artisanal Bakery,B,180,55,1,180,0.0,NONE,180.0,125.0,69.44,Debit Card,4,Loyal Customer,1443
TXN-IN-12226,2026-08-14,18,0,MUM-002,Mumbai – Lower Parel High Street,Mumbai,West,SKU-BAKE-004,Butter Flaky Croissant,Artisanal Bakery,B,180,55,1,180,5.0,CAMPAIGN_CODE_PROMO,171.0,116.0,67.84,Cash,4,Loyal Customer,919
TXN-IN-12227,2026-08-05,20,0,DEL-002,Delhi – Cyber Hub Gurugram,Delhi NCR,North,SKU-BEV-001,Artisanal Cold Brew (350ml),Specialty Beverages,A,240,65,1,240,0.0,NONE,240.0,175.0,72.92,UPI (GooglePay/PhonePe),5,Loyal Customer,1153
TXN-IN-12228,2026-08-05,15,0,MUM-002,Mumbai – Lower Parel High Street,Mumbai,West,SKU-BAKE-004,Butter Flaky Croissant,Artisanal Bakery,B,180,55,1,180,0.0,NONE,180.0,125.0,69.44,Cash,4,At Risk,989
TXN-IN-12229,2026-08-15,11,1,MUM-002,Mumbai – Lower Parel High Street,Mumbai,West,SKU-DES-007,Classic Tiramisu Cup,Desserts,B,260,85,2,520,0.0,NONE,520.0,350.0,67.31,UPI (GooglePay/PhonePe),5,Hibernating,1443
TXN-IN-12230,2026-07-24,10,0,DEL-001,Delhi – Connaught Place Inner Circle,Delhi,North,SKU-SNK-005,Truffle Cheese Mushroom Panini,Gourmet Food,A,340,120,3,1020,0.0,NONE,1020.0,660.0,64.71,Cash,4,Loyal Customer,1435
TXN-IN-12231,2026-07-29,12,0,HYD-001,Hyderabad – Hitec City Cyber Towers,Hyderabad,South,SKU-PKG-008,Eco-Kraft Branded Cup (Carton),Packaging,C,950,620,3,2850,0.0,NONE,2850.0,990.0,34.74,UPI (GooglePay/PhonePe),4,Loyal Customer,1320
TXN-IN-12232,2026-09-02,22,0,HYD-001,Hyderabad – Hitec City Cyber Towers,Hyderabad,South,SKU-DES-007,Classic Tiramisu Cup,Desserts,B,260,85,1,260,0.0,NONE,260.0,175.0,67.31,Debit Card,5,At Risk,1368
TXN-IN-12233,2026-09-03,15,0,MUM-001,Mumbai – Bandra West Linking Rd,Mumbai,West,SKU-PKG-008,Eco-Kraft Branded Cup (Carton),Packaging,C,950,620,1,950,0.0,NONE,950.0,330.0,34.74,UPI (GooglePay/PhonePe),5,Loyal Customer,1682
TXN-IN-12234,2026-08-31,16,0,MUM-001,Mumbai – Bandra West Linking Rd,Mumbai,West,SKU-BEV-001,Artisanal Cold Brew (350ml),Specialty Beverages,A,240,65,2,480,0.0,NONE,480.0,350.0,72.92,UPI (GooglePay/PhonePe),5,Champion,1758
TXN-IN-12235,2026-07-31,16,0,DEL-002,Delhi – Cyber Hub Gurugram,Delhi NCR,North,SKU-DES-007,Classic Tiramisu Cup,Desserts,B,260,85,3,780,0.0,NONE,780.0,525.0,67.31,Credit Card,4,Potential Loyalist,1217
TXN-IN-12236,2026-08-21,17,0,HYD-001,Hyderabad – Hitec City Cyber Towers,Hyderabad,South,SKU-DES-007,Classic Tiramisu Cup,Desserts,B,260,85,1,260,0.0,NONE,260.0,175.0,67.31,Cash,4,Champion,1430
TXN-IN-12237,2026-08-02,20,1,DEL-002,Delhi – Cyber Hub Gurugram,Delhi NCR,North,SKU-BAKE-004,Butter Flaky Croissant,Artisanal Bakery,B,180,55,1,180,0.0,NONE,180.0,125.0,69.44,Cash,3,Loyal Customer,1528
TXN-IN-12238,2026-08-14,18,0,BLR-001,Bengaluru – Indiranagar 100ft,Bengaluru,South,SKU-SNK-006,Smoked Paneer Tikka Sourdough,Gourmet Food,B,310,105,2,620,0.0,NONE,620.0,410.0,66.13,Credit Card,5,Champion,1100
TXN-IN-12239,2026-09-02,20,0,HYD-001,Hyderabad – Hitec City Cyber Towers,Hyderabad,South,SKU-BEV-001,Artisanal Cold Brew (350ml),Specialty Beverages,A,240,65,1,240,0.0,NONE,240.0,175.0,72.92,UPI (GooglePay/PhonePe),5,Loyal Customer,1495
TXN-IN-12240,2026-08-17,12,0,BLR-001,Bengaluru – Indiranagar 100ft,Bengaluru,South,SKU-DES-007,Classic Tiramisu Cup,Desserts,B,260,85,1,260,5.0,CAMPAIGN_CODE_PROMO,247.0,162.0,65.59,Debit Card,4,Loyal Customer,1243
TXN-IN-12241,2026-07-20,18,0,HYD-001,Hyderabad – Hitec City Cyber Towers,Hyderabad,South,SKU-BAKE-004,Butter Flaky Croissant,Artisanal Bakery,B,180,55,3,540,0.0,NONE,540.0,375.0,69.44,Cash,4,Champion,1455
TXN-IN-12242,2026-08-23,12,1,BLR-002,Bengaluru – Koramangala 5th Block,Bengaluru,South,SKU-PKG-008,Eco-Kraft Branded Cup (Carton),Packaging,C,950,620,1,950,0.0,NONE,950.0,330.0,34.74,UPI (GooglePay/PhonePe),4,Champion,1671
TXN-IN-12243,2026-08-18,13,0,BLR-001,Bengaluru – Indiranagar 100ft,Bengaluru,South,SKU-DES-007,Classic Tiramisu Cup,Desserts,B,260,85,2,520,0.0,NONE,520.0,350.0,67.31,Debit Card,5,Champion,1122
TXN-IN-12244,2026-09-03,10,0,CHN-001,Chennai – Anna Nagar 2nd Avenue,Chennai,South,SKU-BAKE-004,Butter Flaky Croissant,Artisanal Bakery,B,180,55,4,720,0.0,NONE,720.0,500.0,69.44,Credit Card,5,Hibernating,993
TXN-IN-12245,2026-09-02,19,0,BLR-001,Bengaluru – Indiranagar 100ft,Bengaluru,South,SKU-BEV-002,Monsoon Cinnamon Latte,Specialty Beverages,A,280,80,1,280,0.0,NONE,280.0,200.0,71.43,Debit Card,5,Hibernating,1223
TXN-IN-12246,2026-07-31,16,0,BLR-017,Bengaluru – JP Nagar (Outlet 17),Bengaluru,South,SKU-SNK-006,Smoked Paneer Tikka Sourdough,Gourmet Food,B,310,105,2,620,25.0,OVERRIDE_MGR_01,465.0,255.0,54.84,Credit Card,4,Hibernating,1409
TXN-IN-12247,2026-08-03,13,0,CHN-001,Chennai – Anna Nagar 2nd Avenue,Chennai,South,SKU-SNK-005,Truffle Cheese Mushroom Panini,Gourmet Food,A,340,120,2,680,5.0,CAMPAIGN_CODE_PROMO,646.0,406.0,62.85,UPI (GooglePay/PhonePe),5,Loyal Customer,946
TXN-IN-12248,2026-08-19,14,0,CHN-001,Chennai – Anna Nagar 2nd Avenue,Chennai,South,SKU-BEV-001,Artisanal Cold Brew (350ml),Specialty Beverages,A,240,65,1,240,0.0,NONE,240.0,175.0,72.92,UPI (GooglePay/PhonePe),4,Loyal Customer,1005
TXN-IN-12249,2026-08-22,20,1,BLR-001,Bengaluru – Indiranagar 100ft,Bengaluru,South,SKU-BEV-002,Monsoon Cinnamon Latte,Specialty Beverages,A,280,80,1,280,0.0,NONE,280.0,200.0,71.43,Cash,3,Potential Loyalist,1639
TXN-IN-12250,2026-08-21,21,0,BLR-017,Bengaluru – JP Nagar (Outlet 17),Bengaluru,South,SKU-SNK-006,Smoked Paneer Tikka Sourdough,Gourmet Food,B,310,105,1,310,5.0,CAMPAIGN_CODE_PROMO,294.5,189.5,64.35,Cash,1,Loyal Customer,1416
TXN-IN-12251,2026-07-22,17,0,HYD-001,Hyderabad – Hitec City Cyber Towers,Hyderabad,South,SKU-BEV-001,Artisanal Cold Brew (350ml),Specialty Beverages,A,240,65,1,240,0.0,NONE,240.0,175.0,72.92,Cash,4,At Risk,1326
TXN-IN-12252,2026-08-18,12,0,BLR-002,Bengaluru – Koramangala 5th Block,Bengaluru,South,SKU-DES-007,Classic Tiramisu Cup,Desserts,B,260,85,1,260,0.0,NONE,260.0,175.0,67.31,Cash,5,At Risk,1275
TXN-IN-12253,2026-08-08,9,1,CHN-001,Chennai – Anna Nagar 2nd Avenue,Chennai,South,SKU-SNK-006,Smoked Paneer Tikka Sourdough,Gourmet Food,B,310,105,2,620,0.0,NONE,620.0,410.0,66.13,Debit Card,5,Loyal Customer,1310
TXN-IN-12254,2026-08-10,11,0,BLR-002,Bengaluru – Koramangala 5th Block,Bengaluru,South,SKU-PKG-008,Eco-Kraft Branded Cup (Carton),Packaging,C,950,620,2,1900,0.0,NONE,1900.0,660.0,34.74,UPI (GooglePay/PhonePe),5,Loyal Customer,1228
TXN-IN-12255,2026-08-27,16,0,DEL-002,Delhi – Cyber Hub Gurugram,Delhi NCR,North,SKU-BEV-002,Monsoon Cinnamon Latte,Specialty Beverages,A,280,80,1,280,0.0,NONE,280.0,200.0,71.43,UPI (GooglePay/PhonePe),5,Loyal Customer,1024
TXN-IN-12256,2026-08-04,19,0,BLR-017,Bengaluru – JP Nagar (Outlet 17),Bengaluru,South,SKU-PKG-008,Eco-Kraft Branded Cup (Carton),Packaging,C,950,620,1,950,25.0,OVERRIDE_MGR_01,712.5,92.5,12.98,Debit Card,1,Loyal Customer,1408
TXN-IN-12257,2026-08-02,12,1,DEL-001,Delhi – Connaught Place Inner Circle,Delhi,North,SKU-DES-007,Classic Tiramisu Cup,Desserts,B,260,85,2,520,0.0,NONE,520.0,350.0,67.31,Cash,4,At Risk,1946
TXN-IN-12258,2026-07-25,13,1,BLR-002,Bengaluru – Koramangala 5th Block,Bengaluru,South,SKU-BEV-001,Artisanal Cold Brew (350ml),Specialty Beverages,A,240,65,2,480,0.0,NONE,480.0,350.0,72.92,UPI (GooglePay/PhonePe),5,Potential Loyalist,1743
TXN-IN-12259,2026-08-02,21,1,DEL-002,Delhi – Cyber Hub Gurugram,Delhi NCR,North,SKU-BEV-001,Artisanal Cold Brew (350ml),Specialty Beverages,A,240,65,2,480,0.0,NONE,480.0,350.0,72.92,UPI (GooglePay/PhonePe),5,Champion,1451
TXN-IN-12260,2026-08-24,20,0,MUM-002,Mumbai – Lower Parel High Street,Mumbai,West,SKU-PKG-008,Eco-Kraft Branded Cup (Carton),Packaging,C,950,620,1,950,0.0,NONE,950.0,330.0,34.74,UPI (GooglePay/PhonePe),4,Potential Loyalist,1014
TXN-IN-12261,2026-07-20,13,0,BLR-002,Bengaluru – Koramangala 5th Block,Bengaluru,South,SKU-SNK-005,Truffle Cheese Mushroom Panini,Gourmet Food,A,340,120,1,340,0.0,NONE,340.0,220.0,64.71,Credit Card,5,Loyal Customer,1378
TXN-IN-12262,2026-08-16,20,1,MUM-002,Mumbai – Lower Parel High Street,Mumbai,West,SKU-BEV-002,Monsoon Cinnamon Latte,Specialty Beverages,A,280,80,2,560,0.0,NONE,560.0,400.0,71.43,Credit Card,4,Hibernating,1345
TXN-IN-12263,2026-09-02,20,0,MUM-002,Mumbai – Lower Parel High Street,Mumbai,West,SKU-BEV-003,Nitro Cold Brew Infusion,Specialty Beverages,A,310,90,1,310,0.0,NONE,310.0,220.0,70.97,Debit Card,5,Loyal Customer,1082
TXN-IN-12264,2026-08-14,21,0,DEL-002,Delhi – Cyber Hub Gurugram,Delhi NCR,North,SKU-BEV-003,Nitro Cold Brew Infusion,Specialty Beverages,A,310,90,4,1240,0.0,NONE,1240.0,880.0,70.97,UPI (GooglePay/PhonePe),5,At Risk,1174
TXN-IN-12265,2026-08-28,10,0,CHN-001,Chennai – Anna Nagar 2nd Avenue,Chennai,South,SKU-DES-007,Classic Tiramisu Cup,Desserts,B,260,85,1,260,0.0,NONE,260.0,175.0,67.31,Credit Card,5,Loyal Customer,1010
TXN-IN-12266,2026-07-31,12,0,BLR-002,Bengaluru – Koramangala 5th Block,Bengaluru,South,SKU-BEV-001,Artisanal Cold Brew (350ml),Specialty Beverages,A,240,65,4,960,0.0,NONE,960.0,700.0,72.92,UPI (GooglePay/PhonePe),5,Loyal Customer,1358
TXN-IN-12267,2026-07-28,10,0,BLR-001,Bengaluru – Indiranagar 100ft,Bengaluru,South,SKU-DES-007,Classic Tiramisu Cup,Desserts,B,260,85,1,260,0.0,NONE,260.0,175.0,67.31,Cash,5,Champion,1158
TXN-IN-12268,2026-08-13,19,0,BLR-002,Bengaluru – Koramangala 5th Block,Bengaluru,South,SKU-BAKE-004,Butter Flaky Croissant,Artisanal Bakery,B,180,55,1,180,0.0,NONE,180.0,125.0,69.44,Debit Card,5,Loyal Customer,1326
TXN-IN-12269,2026-08-17,15,0,BLR-002,Bengaluru – Koramangala 5th Block,Bengaluru,South,SKU-SNK-006,Smoked Paneer Tikka Sourdough,Gourmet Food,B,310,105,3,930,0.0,NONE,930.0,615.0,66.13,UPI (GooglePay/PhonePe),5,Champion,1333
TXN-IN-12270,2026-08-05,18,0,MUM-001,Mumbai – Bandra West Linking Rd,Mumbai,West,SKU-BEV-002,Monsoon Cinnamon Latte,Specialty Beverages,A,280,80,1,280,0.0,NONE,280.0,200.0,71.43,Cash,5,Hibernating,1673
TXN-IN-12271,2026-07-20,13,0,BLR-001,Bengaluru – Indiranagar 100ft,Bengaluru,South,SKU-BEV-001,Artisanal Cold Brew (350ml),Specialty Beverages,A,240,65,3,720,15.0,CAMPAIGN_CODE_PROMO,612.0,417.0,68.14,Debit Card,3,Champion,1227
TXN-IN-12272,2026-07-24,20,0,MUM-002,Mumbai – Lower Parel High Street,Mumbai,West,SKU-BAKE-004,Butter Flaky Croissant,Artisanal Bakery,B,180,55,3,540,0.0,NONE,540.0,375.0,69.44,Cash,5,Loyal Customer,904
TXN-IN-12273,2026-08-02,20,1,CHN-001,Chennai – Anna Nagar 2nd Avenue,Chennai,South,SKU-PKG-008,Eco-Kraft Branded Cup (Carton),Packaging,C,950,620,1,950,0.0,NONE,950.0,330.0,34.74,Debit Card,5,Loyal Customer,1300
TXN-IN-12274,2026-08-16,19,1,DEL-001,Delhi – Connaught Place Inner Circle,Delhi,North,SKU-DES-007,Classic Tiramisu Cup,Desserts,B,260,85,1,260,0.0,NONE,260.0,175.0,67.31,UPI (GooglePay/PhonePe),5,Champion,2103
TXN-IN-12275,2026-09-03,13,0,BLR-002,Bengaluru – Koramangala 5th Block,Bengaluru,South,SKU-BEV-001,Artisanal Cold Brew (350ml),Specialty Beverages,A,240,65,1,240,0.0,NONE,240.0,175.0,72.92,UPI (GooglePay/PhonePe),5,Loyal Customer,1309
TXN-IN-12276,2026-08-16,18,1,BLR-017,Bengaluru – JP Nagar (Outlet 17),Bengaluru,South,SKU-SNK-005,Truffle Cheese Mushroom Panini,Gourmet Food,A,340,120,2,680,25.0,OVERRIDE_MGR_01,510.0,270.0,52.94,Cash,2,Loyal Customer,1845
TXN-IN-12277,2026-08-30,20,1,DEL-001,Delhi – Connaught Place Inner Circle,Delhi,North,SKU-DES-007,Classic Tiramisu Cup,Desserts,B,260,85,1,260,15.0,CAMPAIGN_CODE_PROMO,221.0,136.0,61.54,Credit Card,5,Hibernating,2059
TXN-IN-12278,2026-08-28,17,0,DEL-002,Delhi – Cyber Hub Gurugram,Delhi NCR,North,SKU-DES-007,Classic Tiramisu Cup,Desserts,B,260,85,1,260,0.0,NONE,260.0,175.0,67.31,Debit Card,5,Potential Loyalist,1207
TXN-IN-12279,2026-08-30,19,1,MUM-002,Mumbai – Lower Parel High Street,Mumbai,West,SKU-BEV-001,Artisanal Cold Brew (350ml),Specialty Beverages,A,240,65,1,240,0.0,NONE,240.0,175.0,72.92,Credit Card,5,Champion,1300
TXN-IN-12280,2026-07-24,13,0,MUM-001,Mumbai – Bandra West Linking Rd,Mumbai,West,SKU-PKG-008,Eco-Kraft Branded Cup (Carton),Packaging,C,950,620,2,1900,0.0,NONE,1900.0,660.0,34.74,UPI (GooglePay/PhonePe),5,Loyal Customer,1620
TXN-IN-12281,2026-08-30,21,1,BLR-002,Bengaluru – Koramangala 5th Block,Bengaluru,South,SKU-BEV-002,Monsoon Cinnamon Latte,Specialty Beverages,A,280,80,1,280,10.0,CAMPAIGN_CODE_PROMO,252.0,172.0,68.25,UPI (GooglePay/PhonePe),4,Potential Loyalist,1693
TXN-IN-12282,2026-07-22,19,0,BLR-002,Bengaluru – Koramangala 5th Block,Bengaluru,South,SKU-SNK-006,Smoked Paneer Tikka Sourdough,Gourmet Food,B,310,105,2,620,0.0,NONE,620.0,410.0,66.13,UPI (GooglePay/PhonePe),5,Loyal Customer,1249
TXN-IN-12283,2026-08-02,19,1,HYD-001,Hyderabad – Hitec City Cyber Towers,Hyderabad,South,SKU-BEV-001,Artisanal Cold Brew (350ml),Specialty Beverages,A,240,65,1,240,0.0,NONE,240.0,175.0,72.92,Credit Card,5,Loyal Customer,1936
TXN-IN-12284,2026-08-27,9,0,BLR-001,Bengaluru – Indiranagar 100ft,Bengaluru,South,SKU-SNK-005,Truffle Cheese Mushroom Panini,Gourmet Food,A,340,120,1,340,0.0,NONE,340.0,220.0,64.71,Cash,5,Champion,1127
TXN-IN-12285,2026-08-09,16,1,BLR-017,Bengaluru – JP Nagar (Outlet 17),Bengaluru,South,SKU-BEV-001,Artisanal Cold Brew (350ml),Specialty Beverages,A,240,65,2,480,25.0,OVERRIDE_MGR_01,360.0,230.0,63.89,Cash,4,Champion,2013
TXN-IN-12286,2026-08-24,13,0,DEL-001,Delhi – Connaught Place Inner Circle,Delhi,North,SKU-BEV-002,Monsoon Cinnamon Latte,Specialty Beverages,A,280,80,1,280,0.0,NONE,280.0,200.0,71.43,Cash,5,Champion,1510
TXN-IN-12287,2026-08-13,20,0,MUM-001,Mumbai – Bandra West Linking Rd,Mumbai,West,SKU-SNK-005,Truffle Cheese Mushroom Panini,Gourmet Food,A,340,120,1,340,0.0,NONE,340.0,220.0,64.71,Credit Card,5,Loyal Customer,1709
TXN-IN-12288,2026-07-25,16,1,BLR-017,Bengaluru – JP Nagar (Outlet 17),Bengaluru,South,SKU-SNK-006,Smoked Paneer Tikka Sourdough,Gourmet Food,B,310,105,3,930,25.0,OVERRIDE_MGR_01,697.5,382.5,54.84,Cash,4,Potential Loyalist,1866
TXN-IN-12289,2026-08-14,8,0,BLR-001,Bengaluru – Indiranagar 100ft,Bengaluru,South,SKU-PKG-008,Eco-Kraft Branded Cup (Carton),Packaging,C,950,620,2,1900,0.0,NONE,1900.0,660.0,34.74,Cash,5,At Risk,1073
TXN-IN-12290,2026-09-03,11,0,MUM-002,Mumbai – Lower Parel High Street,Mumbai,West,SKU-SNK-006,Smoked Paneer Tikka Sourdough,Gourmet Food,B,310,105,3,930,0.0,NONE,930.0,615.0,66.13,UPI (GooglePay/PhonePe),1,Champion,1082
TXN-IN-12291,2026-08-23,17,1,BLR-002,Bengaluru – Koramangala 5th Block,Bengaluru,South,SKU-BEV-003,Nitro Cold Brew Infusion,Specialty Beverages,A,310,90,1,310,0.0,NONE,310.0,220.0,70.97,Cash,5,Potential Loyalist,1844
TXN-IN-12292,2026-07-22,17,0,MUM-001,Mumbai – Bandra West Linking Rd,Mumbai,West,SKU-SNK-006,Smoked Paneer Tikka Sourdough,Gourmet Food,B,310,105,3,930,0.0,NONE,930.0,615.0,66.13,Credit Card,4,Potential Loyalist,1575
TXN-IN-12293,2026-08-31,14,0,HYD-001,Hyderabad – Hitec City Cyber Towers,Hyderabad,South,SKU-BEV-001,Artisanal Cold Brew (350ml),Specialty Beverages,A,240,65,1,240,0.0,NONE,240.0,175.0,72.92,Credit Card,5,At Risk,1382
TXN-IN-12294,2026-09-02,19,0,DEL-002,Delhi – Cyber Hub Gurugram,Delhi NCR,North,SKU-BAKE-004,Butter Flaky Croissant,Artisanal Bakery,B,180,55,3,540,0.0,NONE,540.0,375.0,69.44,Debit Card,5,Champion,1068
TXN-IN-12295,2026-08-27,9,0,HYD-001,Hyderabad – Hitec City Cyber Towers,Hyderabad,South,SKU-SNK-005,Truffle Cheese Mushroom Panini,Gourmet Food,A,340,120,1,340,0.0,NONE,340.0,220.0,64.71,UPI (GooglePay/PhonePe),4,At Risk,1434
TXN-IN-12296,2026-07-22,9,0,CHN-001,Chennai – Anna Nagar 2nd Avenue,Chennai,South,SKU-PKG-008,Eco-Kraft Branded Cup (Carton),Packaging,C,950,620,4,3800,0.0,NONE,3800.0,1320.0,34.74,UPI (GooglePay/PhonePe),5,Potential Loyalist,978
TXN-IN-12297,2026-09-02,12,0,MUM-002,Mumbai – Lower Parel High Street,Mumbai,West,SKU-BAKE-004,Butter Flaky Croissant,Artisanal Bakery,B,180,55,1,180,0.0,NONE,180.0,125.0,69.44,UPI (GooglePay/PhonePe),4,Loyal Customer,924
TXN-IN-12298,2026-08-10,17,0,CHN-001,Chennai – Anna Nagar 2nd Avenue,Chennai,South,SKU-SNK-005,Truffle Cheese Mushroom Panini,Gourmet Food,A,340,120,2,680,0.0,NONE,680.0,440.0,64.71,Debit Card,5,Potential Loyalist,868
TXN-IN-12299,2026-08-27,16,0,DEL-002,Delhi – Cyber Hub Gurugram,Delhi NCR,North,SKU-BEV-001,Artisanal Cold Brew (350ml),Specialty Beverages,A,240,65,1,240,0.0,NONE,240.0,175.0,72.92,UPI (GooglePay/PhonePe),5,Loyal Customer,1173
TXN-IN-12300,2026-08-19,13,0,BLR-001,Bengaluru – Indiranagar 100ft,Bengaluru,South,SKU-PKG-008,Eco-Kraft Branded Cup (Carton),Packaging,C,950,620,1,950,0.0,NONE,950.0,330.0,34.74,Credit Card,5,Potential Loyalist,1084
TXN-IN-12301,2026-08-23,19,1,BLR-002,Bengaluru – Koramangala 5th Block,Bengaluru,South,SKU-BAKE-004,Butter Flaky Croissant,Artisanal Bakery,B,180,55,1,180,0.0,NONE,180.0,125.0,69.44,UPI (GooglePay/PhonePe),4,Loyal Customer,1834
TXN-IN-12302,2026-08-04,16,0,MUM-002,Mumbai – Lower Parel High Street,Mumbai,West,SKU-DES-007,Classic Tiramisu Cup,Desserts,B,260,85,3,780,0.0,NONE,780.0,525.0,67.31,Debit Card,5,Loyal Customer,963
TXN-IN-12303,2026-08-09,22,1,DEL-002,Delhi – Cyber Hub Gurugram,Delhi NCR,North,SKU-BEV-001,Artisanal Cold Brew (350ml),Specialty Beverages,A,240,65,1,240,10.0,CAMPAIGN_CODE_PROMO,216.0,151.0,69.91,UPI (GooglePay/PhonePe),4,Loyal Customer,1438
TXN-IN-12304,2026-08-12,21,0,HYD-001,Hyderabad – Hitec City Cyber Towers,Hyderabad,South,SKU-PKG-008,Eco-Kraft Branded Cup (Carton),Packaging,C,950,620,1,950,0.0,NONE,950.0,330.0,34.74,UPI (GooglePay/PhonePe),5,At Risk,1410
TXN-IN-12305,2026-08-04,15,0,BLR-001,Bengaluru – Indiranagar 100ft,Bengaluru,South,SKU-DES-007,Classic Tiramisu Cup,Desserts,B,260,85,1,260,5.0,CAMPAIGN_CODE_PROMO,247.0,162.0,65.59,UPI (GooglePay/PhonePe),4,At Risk,1092
TXN-IN-12306,2026-08-30,18,1,DEL-002,Delhi – Cyber Hub Gurugram,Delhi NCR,North,SKU-SNK-005,Truffle Cheese Mushroom Panini,Gourmet Food,A,340,120,2,680,0.0,NONE,680.0,440.0,64.71,UPI (GooglePay/PhonePe),3,Loyal Customer,1556
TXN-IN-12307,2026-07-27,13,0,BLR-002,Bengaluru – Koramangala 5th Block,Bengaluru,South,SKU-BEV-001,Artisanal Cold Brew (350ml),Specialty Beverages,A,240,65,2,480,10.0,CAMPAIGN_CODE_PROMO,432.0,302.0,69.91,UPI (GooglePay/PhonePe),5,Loyal Customer,1240
TXN-IN-12308,2026-09-02,17,0,MUM-001,Mumbai – Bandra West Linking Rd,Mumbai,West,SKU-PKG-008,Eco-Kraft Branded Cup (Carton),Packaging,C,950,620,2,1900,0.0,NONE,1900.0,660.0,34.74,Credit Card,5,Champion,1736
TXN-IN-12309,2026-07-31,19,0,DEL-002,Delhi – Cyber Hub Gurugram,Delhi NCR,North,SKU-BEV-001,Artisanal Cold Brew (350ml),Specialty Beverages,A,240,65,1,240,0.0,NONE,240.0,175.0,72.92,UPI (GooglePay/PhonePe),3,Loyal Customer,1146
TXN-IN-12310,2026-08-07,22,0,DEL-001,Delhi – Connaught Place Inner Circle,Delhi,North,SKU-SNK-005,Truffle Cheese Mushroom Panini,Gourmet Food,A,340,120,2,680,0.0,NONE,680.0,440.0,64.71,UPI (GooglePay/PhonePe),5,Loyal Customer,1562
TXN-IN-12311,2026-08-27,13,0,MUM-002,Mumbai – Lower Parel High Street,Mumbai,West,SKU-SNK-005,Truffle Cheese Mushroom Panini,Gourmet Food,A,340,120,3,1020,15.0,CAMPAIGN_CODE_PROMO,867.0,507.0,58.48,UPI (GooglePay/PhonePe),4,Champion,1040
TXN-IN-12312,2026-08-27,17,0,DEL-002,Delhi – Cyber Hub Gurugram,Delhi NCR,North,SKU-SNK-006,Smoked Paneer Tikka Sourdough,Gourmet Food,B,310,105,2,620,0.0,NONE,620.0,410.0,66.13,Credit Card,4,Loyal Customer,1123
TXN-IN-12313,2026-07-30,17,0,BLR-002,Bengaluru – Koramangala 5th Block,Bengaluru,South,SKU-SNK-006,Smoked Paneer Tikka Sourdough,Gourmet Food,B,310,105,1,310,0.0,NONE,310.0,205.0,66.13,Credit Card,4,Loyal Customer,1260
TXN-IN-12314,2026-08-15,13,1,BLR-017,Bengaluru – JP Nagar (Outlet 17),Bengaluru,South,SKU-DES-007,Classic Tiramisu Cup,Desserts,B,260,85,2,520,25.0,OVERRIDE_MGR_01,390.0,220.0,56.41,Debit Card,4,Potential Loyalist,2030
TXN-IN-12315,2026-08-15,14,1,DEL-002,Delhi – Cyber Hub Gurugram,Delhi NCR,North,SKU-BEV-001,Artisanal Cold Brew (350ml),Specialty Beverages,A,240,65,1,240,0.0,NONE,240.0,175.0,72.92,Credit Card,5,Champion,1500
TXN-IN-12316,2026-08-01,18,1,BLR-001,Bengaluru – Indiranagar 100ft,Bengaluru,South,SKU-BEV-002,Monsoon Cinnamon Latte,Specialty Beverages,A,280,80,1,280,0.0,NONE,280.0,200.0,71.43,UPI (GooglePay/PhonePe),5,At Risk,1552
TXN-IN-12317,2026-08-16,18,1,BLR-001,Bengaluru – Indiranagar 100ft,Bengaluru,South,SKU-SNK-006,Smoked Paneer Tikka Sourdough,Gourmet Food,B,310,105,1,310,0.0,NONE,310.0,205.0,66.13,UPI (GooglePay/PhonePe),5,Champion,1534
TXN-IN-12318,2026-08-26,13,0,DEL-001,Delhi – Connaught Place Inner Circle,Delhi,North,SKU-SNK-005,Truffle Cheese Mushroom Panini,Gourmet Food,A,340,120,1,340,0.0,NONE,340.0,220.0,64.71,Credit Card,4,Loyal Customer,1444
TXN-IN-12319,2026-09-01,13,0,DEL-001,Delhi – Connaught Place Inner Circle,Delhi,North,SKU-PKG-008,Eco-Kraft Branded Cup (Carton),Packaging,C,950,620,2,1900,0.0,NONE,1900.0,660.0,34.74,Cash,2,Champion,1584
TXN-IN-12320,2026-08-22,19,1,CHN-001,Chennai – Anna Nagar 2nd Avenue,Chennai,South,SKU-DES-007,Classic Tiramisu Cup,Desserts,B,260,85,1,260,0.0,NONE,260.0,175.0,67.31,Debit Card,5,Loyal Customer,1261
TXN-IN-12321,2026-07-27,14,0,CHN-001,Chennai – Anna Nagar 2nd Avenue,Chennai,South,SKU-BAKE-004,Butter Flaky Croissant,Artisanal Bakery,B,180,55,1,180,0.0,NONE,180.0,125.0,69.44,Credit Card,4,Loyal Customer,941
TXN-IN-12322,2026-08-24,10,0,BLR-001,Bengaluru – Indiranagar 100ft,Bengaluru,South,SKU-SNK-006,Smoked Paneer Tikka Sourdough,Gourmet Food,B,310,105,2,620,0.0,NONE,620.0,410.0,66.13,UPI (GooglePay/PhonePe),1,Potential Loyalist,1191
TXN-IN-12323,2026-07-25,8,1,CHN-001,Chennai – Anna Nagar 2nd Avenue,Chennai,South,SKU-SNK-005,Truffle Cheese Mushroom Panini,Gourmet Food,A,340,120,1,340,0.0,NONE,340.0,220.0,64.71,Cash,5,Champion,1254
TXN-IN-12324,2026-08-16,20,1,HYD-001,Hyderabad – Hitec City Cyber Towers,Hyderabad,South,SKU-BAKE-004,Butter Flaky Croissant,Artisanal Bakery,B,180,55,1,180,15.0,CAMPAIGN_CODE_PROMO,153.0,98.0,64.05,Cash,4,Champion,1970
TXN-IN-12325,2026-07-28,9,0,MUM-001,Mumbai – Bandra West Linking Rd,Mumbai,West,SKU-DES-007,Classic Tiramisu Cup,Desserts,B,260,85,1,260,0.0,NONE,260.0,175.0,67.31,UPI (GooglePay/PhonePe),5,Potential Loyalist,1671
TXN-IN-12326,2026-08-18,16,0,DEL-002,Delhi – Cyber Hub Gurugram,Delhi NCR,North,SKU-BEV-003,Nitro Cold Brew Infusion,Specialty Beverages,A,310,90,1,310,0.0,NONE,310.0,220.0,70.97,Cash,2,Champion,1204
TXN-IN-12327,2026-08-23,13,1,DEL-001,Delhi – Connaught Place Inner Circle,Delhi,North,SKU-BEV-003,Nitro Cold Brew Infusion,Specialty Beverages,A,310,90,1,310,0.0,NONE,310.0,220.0,70.97,Cash,5,Potential Loyalist,1945
TXN-IN-12328,2026-07-24,19,0,DEL-002,Delhi – Cyber Hub Gurugram,Delhi NCR,North,SKU-BAKE-004,Butter Flaky Croissant,Artisanal Bakery,B,180,55,1,180,0.0,NONE,180.0,125.0,69.44,Credit Card,5,Hibernating,1146
TXN-IN-12329,2026-08-31,8,0,BLR-017,Bengaluru – JP Nagar (Outlet 17),Bengaluru,South,SKU-BEV-003,Nitro Cold Brew Infusion,Specialty Beverages,A,310,90,3,930,0.0,NONE,930.0,660.0,70.97,Credit Card,3,Loyal Customer,1408
TXN-IN-12330,2026-09-02,10,0,DEL-001,Delhi – Connaught Place Inner Circle,Delhi,North,SKU-BEV-003,Nitro Cold Brew Infusion,Specialty Beverages,A,310,90,3,930,0.0,NONE,930.0,660.0,70.97,Credit Card,5,Potential Loyalist,1579
TXN-IN-12331,2026-07-24,8,0,MUM-001,Mumbai – Bandra West Linking Rd,Mumbai,West,SKU-BAKE-004,Butter Flaky Croissant,Artisanal Bakery,B,180,55,1,180,0.0,NONE,180.0,125.0,69.44,Credit Card,1,Champion,1609
TXN-IN-12332,2026-07-31,17,0,DEL-002,Delhi – Cyber Hub Gurugram,Delhi NCR,North,SKU-BEV-003,Nitro Cold Brew Infusion,Specialty Beverages,A,310,90,3,930,0.0,NONE,930.0,660.0,70.97,UPI (GooglePay/PhonePe),5,Champion,1205
TXN-IN-12333,2026-08-21,13,0,BLR-001,Bengaluru – Indiranagar 100ft,Bengaluru,South,SKU-DES-007,Classic Tiramisu Cup,Desserts,B,260,85,1,260,0.0,NONE,260.0,175.0,67.31,Debit Card,5,Loyal Customer,1083
TXN-IN-12334,2026-08-04,13,0,DEL-002,Delhi – Cyber Hub Gurugram,Delhi NCR,North,SKU-BEV-001,Artisanal Cold Brew (350ml),Specialty Beverages,A,240,65,1,240,0.0,NONE,240.0,175.0,72.92,Credit Card,5,Loyal Customer,1206
TXN-IN-12335,2026-07-22,11,0,HYD-001,Hyderabad – Hitec City Cyber Towers,Hyderabad,South,SKU-SNK-005,Truffle Cheese Mushroom Panini,Gourmet Food,A,340,120,2,680,0.0,NONE,680.0,440.0,64.71,UPI (GooglePay/PhonePe),4,At Risk,1431
TXN-IN-12336,2026-08-12,15,0,CHN-001,Chennai – Anna Nagar 2nd Avenue,Chennai,South,SKU-BEV-003,Nitro Cold Brew Infusion,Specialty Beverages,A,310,90,1,310,0.0,NONE,310.0,220.0,70.97,UPI (GooglePay/PhonePe),4,Loyal Customer,880
TXN-IN-12337,2026-07-20,12,0,BLR-001,Bengaluru – Indiranagar 100ft,Bengaluru,South,SKU-BAKE-004,Butter Flaky Croissant,Artisanal Bakery,B,180,55,2,360,0.0,NONE,360.0,250.0,69.44,Credit Card,4,Potential Loyalist,1173
TXN-IN-12338,2026-08-05,16,0,DEL-002,Delhi – Cyber Hub Gurugram,Delhi NCR,North,SKU-BEV-002,Monsoon Cinnamon Latte,Specialty Beverages,A,280,80,1,280,0.0,NONE,280.0,200.0,71.43,Debit Card,4,Champion,1153
TXN-IN-12339,2026-08-02,18,1,HYD-001,Hyderabad – Hitec City Cyber Towers,Hyderabad,South,SKU-SNK-005,Truffle Cheese Mushroom Panini,Gourmet Food,A,340,120,2,680,15.0,CAMPAIGN_CODE_PROMO,578.0,338.0,58.48,Cash,5,Loyal Customer,1954
TXN-IN-12340,2026-08-09,18,1,DEL-001,Delhi – Connaught Place Inner Circle,Delhi,North,SKU-BEV-001,Artisanal Cold Brew (350ml),Specialty Beverages,A,240,65,3,720,0.0,NONE,720.0,525.0,72.92,UPI (GooglePay/PhonePe),5,Loyal Customer,2056
TXN-IN-12341,2026-08-07,12,0,MUM-001,Mumbai – Bandra West Linking Rd,Mumbai,West,SKU-BEV-003,Nitro Cold Brew Infusion,Specialty Beverages,A,310,90,1,310,0.0,NONE,310.0,220.0,70.97,Debit Card,5,Champion,1753
TXN-IN-12342,2026-08-24,21,0,CHN-001,Chennai – Anna Nagar 2nd Avenue,Chennai,South,SKU-BEV-002,Monsoon Cinnamon Latte,Specialty Beverages,A,280,80,2,560,0.0,NONE,560.0,400.0,71.43,Credit Card,5,Loyal Customer,904
TXN-IN-12343,2026-07-21,16,0,BLR-001,Bengaluru – Indiranagar 100ft,Bengaluru,South,SKU-BEV-002,Monsoon Cinnamon Latte,Specialty Beverages,A,280,80,1,280,0.0,NONE,280.0,200.0,71.43,UPI (GooglePay/PhonePe),5,Champion,1221
TXN-IN-12344,2026-08-22,20,1,MUM-002,Mumbai – Lower Parel High Street,Mumbai,West,SKU-PKG-008,Eco-Kraft Branded Cup (Carton),Packaging,C,950,620,1,950,0.0,NONE,950.0,330.0,34.74,UPI (GooglePay/PhonePe),5,Potential Loyalist,1434
TXN-IN-12345,2026-08-21,19,0,HYD-001,Hyderabad – Hitec City Cyber Towers,Hyderabad,South,SKU-BEV-002,Monsoon Cinnamon Latte,Specialty Beverages,A,280,80,2,560,0.0,NONE,560.0,400.0,71.43,UPI (GooglePay/PhonePe),5,Loyal Customer,1449
TXN-IN-12346,2026-08-30,17,1,HYD-001,Hyderabad – Hitec City Cyber Towers,Hyderabad,South,SKU-BEV-001,Artisanal Cold Brew (350ml),Specialty Beverages,A,240,65,1,240,0.0,NONE,240.0,175.0,72.92,UPI (GooglePay/PhonePe),5,Champion,1974
TXN-IN-12347,2026-07-24,14,0,MUM-001,Mumbai – Bandra West Linking Rd,Mumbai,West,SKU-SNK-005,Truffle Cheese Mushroom Panini,Gourmet Food,A,340,120,2,680,0.0,NONE,680.0,440.0,64.71,Cash,5,Hibernating,1639
TXN-IN-12348,2026-08-14,19,0,BLR-001,Bengaluru – Indiranagar 100ft,Bengaluru,South,SKU-SNK-006,Smoked Paneer Tikka Sourdough,Gourmet Food,B,310,105,1,310,0.0,NONE,310.0,205.0,66.13,Cash,4,Loyal Customer,1243
TXN-IN-12349,2026-08-23,20,1,MUM-001,Mumbai – Bandra West Linking Rd,Mumbai,West,SKU-BEV-001,Artisanal Cold Brew (350ml),Specialty Beverages,A,240,65,3,720,0.0,NONE,720.0,525.0,72.92,UPI (GooglePay/PhonePe),5,Champion,2286
TXN-IN-12350,2026-07-23,15,0,BLR-002,Bengaluru – Koramangala 5th Block,Bengaluru,South,SKU-DES-007,Classic Tiramisu Cup,Desserts,B,260,85,1,260,10.0,CAMPAIGN_CODE_PROMO,234.0,149.0,63.68,Credit Card,5,Loyal Customer,1315
TXN-IN-12351,2026-09-01,14,0,CHN-001,Chennai – Anna Nagar 2nd Avenue,Chennai,South,SKU-DES-007,Classic Tiramisu Cup,Desserts,B,260,85,4,1040,0.0,NONE,1040.0,700.0,67.31,Cash,2,Loyal Customer,1032
TXN-IN-12352,2026-08-11,21,0,HYD-001,Hyderabad – Hitec City Cyber Towers,Hyderabad,South,SKU-SNK-006,Smoked Paneer Tikka Sourdough,Gourmet Food,B,310,105,1,310,0.0,NONE,310.0,205.0,66.13,Debit Card,5,Champion,1408
TXN-IN-12353,2026-08-22,20,1,HYD-001,Hyderabad – Hitec City Cyber Towers,Hyderabad,South,SKU-SNK-006,Smoked Paneer Tikka Sourdough,Gourmet Food,B,310,105,1,310,0.0,NONE,310.0,205.0,66.13,UPI (GooglePay/PhonePe),5,Champion,1814
TXN-IN-12354,2026-08-15,11,1,DEL-002,Delhi – Cyber Hub Gurugram,Delhi NCR,North,SKU-SNK-006,Smoked Paneer Tikka Sourdough,Gourmet Food,B,310,105,1,310,0.0,NONE,310.0,205.0,66.13,Credit Card,3,Loyal Customer,1602
TXN-IN-12355,2026-08-21,19,0,HYD-001,Hyderabad – Hitec City Cyber Towers,Hyderabad,South,SKU-SNK-005,Truffle Cheese Mushroom Panini,Gourmet Food,A,340,120,1,340,0.0,NONE,340.0,220.0,64.71,UPI (GooglePay/PhonePe),5,At Risk,1419
TXN-IN-12356,2026-07-21,20,0,CHN-001,Chennai – Anna Nagar 2nd Avenue,Chennai,South,SKU-BAKE-004,Butter Flaky Croissant,Artisanal Bakery,B,180,55,2,360,0.0,NONE,360.0,250.0,69.44,UPI (GooglePay/PhonePe),5,Hibernating,944
TXN-IN-12357,2026-08-01,13,1,BLR-001,Bengaluru – Indiranagar 100ft,Bengaluru,South,SKU-SNK-005,Truffle Cheese Mushroom Panini,Gourmet Food,A,340,120,2,680,0.0,NONE,680.0,440.0,64.71,Cash,4,Champion,1483
TXN-IN-12358,2026-09-02,19,0,DEL-001,Delhi – Connaught Place Inner Circle,Delhi,North,SKU-BEV-001,Artisanal Cold Brew (350ml),Specialty Beverages,A,240,65,1,240,0.0,NONE,240.0,175.0,72.92,Cash,4,Loyal Customer,1437
TXN-IN-12359,2026-08-02,15,1,MUM-002,Mumbai – Lower Parel High Street,Mumbai,West,SKU-BEV-001,Artisanal Cold Brew (350ml),Specialty Beverages,A,240,65,2,480,15.0,CAMPAIGN_CODE_PROMO,408.0,278.0,68.14,Debit Card,5,At Risk,1390
TXN-IN-12360,2026-08-20,12,0,BLR-002,Bengaluru – Koramangala 5th Block,Bengaluru,South,SKU-SNK-005,Truffle Cheese Mushroom Panini,Gourmet Food,A,340,120,1,340,0.0,NONE,340.0,220.0,64.71,UPI (GooglePay/PhonePe),5,Potential Loyalist,1334
TXN-IN-12361,2026-07-20,16,0,MUM-002,Mumbai – Lower Parel High Street,Mumbai,West,SKU-SNK-006,Smoked Paneer Tikka Sourdough,Gourmet Food,B,310,105,3,930,0.0,NONE,930.0,615.0,66.13,Debit Card,4,Loyal Customer,1030
TXN-IN-12362,2026-07-20,21,0,DEL-001,Delhi – Connaught Place Inner Circle,Delhi,North,SKU-PKG-008,Eco-Kraft Branded Cup (Carton),Packaging,C,950,620,2,1900,0.0,NONE,1900.0,660.0,34.74,UPI (GooglePay/PhonePe),3,Loyal Customer,1580
TXN-IN-12363,2026-08-24,15,0,BLR-001,Bengaluru – Indiranagar 100ft,Bengaluru,South,SKU-BEV-003,Nitro Cold Brew Infusion,Specialty Beverages,A,310,90,2,620,0.0,NONE,620.0,440.0,70.97,Cash,5,Champion,1081
TXN-IN-12364,2026-08-03,18,0,BLR-017,Bengaluru – JP Nagar (Outlet 17),Bengaluru,South,SKU-SNK-006,Smoked Paneer Tikka Sourdough,Gourmet Food,B,310,105,3,930,0.0,NONE,930.0,615.0,66.13,Credit Card,4,At Risk,1459
TXN-IN-12365,2026-08-01,11,1,MUM-002,Mumbai – Lower Parel High Street,Mumbai,West,SKU-BEV-003,Nitro Cold Brew Infusion,Specialty Beverages,A,310,90,1,310,0.0,NONE,310.0,220.0,70.97,Debit Card,5,Loyal Customer,1360
TXN-IN-12366,2026-08-12,10,0,DEL-001,Delhi – Connaught Place Inner Circle,Delhi,North,SKU-BEV-002,Monsoon Cinnamon Latte,Specialty Beverages,A,280,80,2,560,0.0,NONE,560.0,400.0,71.43,Credit Card,1,Potential Loyalist,1604
TXN-IN-12367,2026-07-30,19,0,MUM-001,Mumbai – Bandra West Linking Rd,Mumbai,West,SKU-BEV-001,Artisanal Cold Brew (350ml),Specialty Beverages,A,240,65,1,240,15.0,CAMPAIGN_CODE_PROMO,204.0,139.0,68.14,Credit Card,4,Loyal Customer,1671
TXN-IN-12368,2026-09-02,15,0,CHN-001,Chennai – Anna Nagar 2nd Avenue,Chennai,South,SKU-SNK-005,Truffle Cheese Mushroom Panini,Gourmet Food,A,340,120,1,340,0.0,NONE,340.0,220.0,64.71,UPI (GooglePay/PhonePe),5,At Risk,847
TXN-IN-12369,2026-08-30,19,1,DEL-001,Delhi – Connaught Place Inner Circle,Delhi,North,SKU-DES-007,Classic Tiramisu Cup,Desserts,B,260,85,2,520,0.0,NONE,520.0,350.0,67.31,Debit Card,4,Loyal Customer,2077
TXN-IN-12370,2026-08-02,8,1,BLR-017,Bengaluru – JP Nagar (Outlet 17),Bengaluru,South,SKU-PKG-008,Eco-Kraft Branded Cup (Carton),Packaging,C,950,620,1,950,25.0,OVERRIDE_MGR_01,712.5,92.5,12.98,Cash,1,At Risk,1859
TXN-IN-12371,2026-08-12,17,0,BLR-017,Bengaluru – JP Nagar (Outlet 17),Bengaluru,South,SKU-BEV-002,Monsoon Cinnamon Latte,Specialty Beverages,A,280,80,1,280,25.0,OVERRIDE_MGR_01,210.0,130.0,61.9,UPI (GooglePay/PhonePe),2,At Risk,1484
TXN-IN-12372,2026-08-08,21,1,DEL-002,Delhi – Cyber Hub Gurugram,Delhi NCR,North,SKU-BEV-001,Artisanal Cold Brew (350ml),Specialty Beverages,A,240,65,3,720,0.0,NONE,720.0,525.0,72.92,Debit Card,4,Champion,1526
TXN-IN-12373,2026-07-27,20,0,HYD-001,Hyderabad – Hitec City Cyber Towers,Hyderabad,South,SKU-BEV-001,Artisanal Cold Brew (350ml),Specialty Beverages,A,240,65,4,960,0.0,NONE,960.0,700.0,72.92,Cash,5,Potential Loyalist,1505
TXN-IN-12374,2026-08-16,19,1,DEL-001,Delhi – Connaught Place Inner Circle,Delhi,North,SKU-SNK-005,Truffle Cheese Mushroom Panini,Gourmet Food,A,340,120,3,1020,0.0,NONE,1020.0,660.0,64.71,Debit Card,5,At Risk,2016
TXN-IN-12375,2026-08-18,10,0,HYD-001,Hyderabad – Hitec City Cyber Towers,Hyderabad,South,SKU-SNK-006,Smoked Paneer Tikka Sourdough,Gourmet Food,B,310,105,2,620,0.0,NONE,620.0,410.0,66.13,Debit Card,5,Loyal Customer,1461
TXN-IN-12376,2026-08-22,19,1,BLR-017,Bengaluru – JP Nagar (Outlet 17),Bengaluru,South,SKU-BEV-001,Artisanal Cold Brew (350ml),Specialty Beverages,A,240,65,2,480,15.0,CAMPAIGN_CODE_PROMO,408.0,278.0,68.14,UPI (GooglePay/PhonePe),5,Potential Loyalist,1979
TXN-IN-12377,2026-08-26,18,0,MUM-002,Mumbai – Lower Parel High Street,Mumbai,West,SKU-SNK-006,Smoked Paneer Tikka Sourdough,Gourmet Food,B,310,105,1,310,0.0,NONE,310.0,205.0,66.13,Debit Card,5,At Risk,953
TXN-IN-12378,2026-08-21,17,0,MUM-002,Mumbai – Lower Parel High Street,Mumbai,West,SKU-PKG-008,Eco-Kraft Branded Cup (Carton),Packaging,C,950,620,1,950,0.0,NONE,950.0,330.0,34.74,UPI (GooglePay/PhonePe),4,Loyal Customer,938
TXN-IN-12379,2026-08-04,21,0,DEL-002,Delhi – Cyber Hub Gurugram,Delhi NCR,North,SKU-BEV-002,Monsoon Cinnamon Latte,Specialty Beverages,A,280,80,1,280,0.0,NONE,280.0,200.0,71.43,Cash,5,At Risk,1208
TXN-IN-12380,2026-07-25,17,1,CHN-001,Chennai – Anna Nagar 2nd Avenue,Chennai,South,SKU-BEV-002,Monsoon Cinnamon Latte,Specialty Beverages,A,280,80,1,280,0.0,NONE,280.0,200.0,71.43,Cash,4,At Risk,1362
TXN-IN-12381,2026-07-26,9,1,CHN-001,Chennai – Anna Nagar 2nd Avenue,Chennai,South,SKU-BEV-003,Nitro Cold Brew Infusion,Specialty Beverages,A,310,90,2,620,0.0,NONE,620.0,440.0,70.97,UPI (GooglePay/PhonePe),3,Loyal Customer,1356
TXN-IN-12382,2026-08-27,18,0,BLR-001,Bengaluru – Indiranagar 100ft,Bengaluru,South,SKU-BEV-002,Monsoon Cinnamon Latte,Specialty Beverages,A,280,80,1,280,0.0,NONE,280.0,200.0,71.43,UPI (GooglePay/PhonePe),5,Champion,1211
TXN-IN-12383,2026-08-27,19,0,MUM-001,Mumbai – Bandra West Linking Rd,Mumbai,West,SKU-BAKE-004,Butter Flaky Croissant,Artisanal Bakery,B,180,55,1,180,0.0,NONE,180.0,125.0,69.44,Debit Card,4,Potential Loyalist,1686
TXN-IN-12384,2026-07-22,17,0,MUM-001,Mumbai – Bandra West Linking Rd,Mumbai,West,SKU-SNK-006,Smoked Paneer Tikka Sourdough,Gourmet Food,B,310,105,1,310,0.0,NONE,310.0,205.0,66.13,Cash,5,Loyal Customer,1756
TXN-IN-12385,2026-08-03,16,0,MUM-001,Mumbai – Bandra West Linking Rd,Mumbai,West,SKU-SNK-006,Smoked Paneer Tikka Sourdough,Gourmet Food,B,310,105,1,310,0.0,NONE,310.0,205.0,66.13,Debit Card,5,Champion,1613
TXN-IN-12386,2026-08-31,14,0,MUM-001,Mumbai – Bandra West Linking Rd,Mumbai,West,SKU-BEV-002,Monsoon Cinnamon Latte,Specialty Beverages,A,280,80,1,280,10.0,CAMPAIGN_CODE_PROMO,252.0,172.0,68.25,Debit Card,4,Champion,1602
TXN-IN-12387,2026-08-30,18,1,BLR-017,Bengaluru – JP Nagar (Outlet 17),Bengaluru,South,SKU-PKG-008,Eco-Kraft Branded Cup (Carton),Packaging,C,950,620,2,1900,0.0,NONE,1900.0,660.0,34.74,Credit Card,5,Loyal Customer,1967
TXN-IN-12388,2026-08-23,13,1,MUM-001,Mumbai – Bandra West Linking Rd,Mumbai,West,SKU-BEV-002,Monsoon Cinnamon Latte,Specialty Beverages,A,280,80,4,1120,0.0,NONE,1120.0,800.0,71.43,Debit Card,2,Potential Loyalist,2326
TXN-IN-12389,2026-07-26,19,1,BLR-002,Bengaluru – Koramangala 5th Block,Bengaluru,South,SKU-BAKE-004,Butter Flaky Croissant,Artisanal Bakery,B,180,55,4,720,0.0,NONE,720.0,500.0,69.44,UPI (GooglePay/PhonePe),5,Hibernating,1677
TXN-IN-12390,2026-08-09,18,1,DEL-002,Delhi – Cyber Hub Gurugram,Delhi NCR,North,SKU-BEV-002,Monsoon Cinnamon Latte,Specialty Beverages,A,280,80,2,560,0.0,NONE,560.0,400.0,71.43,Debit Card,4,Loyal Customer,1441
TXN-IN-12391,2026-08-03,17,0,MUM-002,Mumbai – Lower Parel High Street,Mumbai,West,SKU-SNK-005,Truffle Cheese Mushroom Panini,Gourmet Food,A,340,120,1,340,0.0,NONE,340.0,220.0,64.71,Debit Card,5,Loyal Customer,1094
TXN-IN-12392,2026-08-03,20,0,DEL-002,Delhi – Cyber Hub Gurugram,Delhi NCR,North,SKU-DES-007,Classic Tiramisu Cup,Desserts,B,260,85,4,1040,5.0,CAMPAIGN_CODE_PROMO,988.0,648.0,65.59,UPI (GooglePay/PhonePe),4,Loyal Customer,1214
TXN-IN-12393,2026-08-20,14,0,CHN-001,Chennai – Anna Nagar 2nd Avenue,Chennai,South,SKU-BAKE-004,Butter Flaky Croissant,Artisanal Bakery,B,180,55,3,540,0.0,NONE,540.0,375.0,69.44,Credit Card,5,At Risk,993
TXN-IN-12394,2026-09-03,17,0,BLR-002,Bengaluru – Koramangala 5th Block,Bengaluru,South,SKU-PKG-008,Eco-Kraft Branded Cup (Carton),Packaging,C,950,620,1,950,0.0,NONE,950.0,330.0,34.74,UPI (GooglePay/PhonePe),4,Champion,1222
TXN-IN-12395,2026-08-10,18,0,CHN-001,Chennai – Anna Nagar 2nd Avenue,Chennai,South,SKU-SNK-006,Smoked Paneer Tikka Sourdough,Gourmet Food,B,310,105,3,930,0.0,NONE,930.0,615.0,66.13,UPI (GooglePay/PhonePe),5,Loyal Customer,936
TXN-IN-12396,2026-08-12,13,0,BLR-017,Bengaluru – JP Nagar (Outlet 17),Bengaluru,South,SKU-SNK-006,Smoked Paneer Tikka Sourdough,Gourmet Food,B,310,105,2,620,25.0,OVERRIDE_MGR_01,465.0,255.0,54.84,Debit Card,5,Loyal Customer,1393
TXN-IN-12397,2026-08-08,19,1,MUM-002,Mumbai – Lower Parel High Street,Mumbai,West,SKU-DES-007,Classic Tiramisu Cup,Desserts,B,260,85,2,520,0.0,NONE,520.0,350.0,67.31,UPI (GooglePay/PhonePe),5,Potential Loyalist,1334
TXN-IN-12398,2026-08-23,16,1,MUM-002,Mumbai – Lower Parel High Street,Mumbai,West,SKU-BEV-002,Monsoon Cinnamon Latte,Specialty Beverages,A,280,80,3,840,0.0,NONE,840.0,600.0,71.43,Cash,5,Champion,1243
TXN-IN-12399,2026-08-10,10,0,BLR-001,Bengaluru – Indiranagar 100ft,Bengaluru,South,SKU-BEV-003,Nitro Cold Brew Infusion,Specialty Beverages,A,310,90,3,930,0.0,NONE,930.0,660.0,70.97,Debit Card,5,Champion,1143
TXN-IN-12400,2026-07-26,18,1,MUM-001,Mumbai – Bandra West Linking Rd,Mumbai,West,SKU-SNK-005,Truffle Cheese Mushroom Panini,Gourmet Food,A,340,120,2,680,0.0,NONE,680.0,440.0,64.71,UPI (GooglePay/PhonePe),4,Loyal Customer,2290
TXN-IN-12401,2026-08-02,19,1,HYD-001,Hyderabad – Hitec City Cyber Towers,Hyderabad,South,SKU-PKG-008,Eco-Kraft Branded Cup (Carton),Packaging,C,950,620,1,950,15.0,CAMPAIGN_CODE_PROMO,807.5,187.5,23.22,UPI (GooglePay/PhonePe),5,Loyal Customer,1959
TXN-IN-12402,2026-08-04,15,0,MUM-001,Mumbai – Bandra West Linking Rd,Mumbai,West,SKU-BEV-001,Artisanal Cold Brew (350ml),Specialty Beverages,A,240,65,2,480,0.0,NONE,480.0,350.0,72.92,Credit Card,2,Potential Loyalist,1717
TXN-IN-12403,2026-08-30,20,1,DEL-002,Delhi – Cyber Hub Gurugram,Delhi NCR,North,SKU-BEV-003,Nitro Cold Brew Infusion,Specialty Beverages,A,310,90,1,310,0.0,NONE,310.0,220.0,70.97,Debit Card,5,Loyal Customer,1501
TXN-IN-12404,2026-08-15,8,1,DEL-002,Delhi – Cyber Hub Gurugram,Delhi NCR,North,SKU-DES-007,Classic Tiramisu Cup,Desserts,B,260,85,4,1040,0.0,NONE,1040.0,700.0,67.31,Debit Card,3,Loyal Customer,1413
TXN-IN-12405,2026-07-28,22,0,BLR-002,Bengaluru – Koramangala 5th Block,Bengaluru,South,SKU-BEV-003,Nitro Cold Brew Infusion,Specialty Beverages,A,310,90,2,620,0.0,NONE,620.0,440.0,70.97,Cash,5,Champion,1253
TXN-IN-12406,2026-08-17,16,0,DEL-002,Delhi – Cyber Hub Gurugram,Delhi NCR,North,SKU-BAKE-004,Butter Flaky Croissant,Artisanal Bakery,B,180,55,3,540,0.0,NONE,540.0,375.0,69.44,UPI (GooglePay/PhonePe),5,At Risk,1177
TXN-IN-12407,2026-07-24,13,0,DEL-001,Delhi – Connaught Place Inner Circle,Delhi,North,SKU-BEV-003,Nitro Cold Brew Infusion,Specialty Beverages,A,310,90,2,620,0.0,NONE,620.0,440.0,70.97,Credit Card,5,Potential Loyalist,1474
TXN-IN-12408,2026-08-04,20,0,DEL-001,Delhi – Connaught Place Inner Circle,Delhi,North,SKU-BEV-002,Monsoon Cinnamon Latte,Specialty Beverages,A,280,80,1,280,0.0,NONE,280.0,200.0,71.43,Debit Card,3,Champion,1516
TXN-IN-12409,2026-07-23,19,0,BLR-017,Bengaluru – JP Nagar (Outlet 17),Bengaluru,South,SKU-DES-007,Classic Tiramisu Cup,Desserts,B,260,85,1,260,25.0,OVERRIDE_MGR_01,195.0,110.0,56.41,UPI (GooglePay/PhonePe),2,Loyal Customer,1504
TXN-IN-12410,2026-08-13,12,0,DEL-001,Delhi – Connaught Place Inner Circle,Delhi,North,SKU-SNK-006,Smoked Paneer Tikka Sourdough,Gourmet Food,B,310,105,2,620,0.0,NONE,620.0,410.0,66.13,Debit Card,5,At Risk,1443
TXN-IN-12411,2026-08-08,20,1,BLR-001,Bengaluru – Indiranagar 100ft,Bengaluru,South,SKU-BEV-001,Artisanal Cold Brew (350ml),Specialty Beverages,A,240,65,1,240,0.0,NONE,240.0,175.0,72.92,Cash,5,Hibernating,1662
TXN-IN-12412,2026-08-10,22,0,DEL-001,Delhi – Connaught Place Inner Circle,Delhi,North,SKU-BEV-002,Monsoon Cinnamon Latte,Specialty Beverages,A,280,80,2,560,0.0,NONE,560.0,400.0,71.43,Credit Card,4,Hibernating,1485
TXN-IN-12413,2026-08-24,17,0,DEL-002,Delhi – Cyber Hub Gurugram,Delhi NCR,North,SKU-PKG-008,Eco-Kraft Branded Cup (Carton),Packaging,C,950,620,1,950,0.0,NONE,950.0,330.0,34.74,Cash,5,Loyal Customer,1081
TXN-IN-12414,2026-08-03,13,0,BLR-017,Bengaluru – JP Nagar (Outlet 17),Bengaluru,South,SKU-SNK-005,Truffle Cheese Mushroom Panini,Gourmet Food,A,340,120,3,1020,0.0,NONE,1020.0,660.0,64.71,Credit Card,4,Loyal Customer,1390
TXN-IN-12415,2026-07-29,19,0,DEL-001,Delhi – Connaught Place Inner Circle,Delhi,North,SKU-BEV-002,Monsoon Cinnamon Latte,Specialty Beverages,A,280,80,1,280,0.0,NONE,280.0,200.0,71.43,Cash,5,Loyal Customer,1501
TXN-IN-12416,2026-08-02,8,1,BLR-017,Bengaluru – JP Nagar (Outlet 17),Bengaluru,South,SKU-BEV-003,Nitro Cold Brew Infusion,Specialty Beverages,A,310,90,3,930,25.0,OVERRIDE_MGR_01,697.5,427.5,61.29,Credit Card,4,Potential Loyalist,1945
TXN-IN-12417,2026-07-26,17,1,CHN-001,Chennai – Anna Nagar 2nd Avenue,Chennai,South,SKU-BAKE-004,Butter Flaky Croissant,Artisanal Bakery,B,180,55,1,180,0.0,NONE,180.0,125.0,69.44,UPI (GooglePay/PhonePe),5,Potential Loyalist,1299
TXN-IN-12418,2026-08-19,18,0,MUM-001,Mumbai – Bandra West Linking Rd,Mumbai,West,SKU-BEV-002,Monsoon Cinnamon Latte,Specialty Beverages,A,280,80,1,280,0.0,NONE,280.0,200.0,71.43,UPI (GooglePay/PhonePe),5,Loyal Customer,1706
TXN-IN-12419,2026-08-15,8,1,BLR-002,Bengaluru – Koramangala 5th Block,Bengaluru,South,SKU-BEV-002,Monsoon Cinnamon Latte,Specialty Beverages,A,280,80,3,840,0.0,NONE,840.0,600.0,71.43,UPI (GooglePay/PhonePe),5,Champion,1805
TXN-IN-12420,2026-08-31,11,0,DEL-002,Delhi – Cyber Hub Gurugram,Delhi NCR,North,SKU-SNK-006,Smoked Paneer Tikka Sourdough,Gourmet Food,B,310,105,1,310,0.0,NONE,310.0,205.0,66.13,UPI (GooglePay/PhonePe),5,Loyal Customer,1020
TXN-IN-12421,2026-07-29,20,0,DEL-002,Delhi – Cyber Hub Gurugram,Delhi NCR,North,SKU-BAKE-004,Butter Flaky Croissant,Artisanal Bakery,B,180,55,1,180,10.0,CAMPAIGN_CODE_PROMO,162.0,107.0,66.05,UPI (GooglePay/PhonePe),4,Champion,1123
TXN-IN-12422,2026-07-22,12,0,BLR-001,Bengaluru – Indiranagar 100ft,Bengaluru,South,SKU-BEV-003,Nitro Cold Brew Infusion,Specialty Beverages,A,310,90,1,310,0.0,NONE,310.0,220.0,70.97,Credit Card,1,Potential Loyalist,1155
TXN-IN-12423,2026-09-02,11,0,BLR-001,Bengaluru – Indiranagar 100ft,Bengaluru,South,SKU-SNK-006,Smoked Paneer Tikka Sourdough,Gourmet Food,B,310,105,3,930,0.0,NONE,930.0,615.0,66.13,UPI (GooglePay/PhonePe),5,Potential Loyalist,1076
TXN-IN-12424,2026-08-14,13,0,DEL-002,Delhi – Cyber Hub Gurugram,Delhi NCR,North,SKU-PKG-008,Eco-Kraft Branded Cup (Carton),Packaging,C,950,620,1,950,0.0,NONE,950.0,330.0,34.74,Cash,5,Champion,1122
TXN-IN-12425,2026-08-16,17,1,MUM-001,Mumbai – Bandra West Linking Rd,Mumbai,West,SKU-BAKE-004,Butter Flaky Croissant,Artisanal Bakery,B,180,55,2,360,5.0,CAMPAIGN_CODE_PROMO,342.0,232.0,67.84,Credit Card,5,Hibernating,2206
TXN-IN-12426,2026-08-26,9,0,BLR-002,Bengaluru – Koramangala 5th Block,Bengaluru,South,SKU-BEV-003,Nitro Cold Brew Infusion,Specialty Beverages,A,310,90,2,620,0.0,NONE,620.0,440.0,70.97,UPI (GooglePay/PhonePe),5,Potential Loyalist,1357
TXN-IN-12427,2026-07-22,13,0,BLR-017,Bengaluru – JP Nagar (Outlet 17),Bengaluru,South,SKU-BEV-002,Monsoon Cinnamon Latte,Specialty Beverages,A,280,80,2,560,25.0,OVERRIDE_MGR_01,420.0,260.0,61.9,UPI (GooglePay/PhonePe),5,Potential Loyalist,1433
TXN-IN-12428,2026-07-31,11,0,CHN-001,Chennai – Anna Nagar 2nd Avenue,Chennai,South,SKU-DES-007,Classic Tiramisu Cup,Desserts,B,260,85,4,1040,0.0,NONE,1040.0,700.0,67.31,UPI (GooglePay/PhonePe),4,Loyal Customer,945
TXN-IN-12429,2026-09-01,13,0,MUM-002,Mumbai – Lower Parel High Street,Mumbai,West,SKU-SNK-006,Smoked Paneer Tikka Sourdough,Gourmet Food,B,310,105,1,310,0.0,NONE,310.0,205.0,66.13,Credit Card,4,Loyal Customer,1013
TXN-IN-12430,2026-08-16,17,1,BLR-001,Bengaluru – Indiranagar 100ft,Bengaluru,South,SKU-BEV-003,Nitro Cold Brew Infusion,Specialty Beverages,A,310,90,1,310,0.0,NONE,310.0,220.0,70.97,Credit Card,5,Champion,1621
TXN-IN-12431,2026-08-11,18,0,MUM-001,Mumbai – Bandra West Linking Rd,Mumbai,West,SKU-DES-007,Classic Tiramisu Cup,Desserts,B,260,85,2,520,0.0,NONE,520.0,350.0,67.31,UPI (GooglePay/PhonePe),5,Loyal Customer,1733
TXN-IN-12432,2026-08-29,20,1,DEL-001,Delhi – Connaught Place Inner Circle,Delhi,North,SKU-BEV-003,Nitro Cold Brew Infusion,Specialty Beverages,A,310,90,2,620,0.0,NONE,620.0,440.0,70.97,UPI (GooglePay/PhonePe),5,Champion,2043
TXN-IN-12433,2026-08-14,10,0,DEL-001,Delhi – Connaught Place Inner Circle,Delhi,North,SKU-SNK-006,Smoked Paneer Tikka Sourdough,Gourmet Food,B,310,105,2,620,0.0,NONE,620.0,410.0,66.13,Debit Card,2,Loyal Customer,1483
TXN-IN-12434,2026-08-29,15,1,CHN-001,Chennai – Anna Nagar 2nd Avenue,Chennai,South,SKU-BEV-001,Artisanal Cold Brew (350ml),Specialty Beverages,A,240,65,2,480,0.0,NONE,480.0,350.0,72.92,Credit Card,5,Hibernating,1218
TXN-IN-12435,2026-08-04,20,0,DEL-002,Delhi – Cyber Hub Gurugram,Delhi NCR,North,SKU-SNK-006,Smoked Paneer Tikka Sourdough,Gourmet Food,B,310,105,1,310,0.0,NONE,310.0,205.0,66.13,Credit Card,3,Loyal Customer,1204
TXN-IN-12436,2026-08-09,18,1,MUM-001,Mumbai – Bandra West Linking Rd,Mumbai,West,SKU-SNK-006,Smoked Paneer Tikka Sourdough,Gourmet Food,B,310,105,1,310,0.0,NONE,310.0,205.0,66.13,Debit Card,5,Potential Loyalist,2343
TXN-IN-12437,2026-08-25,12,0,CHN-001,Chennai – Anna Nagar 2nd Avenue,Chennai,South,SKU-SNK-006,Smoked Paneer Tikka Sourdough,Gourmet Food,B,310,105,2,620,0.0,NONE,620.0,410.0,66.13,Debit Card,5,Loyal Customer,916
TXN-IN-12438,2026-07-26,18,1,DEL-001,Delhi – Connaught Place Inner Circle,Delhi,North,SKU-PKG-008,Eco-Kraft Branded Cup (Carton),Packaging,C,950,620,1,950,0.0,NONE,950.0,330.0,34.74,Debit Card,2,Potential Loyalist,2085
TXN-IN-12439,2026-08-03,18,0,DEL-001,Delhi – Connaught Place Inner Circle,Delhi,North,SKU-SNK-005,Truffle Cheese Mushroom Panini,Gourmet Food,A,340,120,1,340,0.0,NONE,340.0,220.0,64.71,Credit Card,5,Loyal Customer,1591
TXN-IN-12440,2026-08-25,15,0,BLR-001,Bengaluru – Indiranagar 100ft,Bengaluru,South,SKU-DES-007,Classic Tiramisu Cup,Desserts,B,260,85,2,520,0.0,NONE,520.0,350.0,67.31,Credit Card,5,Loyal Customer,1130
TXN-IN-12441,2026-08-28,14,0,CHN-001,Chennai – Anna Nagar 2nd Avenue,Chennai,South,SKU-BEV-002,Monsoon Cinnamon Latte,Specialty Beverages,A,280,80,1,280,0.0,NONE,280.0,200.0,71.43,Cash,5,Loyal Customer,1040
TXN-IN-12442,2026-08-21,13,0,MUM-001,Mumbai – Bandra West Linking Rd,Mumbai,West,SKU-PKG-008,Eco-Kraft Branded Cup (Carton),Packaging,C,950,620,1,950,0.0,NONE,950.0,330.0,34.74,UPI (GooglePay/PhonePe),5,Loyal Customer,1690
TXN-IN-12443,2026-09-02,13,0,BLR-002,Bengaluru – Koramangala 5th Block,Bengaluru,South,SKU-BEV-001,Artisanal Cold Brew (350ml),Specialty Beverages,A,240,65,3,720,0.0,NONE,720.0,525.0,72.92,Debit Card,2,At Risk,1204
TXN-IN-12444,2026-08-24,18,0,BLR-002,Bengaluru – Koramangala 5th Block,Bengaluru,South,SKU-DES-007,Classic Tiramisu Cup,Desserts,B,260,85,2,520,5.0,CAMPAIGN_CODE_PROMO,494.0,324.0,65.59,Credit Card,5,Champion,1396
TXN-IN-12445,2026-08-08,18,1,HYD-001,Hyderabad – Hitec City Cyber Towers,Hyderabad,South,SKU-DES-007,Classic Tiramisu Cup,Desserts,B,260,85,1,260,0.0,NONE,260.0,175.0,67.31,Cash,1,Potential Loyalist,1895
TXN-IN-12446,2026-09-02,12,0,MUM-002,Mumbai – Lower Parel High Street,Mumbai,West,SKU-SNK-006,Smoked Paneer Tikka Sourdough,Gourmet Food,B,310,105,2,620,0.0,NONE,620.0,410.0,66.13,Cash,5,Champion,1049
TXN-IN-12447,2026-08-26,20,0,MUM-002,Mumbai – Lower Parel High Street,Mumbai,West,SKU-BEV-001,Artisanal Cold Brew (350ml),Specialty Beverages,A,240,65,1,240,0.0,NONE,240.0,175.0,72.92,UPI (GooglePay/PhonePe),1,Champion,1064
TXN-IN-12448,2026-08-15,10,1,DEL-002,Delhi – Cyber Hub Gurugram,Delhi NCR,North,SKU-SNK-005,Truffle Cheese Mushroom Panini,Gourmet Food,A,340,120,2,680,0.0,NONE,680.0,440.0,64.71,UPI (GooglePay/PhonePe),5,At Risk,1462
TXN-IN-12449,2026-08-02,9,1,DEL-001,Delhi – Connaught Place Inner Circle,Delhi,North,SKU-BAKE-004,Butter Flaky Croissant,Artisanal Bakery,B,180,55,2,360,0.0,NONE,360.0,250.0,69.44,UPI (GooglePay/PhonePe),5,Potential Loyalist,2091
TXN-IN-12450,2026-07-21,13,0,BLR-017,Bengaluru – JP Nagar (Outlet 17),Bengaluru,South,SKU-DES-007,Classic Tiramisu Cup,Desserts,B,260,85,2,520,0.0,NONE,520.0,350.0,67.31,UPI (GooglePay/PhonePe),4,Champion,1397
TXN-IN-12451,2026-08-03,21,0,MUM-002,Mumbai – Lower Parel High Street,Mumbai,West,SKU-SNK-005,Truffle Cheese Mushroom Panini,Gourmet Food,A,340,120,1,340,0.0,NONE,340.0,220.0,64.71,Debit Card,4,Champion,1075
TXN-IN-12452,2026-08-06,20,0,CHN-001,Chennai – Anna Nagar 2nd Avenue,Chennai,South,SKU-BEV-002,Monsoon Cinnamon Latte,Specialty Beverages,A,280,80,1,280,0.0,NONE,280.0,200.0,71.43,Credit Card,5,Champion,858
TXN-IN-12453,2026-08-16,22,1,HYD-001,Hyderabad – Hitec City Cyber Towers,Hyderabad,South,SKU-BAKE-004,Butter Flaky Croissant,Artisanal Bakery,B,180,55,1,180,0.0,NONE,180.0,125.0,69.44,UPI (GooglePay/PhonePe),5,Champion,1868
TXN-IN-12454,2026-08-26,13,0,BLR-017,Bengaluru – JP Nagar (Outlet 17),Bengaluru,South,SKU-BEV-001,Artisanal Cold Brew (350ml),Specialty Beverages,A,240,65,1,240,0.0,NONE,240.0,175.0,72.92,UPI (GooglePay/PhonePe),5,Loyal Customer,1446
TXN-IN-12455,2026-08-15,22,1,BLR-017,Bengaluru – JP Nagar (Outlet 17),Bengaluru,South,SKU-DES-007,Classic Tiramisu Cup,Desserts,B,260,85,3,780,15.0,CAMPAIGN_CODE_PROMO,663.0,408.0,61.54,Cash,5,Loyal Customer,1868
TXN-IN-12456,2026-08-01,13,1,MUM-002,Mumbai – Lower Parel High Street,Mumbai,West,SKU-SNK-006,Smoked Paneer Tikka Sourdough,Gourmet Food,B,310,105,1,310,0.0,NONE,310.0,205.0,66.13,UPI (GooglePay/PhonePe),5,Champion,1351
TXN-IN-12457,2026-07-23,21,0,HYD-001,Hyderabad – Hitec City Cyber Towers,Hyderabad,South,SKU-BEV-002,Monsoon Cinnamon Latte,Specialty Beverages,A,280,80,1,280,0.0,NONE,280.0,200.0,71.43,UPI (GooglePay/PhonePe),3,Loyal Customer,1330
TXN-IN-12458,2026-08-09,20,1,HYD-001,Hyderabad – Hitec City Cyber Towers,Hyderabad,South,SKU-BEV-002,Monsoon Cinnamon Latte,Specialty Beverages,A,280,80,3,840,0.0,NONE,840.0,600.0,71.43,UPI (GooglePay/PhonePe),5,Champion,1976
TXN-IN-12459,2026-07-26,13,1,MUM-002,Mumbai – Lower Parel High Street,Mumbai,West,SKU-BEV-001,Artisanal Cold Brew (350ml),Specialty Beverages,A,240,65,4,960,0.0,NONE,960.0,700.0,72.92,UPI (GooglePay/PhonePe),5,Hibernating,1385
TXN-IN-12460,2026-08-30,11,1,BLR-017,Bengaluru – JP Nagar (Outlet 17),Bengaluru,South,SKU-SNK-005,Truffle Cheese Mushroom Panini,Gourmet Food,A,340,120,1,340,0.0,NONE,340.0,220.0,64.71,Credit Card,5,At Risk,2015
TXN-IN-12461,2026-07-24,17,0,MUM-001,Mumbai – Bandra West Linking Rd,Mumbai,West,SKU-DES-007,Classic Tiramisu Cup,Desserts,B,260,85,1,260,0.0,NONE,260.0,175.0,67.31,Credit Card,3,Champion,1588
TXN-IN-12462,2026-08-04,18,0,CHN-001,Chennai – Anna Nagar 2nd Avenue,Chennai,South,SKU-BEV-002,Monsoon Cinnamon Latte,Specialty Beverages,A,280,80,1,280,0.0,NONE,280.0,200.0,71.43,UPI (GooglePay/PhonePe),4,Loyal Customer,1040
TXN-IN-12463,2026-08-25,12,0,MUM-002,Mumbai – Lower Parel High Street,Mumbai,West,SKU-BEV-003,Nitro Cold Brew Infusion,Specialty Beverages,A,310,90,1,310,0.0,NONE,310.0,220.0,70.97,UPI (GooglePay/PhonePe),5,Champion,985
TXN-IN-12464,2026-08-02,18,1,DEL-001,Delhi – Connaught Place Inner Circle,Delhi,North,SKU-BEV-001,Artisanal Cold Brew (350ml),Specialty Beverages,A,240,65,1,240,0.0,NONE,240.0,175.0,72.92,UPI (GooglePay/PhonePe),5,Loyal Customer,2009
TXN-IN-12465,2026-08-11,12,0,DEL-001,Delhi – Connaught Place Inner Circle,Delhi,North,SKU-BEV-003,Nitro Cold Brew Infusion,Specialty Beverages,A,310,90,4,1240,0.0,NONE,1240.0,880.0,70.97,Credit Card,3,Champion,1582
TXN-IN-12466,2026-08-12,10,0,MUM-002,Mumbai – Lower Parel High Street,Mumbai,West,SKU-PKG-008,Eco-Kraft Branded Cup (Carton),Packaging,C,950,620,2,1900,0.0,NONE,1900.0,660.0,34.74,Cash,5,Potential Loyalist,970
TXN-IN-12467,2026-08-22,18,1,CHN-001,Chennai – Anna Nagar 2nd Avenue,Chennai,South,SKU-SNK-006,Smoked Paneer Tikka Sourdough,Gourmet Food,B,310,105,1,310,0.0,NONE,310.0,205.0,66.13,Cash,5,Champion,1256
TXN-IN-12468,2026-07-26,21,1,DEL-001,Delhi – Connaught Place Inner Circle,Delhi,North,SKU-DES-007,Classic Tiramisu Cup,Desserts,B,260,85,1,260,0.0,NONE,260.0,175.0,67.31,UPI (GooglePay/PhonePe),5,Potential Loyalist,2020
TXN-IN-12469,2026-07-29,10,0,BLR-002,Bengaluru – Koramangala 5th Block,Bengaluru,South,SKU-PKG-008,Eco-Kraft Branded Cup (Carton),Packaging,C,950,620,2,1900,0.0,NONE,1900.0,660.0,34.74,Debit Card,5,Potential Loyalist,1303
TXN-IN-12470,2026-08-12,8,0,BLR-001,Bengaluru – Indiranagar 100ft,Bengaluru,South,SKU-SNK-005,Truffle Cheese Mushroom Panini,Gourmet Food,A,340,120,1,340,5.0,CAMPAIGN_CODE_PROMO,323.0,203.0,62.85,UPI (GooglePay/PhonePe),5,Hibernating,1140
TXN-IN-12471,2026-07-27,14,0,MUM-001,Mumbai – Bandra West Linking Rd,Mumbai,West,SKU-BEV-001,Artisanal Cold Brew (350ml),Specialty Beverages,A,240,65,4,960,0.0,NONE,960.0,700.0,72.92,Debit Card,3,Loyal Customer,1749
TXN-IN-12472,2026-08-21,8,0,HYD-001,Hyderabad – Hitec City Cyber Towers,Hyderabad,South,SKU-BEV-002,Monsoon Cinnamon Latte,Specialty Beverages,A,280,80,3,840,0.0,NONE,840.0,600.0,71.43,Debit Card,5,Loyal Customer,1482
TXN-IN-12473,2026-08-06,11,0,BLR-017,Bengaluru – JP Nagar (Outlet 17),Bengaluru,South,SKU-PKG-008,Eco-Kraft Branded Cup (Carton),Packaging,C,950,620,1,950,0.0,NONE,950.0,330.0,34.74,Cash,4,Champion,1508
TXN-IN-12474,2026-07-30,12,0,BLR-002,Bengaluru – Koramangala 5th Block,Bengaluru,South,SKU-BAKE-004,Butter Flaky Croissant,Artisanal Bakery,B,180,55,1,180,0.0,NONE,180.0,125.0,69.44,UPI (GooglePay/PhonePe),5,Loyal Customer,1320
TXN-IN-12475,2026-08-09,18,1,BLR-002,Bengaluru – Koramangala 5th Block,Bengaluru,South,SKU-BAKE-004,Butter Flaky Croissant,Artisanal Bakery,B,180,55,1,180,0.0,NONE,180.0,125.0,69.44,UPI (GooglePay/PhonePe),5,Champion,1833
TXN-IN-12476,2026-08-24,11,0,MUM-002,Mumbai – Lower Parel High Street,Mumbai,West,SKU-PKG-008,Eco-Kraft Branded Cup (Carton),Packaging,C,950,620,2,1900,0.0,NONE,1900.0,660.0,34.74,UPI (GooglePay/PhonePe),4,Hibernating,988
TXN-IN-12477,2026-08-31,21,0,BLR-001,Bengaluru – Indiranagar 100ft,Bengaluru,South,SKU-SNK-006,Smoked Paneer Tikka Sourdough,Gourmet Food,B,310,105,1,310,0.0,NONE,310.0,205.0,66.13,UPI (GooglePay/PhonePe),5,Potential Loyalist,1221
TXN-IN-12478,2026-07-28,18,0,BLR-001,Bengaluru – Indiranagar 100ft,Bengaluru,South,SKU-DES-007,Classic Tiramisu Cup,Desserts,B,260,85,1,260,0.0,NONE,260.0,175.0,67.31,Credit Card,2,Loyal Customer,1080
TXN-IN-12479,2026-08-27,21,0,HYD-001,Hyderabad – Hitec City Cyber Towers,Hyderabad,South,SKU-BAKE-004,Butter Flaky Croissant,Artisanal Bakery,B,180,55,1,180,5.0,CAMPAIGN_CODE_PROMO,171.0,116.0,67.84,UPI (GooglePay/PhonePe),3,Champion,1383
TXN-IN-12480,2026-09-03,18,0,DEL-001,Delhi – Connaught Place Inner Circle,Delhi,North,SKU-BAKE-004,Butter Flaky Croissant,Artisanal Bakery,B,180,55,1,180,0.0,NONE,180.0,125.0,69.44,UPI (GooglePay/PhonePe),4,Loyal Customer,1444
TXN-IN-12481,2026-08-30,15,1,MUM-002,Mumbai – Lower Parel High Street,Mumbai,West,SKU-SNK-005,Truffle Cheese Mushroom Panini,Gourmet Food,A,340,120,1,340,0.0,NONE,340.0,220.0,64.71,UPI (GooglePay/PhonePe),5,Champion,1407
TXN-IN-12482,2026-08-21,12,0,CHN-001,Chennai – Anna Nagar 2nd Avenue,Chennai,South,SKU-BAKE-004,Butter Flaky Croissant,Artisanal Bakery,B,180,55,1,180,0.0,NONE,180.0,125.0,69.44,Cash,4,Hibernating,1012
TXN-IN-12483,2026-08-03,11,0,HYD-001,Hyderabad – Hitec City Cyber Towers,Hyderabad,South,SKU-BEV-002,Monsoon Cinnamon Latte,Specialty Beverages,A,280,80,2,560,0.0,NONE,560.0,400.0,71.43,Cash,4,Potential Loyalist,1374
TXN-IN-12484,2026-08-04,14,0,DEL-002,Delhi – Cyber Hub Gurugram,Delhi NCR,North,SKU-BEV-001,Artisanal Cold Brew (350ml),Specialty Beverages,A,240,65,1,240,0.0,NONE,240.0,175.0,72.92,Credit Card,3,Potential Loyalist,1171
TXN-IN-12485,2026-08-25,13,0,MUM-002,Mumbai – Lower Parel High Street,Mumbai,West,SKU-BEV-001,Artisanal Cold Brew (350ml),Specialty Beverages,A,240,65,1,240,0.0,NONE,240.0,175.0,72.92,UPI (GooglePay/PhonePe),4,Potential Loyalist,1010
TXN-IN-12486,2026-08-25,12,0,BLR-001,Bengaluru – Indiranagar 100ft,Bengaluru,South,SKU-SNK-005,Truffle Cheese Mushroom Panini,Gourmet Food,A,340,120,1,340,0.0,NONE,340.0,220.0,64.71,Cash,5,Loyal Customer,1256
TXN-IN-12487,2026-07-23,13,0,DEL-002,Delhi – Cyber Hub Gurugram,Delhi NCR,North,SKU-SNK-006,Smoked Paneer Tikka Sourdough,Gourmet Food,B,310,105,1,310,0.0,NONE,310.0,205.0,66.13,Credit Card,5,At Risk,1041
TXN-IN-12488,2026-08-14,11,0,DEL-001,Delhi – Connaught Place Inner Circle,Delhi,North,SKU-BEV-003,Nitro Cold Brew Infusion,Specialty Beverages,A,310,90,1,310,0.0,NONE,310.0,220.0,70.97,Cash,5,Loyal Customer,1561
TXN-IN-12489,2026-07-23,9,0,BLR-002,Bengaluru – Koramangala 5th Block,Bengaluru,South,SKU-SNK-006,Smoked Paneer Tikka Sourdough,Gourmet Food,B,310,105,1,310,0.0,NONE,310.0,205.0,66.13,Debit Card,4,Potential Loyalist,1241
TXN-IN-12490,2026-08-29,16,1,DEL-002,Delhi – Cyber Hub Gurugram,Delhi NCR,North,SKU-SNK-005,Truffle Cheese Mushroom Panini,Gourmet Food,A,340,120,1,340,0.0,NONE,340.0,220.0,64.71,UPI (GooglePay/PhonePe),5,At Risk,1407
TXN-IN-12491,2026-08-23,11,1,MUM-002,Mumbai – Lower Parel High Street,Mumbai,West,SKU-BEV-003,Nitro Cold Brew Infusion,Specialty Beverages,A,310,90,1,310,0.0,NONE,310.0,220.0,70.97,UPI (GooglePay/PhonePe),5,Champion,1251
TXN-IN-12492,2026-08-06,13,0,BLR-017,Bengaluru – JP Nagar (Outlet 17),Bengaluru,South,SKU-PKG-008,Eco-Kraft Branded Cup (Carton),Packaging,C,950,620,2,1900,0.0,NONE,1900.0,660.0,34.74,Debit Card,4,Loyal Customer,1426
TXN-IN-12493,2026-08-09,18,1,HYD-001,Hyderabad – Hitec City Cyber Towers,Hyderabad,South,SKU-SNK-005,Truffle Cheese Mushroom Panini,Gourmet Food,A,340,120,2,680,5.0,CAMPAIGN_CODE_PROMO,646.0,406.0,62.85,Debit Card,5,Loyal Customer,1837
TXN-IN-12494,2026-08-06,13,0,BLR-002,Bengaluru – Koramangala 5th Block,Bengaluru,South,SKU-SNK-006,Smoked Paneer Tikka Sourdough,Gourmet Food,B,310,105,1,310,0.0,NONE,310.0,205.0,66.13,UPI (GooglePay/PhonePe),4,Potential Loyalist,1286
TXN-IN-12495,2026-09-01,12,0,MUM-002,Mumbai – Lower Parel High Street,Mumbai,West,SKU-SNK-006,Smoked Paneer Tikka Sourdough,Gourmet Food,B,310,105,1,310,15.0,CAMPAIGN_CODE_PROMO,263.5,158.5,60.15,Cash,3,Champion,999
TXN-IN-12496,2026-08-03,20,0,BLR-001,Bengaluru – Indiranagar 100ft,Bengaluru,South,SKU-SNK-005,Truffle Cheese Mushroom Panini,Gourmet Food,A,340,120,1,340,0.0,NONE,340.0,220.0,64.71,Debit Card,5,At Risk,1228
TXN-IN-12497,2026-08-27,16,0,BLR-017,Bengaluru – JP Nagar (Outlet 17),Bengaluru,South,SKU-PKG-008,Eco-Kraft Branded Cup (Carton),Packaging,C,950,620,1,950,0.0,NONE,950.0,330.0,34.74,UPI (GooglePay/PhonePe),5,Champion,1458
TXN-IN-12498,2026-08-23,13,1,BLR-002,Bengaluru – Koramangala 5th Block,Bengaluru,South,SKU-BEV-002,Monsoon Cinnamon Latte,Specialty Beverages,A,280,80,1,280,0.0,NONE,280.0,200.0,71.43,Debit Card,5,Champion,1649
TXN-IN-12499,2026-08-14,19,0,MUM-001,Mumbai – Bandra West Linking Rd,Mumbai,West,SKU-BEV-003,Nitro Cold Brew Infusion,Specialty Beverages,A,310,90,2,620,0.0,NONE,620.0,440.0,70.97,UPI (GooglePay/PhonePe),4,Loyal Customer,1698
TXN-IN-12500,2026-07-22,12,0,MUM-002,Mumbai – Lower Parel High Street,Mumbai,West,SKU-SNK-006,Smoked Paneer Tikka Sourdough,Gourmet Food,B,310,105,1,310,0.0,NONE,310.0,205.0,66.13,Cash,5,Loyal Customer,1064
TXN-IN-12501,2026-08-04,16,0,MUM-001,Mumbai – Bandra West Linking Rd,Mumbai,West,SKU-SNK-006,Smoked Paneer Tikka Sourdough,Gourmet Food,B,310,105,2,620,0.0,NONE,620.0,410.0,66.13,Cash,5,Champion,1575
TXN-IN-12502,2026-07-31,12,0,DEL-001,Delhi – Connaught Place Inner Circle,Delhi,North,SKU-DES-007,Classic Tiramisu Cup,Desserts,B,260,85,1,260,0.0,NONE,260.0,175.0,67.31,Debit Card,4,Potential Loyalist,1599
TXN-IN-12503,2026-08-20,18,0,BLR-017,Bengaluru – JP Nagar (Outlet 17),Bengaluru,South,SKU-SNK-006,Smoked Paneer Tikka Sourdough,Gourmet Food,B,310,105,1,310,25.0,OVERRIDE_MGR_01,232.5,127.5,54.84,Debit Card,3,At Risk,1398
TXN-IN-12504,2026-07-20,22,0,MUM-002,Mumbai – Lower Parel High Street,Mumbai,West,SKU-SNK-006,Smoked Paneer Tikka Sourdough,Gourmet Food,B,310,105,2,620,5.0,CAMPAIGN_CODE_PROMO,589.0,379.0,64.35,UPI (GooglePay/PhonePe),2,Potential Loyalist,1019
TXN-IN-12505,2026-08-18,14,0,CHN-001,Chennai – Anna Nagar 2nd Avenue,Chennai,South,SKU-BEV-002,Monsoon Cinnamon Latte,Specialty Beverages,A,280,80,1,280,0.0,NONE,280.0,200.0,71.43,Credit Card,4,Loyal Customer,1040
TXN-IN-12506,2026-07-27,18,0,MUM-002,Mumbai – Lower Parel High Street,Mumbai,West,SKU-SNK-006,Smoked Paneer Tikka Sourdough,Gourmet Food,B,310,105,1,310,0.0,NONE,310.0,205.0,66.13,UPI (GooglePay/PhonePe),4,Hibernating,1009
TXN-IN-12507,2026-08-15,12,1,DEL-002,Delhi – Cyber Hub Gurugram,Delhi NCR,North,SKU-SNK-006,Smoked Paneer Tikka Sourdough,Gourmet Food,B,310,105,1,310,0.0,NONE,310.0,205.0,66.13,Debit Card,5,Champion,1552
TXN-IN-12508,2026-07-30,18,0,CHN-001,Chennai – Anna Nagar 2nd Avenue,Chennai,South,SKU-BEV-002,Monsoon Cinnamon Latte,Specialty Beverages,A,280,80,2,560,0.0,NONE,560.0,400.0,71.43,UPI (GooglePay/PhonePe),5,Champion,1024
TXN-IN-12509,2026-08-28,10,0,BLR-001,Bengaluru – Indiranagar 100ft,Bengaluru,South,SKU-BEV-003,Nitro Cold Brew Infusion,Specialty Beverages,A,310,90,1,310,10.0,CAMPAIGN_CODE_PROMO,279.0,189.0,67.74,Cash,4,Loyal Customer,1168
TXN-IN-12510,2026-08-29,13,1,HYD-001,Hyderabad – Hitec City Cyber Towers,Hyderabad,South,SKU-DES-007,Classic Tiramisu Cup,Desserts,B,260,85,1,260,0.0,NONE,260.0,175.0,67.31,Debit Card,5,Loyal Customer,1835
TXN-IN-12511,2026-07-24,17,0,BLR-002,Bengaluru – Koramangala 5th Block,Bengaluru,South,SKU-DES-007,Classic Tiramisu Cup,Desserts,B,260,85,2,520,0.0,NONE,520.0,350.0,67.31,Cash,5,Champion,1327
TXN-IN-12512,2026-07-25,18,1,BLR-017,Bengaluru – JP Nagar (Outlet 17),Bengaluru,South,SKU-SNK-005,Truffle Cheese Mushroom Panini,Gourmet Food,A,340,120,2,680,25.0,OVERRIDE_MGR_01,510.0,270.0,52.94,UPI (GooglePay/PhonePe),3,Loyal Customer,1923
TXN-IN-12513,2026-08-04,19,0,CHN-001,Chennai – Anna Nagar 2nd Avenue,Chennai,South,SKU-BEV-003,Nitro Cold Brew Infusion,Specialty Beverages,A,310,90,3,930,5.0,CAMPAIGN_CODE_PROMO,883.5,613.5,69.44,Credit Card,5,Loyal Customer,1000
TXN-IN-12514,2026-08-21,11,0,DEL-002,Delhi – Cyber Hub Gurugram,Delhi NCR,North,SKU-DES-007,Classic Tiramisu Cup,Desserts,B,260,85,2,520,0.0,NONE,520.0,350.0,67.31,Cash,4,Champion,1188
TXN-IN-12515,2026-08-24,17,0,MUM-001,Mumbai – Bandra West Linking Rd,Mumbai,West,SKU-PKG-008,Eco-Kraft Branded Cup (Carton),Packaging,C,950,620,1,950,0.0,NONE,950.0,330.0,34.74,Credit Card,3,At Risk,1605
TXN-IN-12516,2026-07-22,18,0,BLR-017,Bengaluru – JP Nagar (Outlet 17),Bengaluru,South,SKU-BEV-002,Monsoon Cinnamon Latte,Specialty Beverages,A,280,80,2,560,25.0,OVERRIDE_MGR_01,420.0,260.0,61.9,Debit Card,5,Loyal Customer,1414
TXN-IN-12517,2026-07-31,20,0,DEL-002,Delhi – Cyber Hub Gurugram,Delhi NCR,North,SKU-PKG-008,Eco-Kraft Branded Cup (Carton),Packaging,C,950,620,3,2850,0.0,NONE,2850.0,990.0,34.74,Credit Card,5,Champion,1066
TXN-IN-12518,2026-08-06,20,0,DEL-001,Delhi – Connaught Place Inner Circle,Delhi,North,SKU-SNK-006,Smoked Paneer Tikka Sourdough,Gourmet Food,B,310,105,1,310,0.0,NONE,310.0,205.0,66.13,Credit Card,4,Loyal Customer,1612
TXN-IN-12519,2026-08-13,16,0,HYD-001,Hyderabad – Hitec City Cyber Towers,Hyderabad,South,SKU-DES-007,Classic Tiramisu Cup,Desserts,B,260,85,1,260,0.0,NONE,260.0,175.0,67.31,Debit Card,5,Loyal Customer,1457
TXN-IN-12520,2026-08-07,15,0,DEL-001,Delhi – Connaught Place Inner Circle,Delhi,North,SKU-BEV-002,Monsoon Cinnamon Latte,Specialty Beverages,A,280,80,1,280,5.0,CAMPAIGN_CODE_PROMO,266.0,186.0,69.92,Debit Card,5,Hibernating,1527
TXN-IN-12521,2026-08-09,12,1,DEL-002,Delhi – Cyber Hub Gurugram,Delhi NCR,North,SKU-SNK-006,Smoked Paneer Tikka Sourdough,Gourmet Food,B,310,105,3,930,0.0,NONE,930.0,615.0,66.13,Debit Card,4,Potential Loyalist,1511
TXN-IN-12522,2026-09-03,13,0,HYD-001,Hyderabad – Hitec City Cyber Towers,Hyderabad,South,SKU-BEV-003,Nitro Cold Brew Infusion,Specialty Beverages,A,310,90,2,620,0.0,NONE,620.0,440.0,70.97,UPI (GooglePay/PhonePe),4,Loyal Customer,1365
TXN-IN-12523,2026-08-05,18,0,MUM-002,Mumbai – Lower Parel High Street,Mumbai,West,SKU-BEV-003,Nitro Cold Brew Infusion,Specialty Beverages,A,310,90,1,310,0.0,NONE,310.0,220.0,70.97,Credit Card,3,Champion,950
TXN-IN-12524,2026-08-07,20,0,HYD-001,Hyderabad – Hitec City Cyber Towers,Hyderabad,South,SKU-PKG-008,Eco-Kraft Branded Cup (Carton),Packaging,C,950,620,2,1900,0.0,NONE,1900.0,660.0,34.74,UPI (GooglePay/PhonePe),5,Loyal Customer,1436
TXN-IN-12525,2026-08-25,20,0,HYD-001,Hyderabad – Hitec City Cyber Towers,Hyderabad,South,SKU-BEV-003,Nitro Cold Brew Infusion,Specialty Beverages,A,310,90,1,310,0.0,NONE,310.0,220.0,70.97,UPI (GooglePay/PhonePe),5,Champion,1476
TXN-IN-12526,2026-08-28,16,0,CHN-001,Chennai – Anna Nagar 2nd Avenue,Chennai,South,SKU-BEV-003,Nitro Cold Brew Infusion,Specialty Beverages,A,310,90,1,310,0.0,NONE,310.0,220.0,70.97,UPI (GooglePay/PhonePe),4,Champion,1005
TXN-IN-12527,2026-07-29,19,0,BLR-001,Bengaluru – Indiranagar 100ft,Bengaluru,South,SKU-SNK-005,Truffle Cheese Mushroom Panini,Gourmet Food,A,340,120,1,340,0.0,NONE,340.0,220.0,64.71,Debit Card,4,Loyal Customer,1171
TXN-IN-12528,2026-08-01,20,1,DEL-002,Delhi – Cyber Hub Gurugram,Delhi NCR,North,SKU-BAKE-004,Butter Flaky Croissant,Artisanal Bakery,B,180,55,2,360,0.0,NONE,360.0,250.0,69.44,Cash,5,Champion,1422
TXN-IN-12529,2026-07-28,20,0,BLR-002,Bengaluru – Koramangala 5th Block,Bengaluru,South,SKU-BEV-001,Artisanal Cold Brew (350ml),Specialty Beverages,A,240,65,2,480,0.0,NONE,480.0,350.0,72.92,Cash,5,At Risk,1232
TXN-IN-12530,2026-08-13,19,0,MUM-002,Mumbai – Lower Parel High Street,Mumbai,West,SKU-BAKE-004,Butter Flaky Croissant,Artisanal Bakery,B,180,55,1,180,0.0,NONE,180.0,125.0,69.44,Debit Card,4,Loyal Customer,1030
TXN-IN-12531,2026-07-30,19,0,CHN-001,Chennai – Anna Nagar 2nd Avenue,Chennai,South,SKU-DES-007,Classic Tiramisu Cup,Desserts,B,260,85,1,260,5.0,CAMPAIGN_CODE_PROMO,247.0,162.0,65.59,Debit Card,5,Loyal Customer,1013
TXN-IN-12532,2026-08-05,18,0,MUM-002,Mumbai – Lower Parel High Street,Mumbai,West,SKU-DES-007,Classic Tiramisu Cup,Desserts,B,260,85,3,780,10.0,CAMPAIGN_CODE_PROMO,702.0,447.0,63.68,Debit Card,5,Potential Loyalist,913
TXN-IN-12533,2026-07-27,14,0,MUM-001,Mumbai – Bandra West Linking Rd,Mumbai,West,SKU-BEV-003,Nitro Cold Brew Infusion,Specialty Beverages,A,310,90,1,310,0.0,NONE,310.0,220.0,70.97,Cash,2,Loyal Customer,1737
TXN-IN-12534,2026-07-20,13,0,BLR-017,Bengaluru – JP Nagar (Outlet 17),Bengaluru,South,SKU-BEV-002,Monsoon Cinnamon Latte,Specialty Beverages,A,280,80,3,840,25.0,OVERRIDE_MGR_01,630.0,390.0,61.9,Credit Card,4,Potential Loyalist,1521
TXN-IN-12535,2026-08-30,17,1,BLR-001,Bengaluru – Indiranagar 100ft,Bengaluru,South,SKU-BEV-001,Artisanal Cold Brew (350ml),Specialty Beverages,A,240,65,1,240,0.0,NONE,240.0,175.0,72.92,UPI (GooglePay/PhonePe),5,Potential Loyalist,1487
TXN-IN-12536,2026-08-07,14,0,BLR-001,Bengaluru – Indiranagar 100ft,Bengaluru,South,SKU-SNK-005,Truffle Cheese Mushroom Panini,Gourmet Food,A,340,120,1,340,0.0,NONE,340.0,220.0,64.71,Cash,5,Potential Loyalist,1154
TXN-IN-12537,2026-08-01,18,1,CHN-001,Chennai – Anna Nagar 2nd Avenue,Chennai,South,SKU-BEV-002,Monsoon Cinnamon Latte,Specialty Beverages,A,280,80,1,280,0.0,NONE,280.0,200.0,71.43,Debit Card,5,Loyal Customer,1212
TXN-IN-12538,2026-07-22,17,0,BLR-001,Bengaluru – Indiranagar 100ft,Bengaluru,South,SKU-BEV-002,Monsoon Cinnamon Latte,Specialty Beverages,A,280,80,3,840,0.0,NONE,840.0,600.0,71.43,Credit Card,5,Loyal Customer,1185
TXN-IN-12539,2026-08-24,21,0,MUM-002,Mumbai – Lower Parel High Street,Mumbai,West,SKU-BEV-001,Artisanal Cold Brew (350ml),Specialty Beverages,A,240,65,1,240,10.0,CAMPAIGN_CODE_PROMO,216.0,151.0,69.91,UPI (GooglePay/PhonePe),5,Potential Loyalist,1077
TXN-IN-12540,2026-08-24,16,0,MUM-001,Mumbai – Bandra West Linking Rd,Mumbai,West,SKU-PKG-008,Eco-Kraft Branded Cup (Carton),Packaging,C,950,620,2,1900,15.0,CAMPAIGN_CODE_PROMO,1615.0,375.0,23.22,Debit Card,5,Potential Loyalist,1678
TXN-IN-12541,2026-07-27,14,0,BLR-017,Bengaluru – JP Nagar (Outlet 17),Bengaluru,South,SKU-PKG-008,Eco-Kraft Branded Cup (Carton),Packaging,C,950,620,2,1900,25.0,OVERRIDE_MGR_01,1425.0,185.0,12.98,Cash,5,Loyal Customer,1461
TXN-IN-12542,2026-07-22,22,0,DEL-001,Delhi – Connaught Place Inner Circle,Delhi,North,SKU-BEV-001,Artisanal Cold Brew (350ml),Specialty Beverages,A,240,65,1,240,0.0,NONE,240.0,175.0,72.92,UPI (GooglePay/PhonePe),5,Potential Loyalist,1437
TXN-IN-12543,2026-08-26,19,0,DEL-001,Delhi – Connaught Place Inner Circle,Delhi,North,SKU-DES-007,Classic Tiramisu Cup,Desserts,B,260,85,1,260,0.0,NONE,260.0,175.0,67.31,UPI (GooglePay/PhonePe),5,Champion,1483
TXN-IN-12544,2026-08-26,15,0,CHN-001,Chennai – Anna Nagar 2nd Avenue,Chennai,South,SKU-BEV-003,Nitro Cold Brew Infusion,Specialty Beverages,A,310,90,1,310,0.0,NONE,310.0,220.0,70.97,UPI (GooglePay/PhonePe),5,Potential Loyalist,963
TXN-IN-12545,2026-08-10,14,0,CHN-001,Chennai – Anna Nagar 2nd Avenue,Chennai,South,SKU-BEV-001,Artisanal Cold Brew (350ml),Specialty Beverages,A,240,65,1,240,0.0,NONE,240.0,175.0,72.92,Debit Card,5,Loyal Customer,893
TXN-IN-12546,2026-07-20,17,0,MUM-001,Mumbai – Bandra West Linking Rd,Mumbai,West,SKU-BEV-001,Artisanal Cold Brew (350ml),Specialty Beverages,A,240,65,1,240,0.0,NONE,240.0,175.0,72.92,Debit Card,5,Potential Loyalist,1680
TXN-IN-12547,2026-08-26,10,0,CHN-001,Chennai – Anna Nagar 2nd Avenue,Chennai,South,SKU-BAKE-004,Butter Flaky Croissant,Artisanal Bakery,B,180,55,1,180,0.0,NONE,180.0,125.0,69.44,UPI (GooglePay/PhonePe),5,Champion,972
TXN-IN-12548,2026-08-12,13,0,MUM-002,Mumbai – Lower Parel High Street,Mumbai,West,SKU-DES-007,Classic Tiramisu Cup,Desserts,B,260,85,1,260,0.0,NONE,260.0,175.0,67.31,Debit Card,4,Hibernating,901
TXN-IN-12549,2026-08-23,20,1,HYD-001,Hyderabad – Hitec City Cyber Towers,Hyderabad,South,SKU-BEV-003,Nitro Cold Brew Infusion,Specialty Beverages,A,310,90,3,930,0.0,NONE,930.0,660.0,70.97,UPI (GooglePay/PhonePe),5,Potential Loyalist,1838
TXN-IN-12550,2026-08-19,19,0,HYD-001,Hyderabad – Hitec City Cyber Towers,Hyderabad,South,SKU-PKG-008,Eco-Kraft Branded Cup (Carton),Packaging,C,950,620,1,950,0.0,NONE,950.0,330.0,34.74,UPI (GooglePay/PhonePe),3,Loyal Customer,1345
TXN-IN-12551,2026-08-09,21,1,BLR-002,Bengaluru – Koramangala 5th Block,Bengaluru,South,SKU-PKG-008,Eco-Kraft Branded Cup (Carton),Packaging,C,950,620,2,1900,0.0,NONE,1900.0,660.0,34.74,Cash,5,Loyal Customer,1669
TXN-IN-12552,2026-07-29,19,0,BLR-017,Bengaluru – JP Nagar (Outlet 17),Bengaluru,South,SKU-BEV-001,Artisanal Cold Brew (350ml),Specialty Beverages,A,240,65,2,480,25.0,OVERRIDE_MGR_01,360.0,230.0,63.89,UPI (GooglePay/PhonePe),5,Champion,1513
TXN-IN-12553,2026-07-23,19,0,DEL-001,Delhi – Connaught Place Inner Circle,Delhi,North,SKU-PKG-008,Eco-Kraft Branded Cup (Carton),Packaging,C,950,620,2,1900,0.0,NONE,1900.0,660.0,34.74,Debit Card,5,Potential Loyalist,1620
TXN-IN-12554,2026-09-03,18,0,DEL-002,Delhi – Cyber Hub Gurugram,Delhi NCR,North,SKU-BEV-002,Monsoon Cinnamon Latte,Specialty Beverages,A,280,80,2,560,0.0,NONE,560.0,400.0,71.43,Debit Card,5,Potential Loyalist,1109
TXN-IN-12555,2026-08-14,9,0,DEL-002,Delhi – Cyber Hub Gurugram,Delhi NCR,North,SKU-PKG-008,Eco-Kraft Branded Cup (Carton),Packaging,C,950,620,1,950,0.0,NONE,950.0,330.0,34.74,Debit Card,5,Champion,1093
TXN-IN-12556,2026-08-06,14,0,BLR-001,Bengaluru – Indiranagar 100ft,Bengaluru,South,SKU-BEV-001,Artisanal Cold Brew (350ml),Specialty Beverages,A,240,65,2,480,0.0,NONE,480.0,350.0,72.92,Credit Card,2,Hibernating,1167
TXN-IN-12557,2026-09-01,18,0,DEL-001,Delhi – Connaught Place Inner Circle,Delhi,North,SKU-BAKE-004,Butter Flaky Croissant,Artisanal Bakery,B,180,55,2,360,0.0,NONE,360.0,250.0,69.44,UPI (GooglePay/PhonePe),5,Champion,1439
TXN-IN-12558,2026-08-05,14,0,MUM-001,Mumbai – Bandra West Linking Rd,Mumbai,West,SKU-BEV-001,Artisanal Cold Brew (350ml),Specialty Beverages,A,240,65,1,240,0.0,NONE,240.0,175.0,72.92,UPI (GooglePay/PhonePe),5,Potential Loyalist,1655
TXN-IN-12559,2026-08-20,14,0,BLR-017,Bengaluru – JP Nagar (Outlet 17),Bengaluru,South,SKU-BEV-002,Monsoon Cinnamon Latte,Specialty Beverages,A,280,80,3,840,5.0,CAMPAIGN_CODE_PROMO,798.0,558.0,69.92,Debit Card,4,At Risk,1447
TXN-IN-12560,2026-07-20,14,0,BLR-001,Bengaluru – Indiranagar 100ft,Bengaluru,South,SKU-BEV-001,Artisanal Cold Brew (350ml),Specialty Beverages,A,240,65,1,240,0.0,NONE,240.0,175.0,72.92,UPI (GooglePay/PhonePe),4,At Risk,1156
TXN-IN-12561,2026-08-27,13,0,HYD-001,Hyderabad – Hitec City Cyber Towers,Hyderabad,South,SKU-BAKE-004,Butter Flaky Croissant,Artisanal Bakery,B,180,55,1,180,0.0,NONE,180.0,125.0,69.44,UPI (GooglePay/PhonePe),5,At Risk,1463
TXN-IN-12562,2026-07-31,16,0,BLR-017,Bengaluru – JP Nagar (Outlet 17),Bengaluru,South,SKU-SNK-005,Truffle Cheese Mushroom Panini,Gourmet Food,A,340,120,2,680,25.0,OVERRIDE_MGR_01,510.0,270.0,52.94,Credit Card,1,Potential Loyalist,1445
TXN-IN-12563,2026-08-29,13,1,DEL-002,Delhi – Cyber Hub Gurugram,Delhi NCR,North,SKU-SNK-005,Truffle Cheese Mushroom Panini,Gourmet Food,A,340,120,2,680,0.0,NONE,680.0,440.0,64.71,UPI (GooglePay/PhonePe),5,Hibernating,1531
TXN-IN-12564,2026-09-02,12,0,BLR-002,Bengaluru – Koramangala 5th Block,Bengaluru,South,SKU-DES-007,Classic Tiramisu Cup,Desserts,B,260,85,1,260,0.0,NONE,260.0,175.0,67.31,Credit Card,5,Loyal Customer,1351
TXN-IN-12565,2026-07-30,9,0,HYD-001,Hyderabad – Hitec City Cyber Towers,Hyderabad,South,SKU-BEV-003,Nitro Cold Brew Infusion,Specialty Beverages,A,310,90,1,310,15.0,CAMPAIGN_CODE_PROMO,263.5,173.5,65.84,UPI (GooglePay/PhonePe),5,Loyal Customer,1322
TXN-IN-12566,2026-07-25,13,1,MUM-002,Mumbai – Lower Parel High Street,Mumbai,West,SKU-DES-007,Classic Tiramisu Cup,Desserts,B,260,85,2,520,0.0,NONE,520.0,350.0,67.31,Cash,4,Loyal Customer,1279
TXN-IN-12567,2026-08-20,12,0,BLR-017,Bengaluru – JP Nagar (Outlet 17),Bengaluru,South,SKU-DES-007,Classic Tiramisu Cup,Desserts,B,260,85,4,1040,25.0,OVERRIDE_MGR_01,780.0,440.0,56.41,UPI (GooglePay/PhonePe),4,Loyal Customer,1507
TXN-IN-12568,2026-08-02,11,1,DEL-002,Delhi – Cyber Hub Gurugram,Delhi NCR,North,SKU-BAKE-004,Butter Flaky Croissant,Artisanal Bakery,B,180,55,2,360,15.0,CAMPAIGN_CODE_PROMO,306.0,196.0,64.05,UPI (GooglePay/PhonePe),5,Loyal Customer,1557
TXN-IN-12569,2026-08-26,17,0,MUM-001,Mumbai – Bandra West Linking Rd,Mumbai,West,SKU-BEV-002,Monsoon Cinnamon Latte,Specialty Beverages,A,280,80,2,560,0.0,NONE,560.0,400.0,71.43,Credit Card,3,Loyal Customer,1581
TXN-IN-12570,2026-07-31,21,0,CHN-001,Chennai – Anna Nagar 2nd Avenue,Chennai,South,SKU-BAKE-004,Butter Flaky Croissant,Artisanal Bakery,B,180,55,1,180,15.0,CAMPAIGN_CODE_PROMO,153.0,98.0,64.05,Cash,4,Potential Loyalist,852
TXN-IN-12571,2026-08-28,19,0,MUM-001,Mumbai – Bandra West Linking Rd,Mumbai,West,SKU-BEV-001,Artisanal Cold Brew (350ml),Specialty Beverages,A,240,65,3,720,0.0,NONE,720.0,525.0,72.92,Debit Card,5,Champion,1676
TXN-IN-12572,2026-08-14,20,0,BLR-002,Bengaluru – Koramangala 5th Block,Bengaluru,South,SKU-BEV-001,Artisanal Cold Brew (350ml),Specialty Beverages,A,240,65,1,240,5.0,CAMPAIGN_CODE_PROMO,228.0,163.0,71.49,Debit Card,5,Loyal Customer,1394
TXN-IN-12573,2026-08-25,22,0,MUM-002,Mumbai – Lower Parel High Street,Mumbai,West,SKU-PKG-008,Eco-Kraft Branded Cup (Carton),Packaging,C,950,620,3,2850,0.0,NONE,2850.0,990.0,34.74,UPI (GooglePay/PhonePe),3,At Risk,956
TXN-IN-12574,2026-07-24,19,0,BLR-017,Bengaluru – JP Nagar (Outlet 17),Bengaluru,South,SKU-BEV-001,Artisanal Cold Brew (350ml),Specialty Beverages,A,240,65,4,960,0.0,NONE,960.0,700.0,72.92,UPI (GooglePay/PhonePe),5,Potential Loyalist,1467
TXN-IN-12575,2026-08-01,11,1,HYD-001,Hyderabad – Hitec City Cyber Towers,Hyderabad,South,SKU-SNK-005,Truffle Cheese Mushroom Panini,Gourmet Food,A,340,120,4,1360,0.0,NONE,1360.0,880.0,64.71,UPI (GooglePay/PhonePe),4,Champion,1904
TXN-IN-12576,2026-08-27,19,0,MUM-001,Mumbai – Bandra West Linking Rd,Mumbai,West,SKU-PKG-008,Eco-Kraft Branded Cup (Carton),Packaging,C,950,620,4,3800,0.0,NONE,3800.0,1320.0,34.74,UPI (GooglePay/PhonePe),4,Champion,1694
TXN-IN-12577,2026-08-16,16,1,HYD-001,Hyderabad – Hitec City Cyber Towers,Hyderabad,South,SKU-BEV-002,Monsoon Cinnamon Latte,Specialty Beverages,A,280,80,1,280,0.0,NONE,280.0,200.0,71.43,UPI (GooglePay/PhonePe),4,Loyal Customer,1851
TXN-IN-12578,2026-08-15,21,1,MUM-001,Mumbai – Bandra West Linking Rd,Mumbai,West,SKU-DES-007,Classic Tiramisu Cup,Desserts,B,260,85,1,260,0.0,NONE,260.0,175.0,67.31,UPI (GooglePay/PhonePe),5,Potential Loyalist,2345
TXN-IN-12579,2026-08-29,12,1,BLR-002,Bengaluru – Koramangala 5th Block,Bengaluru,South,SKU-PKG-008,Eco-Kraft Branded Cup (Carton),Packaging,C,950,620,3,2850,0.0,NONE,2850.0,990.0,34.74,Debit Card,5,Loyal Customer,1824
TXN-IN-12580,2026-08-21,15,0,BLR-001,Bengaluru – Indiranagar 100ft,Bengaluru,South,SKU-BAKE-004,Butter Flaky Croissant,Artisanal Bakery,B,180,55,1,180,0.0,NONE,180.0,125.0,69.44,Credit Card,5,Loyal Customer,1234
TXN-IN-12581,2026-08-27,18,0,CHN-001,Chennai – Anna Nagar 2nd Avenue,Chennai,South,SKU-BEV-001,Artisanal Cold Brew (350ml),Specialty Beverages,A,240,65,1,240,0.0,NONE,240.0,175.0,72.92,Credit Card,5,Champion,922
TXN-IN-12582,2026-08-10,15,0,HYD-001,Hyderabad – Hitec City Cyber Towers,Hyderabad,South,SKU-PKG-008,Eco-Kraft Branded Cup (Carton),Packaging,C,950,620,1,950,0.0,NONE,950.0,330.0,34.74,Debit Card,5,Champion,1358
TXN-IN-12583,2026-08-24,21,0,DEL-001,Delhi – Connaught Place Inner Circle,Delhi,North,SKU-BEV-001,Artisanal Cold Brew (350ml),Specialty Beverages,A,240,65,1,240,0.0,NONE,240.0,175.0,72.92,Credit Card,5,Loyal Customer,1619
TXN-IN-12584,2026-08-13,12,0,DEL-001,Delhi – Connaught Place Inner Circle,Delhi,North,SKU-PKG-008,Eco-Kraft Branded Cup (Carton),Packaging,C,950,620,2,1900,5.0,CAMPAIGN_CODE_PROMO,1805.0,565.0,31.3,Cash,2,At Risk,1521
TXN-IN-12585,2026-08-11,11,0,BLR-017,Bengaluru – JP Nagar (Outlet 17),Bengaluru,South,SKU-PKG-008,Eco-Kraft Branded Cup (Carton),Packaging,C,950,620,1,950,0.0,NONE,950.0,330.0,34.74,UPI (GooglePay/PhonePe),5,Potential Loyalist,1538
TXN-IN-12586,2026-07-22,18,0,BLR-001,Bengaluru – Indiranagar 100ft,Bengaluru,South,SKU-BEV-003,Nitro Cold Brew Infusion,Specialty Beverages,A,310,90,1,310,0.0,NONE,310.0,220.0,70.97,Cash,2,Loyal Customer,1195
TXN-IN-12587,2026-08-11,18,0,HYD-001,Hyderabad – Hitec City Cyber Towers,Hyderabad,South,SKU-BEV-001,Artisanal Cold Brew (350ml),Specialty Beverages,A,240,65,2,480,0.0,NONE,480.0,350.0,72.92,Cash,5,Champion,1497
TXN-IN-12588,2026-07-29,17,0,DEL-001,Delhi – Connaught Place Inner Circle,Delhi,North,SKU-BEV-001,Artisanal Cold Brew (350ml),Specialty Beverages,A,240,65,1,240,0.0,NONE,240.0,175.0,72.92,UPI (GooglePay/PhonePe),5,Champion,1613
TXN-IN-12589,2026-07-21,12,0,DEL-002,Delhi – Cyber Hub Gurugram,Delhi NCR,North,SKU-SNK-006,Smoked Paneer Tikka Sourdough,Gourmet Food,B,310,105,1,310,0.0,NONE,310.0,205.0,66.13,UPI (GooglePay/PhonePe),5,Champion,1050
TXN-IN-12590,2026-08-29,20,1,CHN-001,Chennai – Anna Nagar 2nd Avenue,Chennai,South,SKU-BEV-001,Artisanal Cold Brew (350ml),Specialty Beverages,A,240,65,1,240,10.0,CAMPAIGN_CODE_PROMO,216.0,151.0,69.91,UPI (GooglePay/PhonePe),5,Champion,1228
TXN-IN-12591,2026-07-31,19,0,DEL-002,Delhi – Cyber Hub Gurugram,Delhi NCR,North,SKU-DES-007,Classic Tiramisu Cup,Desserts,B,260,85,1,260,0.0,NONE,260.0,175.0,67.31,Credit Card,5,Hibernating,1208
TXN-IN-12592,2026-08-29,14,1,MUM-002,Mumbai – Lower Parel High Street,Mumbai,West,SKU-BEV-001,Artisanal Cold Brew (350ml),Specialty Beverages,A,240,65,2,480,0.0,NONE,480.0,350.0,72.92,UPI (GooglePay/PhonePe),4,Potential Loyalist,1321
TXN-IN-12593,2026-08-14,21,0,DEL-001,Delhi – Connaught Place Inner Circle,Delhi,North,SKU-DES-007,Classic Tiramisu Cup,Desserts,B,260,85,2,520,0.0,NONE,520.0,350.0,67.31,Debit Card,5,Loyal Customer,1473
TXN-IN-12594,2026-08-12,12,0,MUM-002,Mumbai – Lower Parel High Street,Mumbai,West,SKU-SNK-005,Truffle Cheese Mushroom Panini,Gourmet Food,A,340,120,3,1020,0.0,NONE,1020.0,660.0,64.71,UPI (GooglePay/PhonePe),5,Potential Loyalist,1040
TXN-IN-12595,2026-08-23,17,1,DEL-002,Delhi – Cyber Hub Gurugram,Delhi NCR,North,SKU-SNK-006,Smoked Paneer Tikka Sourdough,Gourmet Food,B,310,105,3,930,0.0,NONE,930.0,615.0,66.13,Credit Card,5,Potential Loyalist,1548
TXN-IN-12596,2026-08-03,20,0,DEL-001,Delhi – Connaught Place Inner Circle,Delhi,North,SKU-DES-007,Classic Tiramisu Cup,Desserts,B,260,85,2,520,0.0,NONE,520.0,350.0,67.31,UPI (GooglePay/PhonePe),5,Loyal Customer,1496
TXN-IN-12597,2026-08-22,20,1,DEL-001,Delhi – Connaught Place Inner Circle,Delhi,North,SKU-BAKE-004,Butter Flaky Croissant,Artisanal Bakery,B,180,55,1,180,0.0,NONE,180.0,125.0,69.44,Debit Card,5,Loyal Customer,2075
TXN-IN-12598,2026-08-27,20,0,MUM-002,Mumbai – Lower Parel High Street,Mumbai,West,SKU-BAKE-004,Butter Flaky Croissant,Artisanal Bakery,B,180,55,1,180,0.0,NONE,180.0,125.0,69.44,Cash,5,Potential Loyalist,1066
TXN-IN-12599,2026-08-05,19,0,MUM-002,Mumbai – Lower Parel High Street,Mumbai,West,SKU-BAKE-004,Butter Flaky Croissant,Artisanal Bakery,B,180,55,3,540,0.0,NONE,540.0,375.0,69.44,Credit Card,3,Champion,906
TXN-IN-12600,2026-08-08,19,1,DEL-001,Delhi – Connaught Place Inner Circle,Delhi,North,SKU-BEV-001,Artisanal Cold Brew (350ml),Specialty Beverages,A,240,65,1,240,0.0,NONE,240.0,175.0,72.92,Cash,5,Loyal Customer,2132
